qwen36.c:171:18: missed: couldn't vectorize loop
qwen36.c:171:18: missed: not vectorized: control flow in loop.
qwen36.c:169:20: optimized: loop vectorized using 32 byte vectors
qwen36.c:168:20: optimized: loop vectorized using 32 byte vectors
qwen36.c:168:20: optimized: loop vectorized using 16 byte vectors
qwen36.c:167:19: optimized: loop vectorized using 32 byte vectors
qwen36.c:167:19: optimized: loop vectorized using 16 byte vectors
qwen36.c:164:13: note: vectorized 3 loops in function.
qwen36.c:165:38: missed: statement clobbers memory: __builtin_memset (&g_unmap, 255, 1024);
qwen36.c:166:46: missed: statement clobbers memory: __builtin_memset (&bs, 0, 1024);
qwen36.c:175:48: note: ***** Analysis succeeded with vector mode V8SI
qwen36.c:175:48: note: SLPing BB part
qwen36.c:167:35: note: Costing subgraph: 
qwen36.c:167:35: note: node 0x37d48f98 (max_nunits=2, refcnt=1) vector(2) int
qwen36.c:167:35: note: op template: bs[125] = 1;
qwen36.c:167:35: note: 	stmt 0 bs[125] = 1;
qwen36.c:167:35: note: 	stmt 1 bs[126] = 1;
qwen36.c:167:35: note: 	children 0x37d49018
qwen36.c:167:35: note: node (constant) 0x37d49018 (max_nunits=1, refcnt=1) vector(2) int
qwen36.c:167:35: note: 	{ 1, 1 }
qwen36.c:167:35: note: Cost model analysis: 
qwen36.c:167:35: note: Cost model analysis for part in loop 0:
  Vector cost: 24
  Scalar cost: 24
qwen36.c:169:36: note: Costing subgraph: 
qwen36.c:169:36: note: node 0x37d49098 (max_nunits=2, refcnt=1) vector(2) int
qwen36.c:169:36: note: op template: bs[254] = 1;
qwen36.c:169:36: note: 	stmt 0 bs[254] = 1;
qwen36.c:169:36: note: 	stmt 1 bs[255] = 1;
qwen36.c:169:36: note: 	children 0x37d49118
qwen36.c:169:36: note: node (constant) 0x37d49118 (max_nunits=1, refcnt=1) vector(2) int
qwen36.c:169:36: note: 	{ 1, 1 }
qwen36.c:169:36: note: Cost model analysis: 
qwen36.c:169:36: note: Cost model analysis for part in loop 0:
  Vector cost: 24
  Scalar cost: 24
qwen36.c:176:37: note: Costing subgraph: 
qwen36.c:176:37: note: node 0x37d49218 (max_nunits=2, refcnt=1) vector(2) char
qwen36.c:176:37: note: op template: byte_sym_utf8[b_91][0] = _14;
qwen36.c:176:37: note: 	stmt 0 byte_sym_utf8[b_91][0] = _14;
qwen36.c:176:37: note: 	stmt 1 byte_sym_utf8[b_91][1] = _19;
qwen36.c:176:37: note: 	children 0x37d49298
qwen36.c:176:37: note: node 0x37d49298 (max_nunits=2, refcnt=1) vector(2) char
qwen36.c:176:37: note: op template: _14 = (char) _13;
qwen36.c:176:37: note: 	stmt 0 _14 = (char) _13;
qwen36.c:176:37: note: 	stmt 1 _19 = (char) _18;
qwen36.c:176:37: note: 	children 0x37d49318
qwen36.c:176:37: note: node 0x37d49318 (max_nunits=2, refcnt=1) vector(2) unsigned char
qwen36.c:176:37: note: op template: _13 = _12 | 224;
qwen36.c:176:37: note: 	stmt 0 _13 = _12 | 224;
qwen36.c:176:37: note: 	stmt 1 _18 = _17 | 128;
qwen36.c:176:37: note: 	children 0x37d49418 0x37d49498
qwen36.c:176:37: note: node (external) 0x37d49418 (max_nunits=1, refcnt=1) vector(2) unsigned char
qwen36.c:176:37: note: 	{ _12, _17 }
qwen36.c:176:37: note: node (constant) 0x37d49498 (max_nunits=1, refcnt=1) vector(2) unsigned char
qwen36.c:176:37: note: 	{ 224, 128 }
qwen36.c:176:37: note: Cost model analysis: 
qwen36.c:176:37: note: Cost model analysis for part in loop 6:
  Vector cost: 36
  Scalar cost: 32
qwen36.c:176:37: missed: not vectorized: vectorization is not profitable.
qwen36.c:175:48: note: Costing subgraph: 
qwen36.c:175:48: note: node 0x37d49518 (max_nunits=2, refcnt=1) vector(2) char
qwen36.c:175:48: note: op template: byte_sym_utf8[b_91][0] = _6;
qwen36.c:175:48: note: 	stmt 0 byte_sym_utf8[b_91][0] = _6;
qwen36.c:175:48: note: 	stmt 1 byte_sym_utf8[b_91][1] = _10;
qwen36.c:175:48: note: 	children 0x37d49598
qwen36.c:175:48: note: node 0x37d49598 (max_nunits=2, refcnt=1) vector(2) char
qwen36.c:175:48: note: op template: _6 = (char) _5;
qwen36.c:175:48: note: 	stmt 0 _6 = (char) _5;
qwen36.c:175:48: note: 	stmt 1 _10 = (char) _9;
qwen36.c:175:48: note: 	children 0x37d49618
qwen36.c:175:48: note: node 0x37d49618 (max_nunits=2, refcnt=1) vector(2) unsigned char
qwen36.c:175:48: note: op template: _5 = _4 | 192;
qwen36.c:175:48: note: 	stmt 0 _5 = _4 | 192;
qwen36.c:175:48: note: 	stmt 1 _9 = _8 | 128;
qwen36.c:175:48: note: 	children 0x37d49718 0x37d49798
qwen36.c:175:48: note: node (external) 0x37d49718 (max_nunits=1, refcnt=1) vector(2) unsigned char
qwen36.c:175:48: note: 	{ _4, _8 }
qwen36.c:175:48: note: node (constant) 0x37d49798 (max_nunits=1, refcnt=1) vector(2) unsigned char
qwen36.c:175:48: note: 	{ 192, 128 }
qwen36.c:175:48: note: Cost model analysis: 
qwen36.c:175:48: note: Cost model analysis for part in loop 6:
  Vector cost: 36
  Scalar cost: 32
qwen36.c:175:48: missed: not vectorized: vectorization is not profitable.
qwen36.c:175:48: note: Basic block will be vectorized using SLP
qwen36.c:175:48: note: Vectorizing SLP tree:
qwen36.c:175:48: note: node 0x37d48f98 (max_nunits=2, refcnt=1) vector(2) int
qwen36.c:175:48: note: op template: bs[125] = 1;
qwen36.c:175:48: note: 	stmt 0 bs[125] = 1;
qwen36.c:175:48: note: 	stmt 1 bs[126] = 1;
qwen36.c:175:48: note: 	children 0x37d49018
qwen36.c:175:48: note: node (constant) 0x37d49018 (max_nunits=1, refcnt=1) vector(2) int
qwen36.c:175:48: note: 	{ 1, 1 }
qwen36.c:175:48: note: ------>vectorizing SLP node starting from: bs[125] = 1;
qwen36.c:175:48: note: vect_is_simple_use: operand 1, type of def: constant
qwen36.c:175:48: note: transform store. ncopies = 1
qwen36.c:175:48: note: create vector_type-pointer variable to type: vector(2) int  vectorizing a pointer ref: bs[125]
qwen36.c:175:48: note: created &bs[125]
qwen36.c:175:48: note: add new stmt: MEM <vector(2) int> [(int *)&bs + 500B] = { 1, 1 };
qwen36.c:175:48: note: vectorizing stmts using SLP.
qwen36.c:175:48: optimized: basic block part vectorized using 32 byte vectors
qwen36.c:175:48: note: Vectorizing SLP tree:
qwen36.c:175:48: note: node 0x37d49098 (max_nunits=2, refcnt=1) vector(2) int
qwen36.c:175:48: note: op template: bs[254] = 1;
qwen36.c:175:48: note: 	stmt 0 bs[254] = 1;
qwen36.c:175:48: note: 	stmt 1 bs[255] = 1;
qwen36.c:175:48: note: 	children 0x37d49118
qwen36.c:175:48: note: node (constant) 0x37d49118 (max_nunits=1, refcnt=1) vector(2) int
qwen36.c:175:48: note: 	{ 1, 1 }
qwen36.c:175:48: note: ------>vectorizing SLP node starting from: bs[254] = 1;
qwen36.c:175:48: note: vect_is_simple_use: operand 1, type of def: constant
qwen36.c:175:48: note: transform store. ncopies = 1
qwen36.c:175:48: note: create vector_type-pointer variable to type: vector(2) int  vectorizing a pointer ref: bs[254]
qwen36.c:175:48: note: created &bs[254]
qwen36.c:175:48: note: add new stmt: MEM <vector(2) int> [(int *)&bs + 1016B] = { 1, 1 };
qwen36.c:175:48: note: vectorizing stmts using SLP.
qwen36.c:175:48: optimized: basic block part vectorized using 32 byte vectors
qwen36.c:175:48: note: ***** The result for vector mode V32QI would be the same
qwen36.c:2635:19: note: ***** Analysis failed with vector mode V8SF
qwen36.c:2635:19: note: ***** Skipping vector mode V32QI, which would repeat the analysis for V8SF
json.h:186:27: missed: couldn't vectorize loop
json.h:186:27: missed: not vectorized: control flow in loop.
json.h:183:13: note: vectorized 0 loops in function.
json.h:193:9: missed: statement clobbers memory: free (_15);
json.h:187:13: missed: statement clobbers memory: json_free (_7);
json.h:188:32: missed: statement clobbers memory: free (_11);
json.h:190:9: missed: statement clobbers memory: free (_13);
json.h:191:9: missed: statement clobbers memory: free (_14);
json.h:195:5: missed: statement clobbers memory: free (v_21(D));
json.h:195:5: note: ***** Analysis failed with vector mode V8SI
json.h:195:5: note: ***** Skipping vector mode V32QI, which would repeat the analysis for V8SI
qwen36.c:1043:52: missed: statement clobbers memory: e_5 = getenv ("COLI_CUDA_SHARED_CPUORDER");
qwen36.c:1043:102: missed: statement clobbers memory: _1 = strcmp (e_5, "1");
qwen36.c:1043:98: note: ***** Analysis failed with vector mode VOID
qwen36.c:1041:52: missed: statement clobbers memory: e_5 = getenv ("COLI_CUDA_LMHEAD_CPUORDER");
qwen36.c:1041:102: missed: statement clobbers memory: _1 = strcmp (e_5, "1");
qwen36.c:1041:98: note: ***** Analysis failed with vector mode VOID
qwen36.c:1042:50: missed: statement clobbers memory: e_5 = getenv ("COLI_CUDA_ATTN_CPUORDER");
qwen36.c:1042:98: missed: statement clobbers memory: _1 = strcmp (e_5, "1");
qwen36.c:1042:94: note: ***** Analysis failed with vector mode VOID
qwen36.c:1040:48: missed: statement clobbers memory: e_5 = getenv ("COLI_CUDA_DN_CPUORDER");
qwen36.c:1040:94: missed: statement clobbers memory: _1 = strcmp (e_5, "1");
qwen36.c:1040:90: note: ***** Analysis failed with vector mode VOID
qwen36.c:1018:30: missed: couldn't vectorize loop
qwen36.c:1018:30: missed: not vectorized: loop nest containing two or more consecutive inner loops cannot be vectorized
qwen36.c:1022:27: missed: couldn't vectorize loop
qwen36.c:1022:52: missed: statement clobbers memory: _50 = lrintf (_48);
qwen36.c:1019:27: missed: couldn't vectorize loop
qwen36.c:1016:13: missed: not vectorized: unsupported use in stmt.
qwen36.c:1019:27: note: ***** Analysis failed with vector mode V8SF
qwen36.c:1019:27: note: ***** Skipping vector mode V32QI, which would repeat the analysis for V8SF
qwen36.c:1016:13: note: vectorized 0 loops in function.
qwen36.c:1022:52: missed: statement clobbers memory: _50 = lrintf (_48);
qwen36.c:1016:13: note: ***** Analysis failed with vector mode V8SI
qwen36.c:1016:13: note: ***** The result for vector mode V32QI would be the same
qwen36.c:1016:13: note: ***** Re-trying analysis with vector mode V16QI
qwen36.c:1016:13: note: ***** Analysis failed with vector mode V16QI
qwen36.c:1016:13: note: ***** Re-trying analysis with vector mode V8QI
qwen36.c:1016:13: note: ***** Analysis failed with vector mode V8QI
qwen36.c:1016:13: note: ***** Re-trying analysis with vector mode V4QI
qwen36.c:1016:13: note: ***** Analysis failed with vector mode V4QI
qwen36.c:2212:31: missed: couldn't vectorize loop
qwen36.c:2212:31: missed: not vectorized: loop nest containing two or more consecutive inner loops cannot be vectorized
qwen36.c:2234:33: missed: couldn't vectorize loop
qwen36.c:2236:69: missed: not vectorized: complicated access pattern.
qwen36.c:2236:37: optimized: loop vectorized using 32 byte vectors
qwen36.c:2236:37: optimized:  loop versioned for vectorization because of possible aliasing
qwen36.c:2236:37: optimized: loop vectorized using 16 byte vectors
qwen36.c:2226:33: missed: couldn't vectorize loop
qwen36.c:2228:53: missed: not vectorized: complicated access pattern.
qwen36.c:2228:37: optimized: loop vectorized using 32 byte vectors
qwen36.c:2228:37: optimized: loop vectorized using 16 byte vectors
qwen36.c:2224:33: optimized: loop vectorized using 32 byte vectors
qwen36.c:2224:33: optimized: loop vectorized using 16 byte vectors
qwen36.c:2219:33: missed: couldn't vectorize loop
qwen36.c:2221:70: missed: not vectorized: complicated access pattern.
qwen36.c:2221:37: optimized: loop vectorized using 32 byte vectors
qwen36.c:2221:37: optimized: loop vectorized using 16 byte vectors
qwen36.c:2220:31: missed: couldn't vectorize loop
qwen36.c:2220:23: missed: not vectorized: complicated access pattern.
qwen36.c:2221:37: optimized: loop vectorized using 32 byte vectors
qwen36.c:2221:37: optimized: loop vectorized using 16 byte vectors
qwen36.c:2214:31: optimized: loop vectorized using 32 byte vectors
qwen36.c:2214:31: optimized: loop vectorized using 16 byte vectors
qwen36.c:2209:17: note: vectorized 6 loops in function.
qwen36.c:2213:25: missed: statement clobbers memory: egh_62 = expf (_60);
qwen36.c:2218:55: missed: statement clobbers memory: __builtin_memset (&kvl, 0, _316);
qwen36.c:2233:54: missed: statement clobbers memory: __builtin_memset (ov_17, 0, _286);
qwen36.c:2209:17: note: ***** Analysis failed with vector mode V8SI
qwen36.c:2209:17: note: ***** The result for vector mode V32QI would be the same
qwen36.c:2209:17: note: ***** Re-trying analysis with vector mode V16QI
qwen36.c:2209:17: note: ***** Analysis failed with vector mode V16QI
qwen36.c:2209:17: note: ***** Re-trying analysis with vector mode V8QI
qwen36.c:2209:17: note: ***** Analysis failed with vector mode V8QI
qwen36.c:2209:17: note: ***** Re-trying analysis with vector mode V4QI
qwen36.c:2209:17: note: ***** Analysis failed with vector mode V4QI
qwen36.c:2245:37: missed: couldn't vectorize loop
qwen36.c:2245:37: missed: not vectorized: loop nest containing two or more consecutive inner loops cannot be vectorized
qwen36.c:2250:31: missed: couldn't vectorize loop
qwen36.c:2252:68: missed: statement clobbers memory: _58 = expf (_56);
qwen36.c:2248:46: missed: couldn't vectorize loop
qwen36.c:2248:74: missed: not vectorized: no vectype for stmt: _71 = *_70;
 scalar_type: const float
qwen36.c:2243:17: note: vectorized 0 loops in function.
qwen36.c:2249:29: missed: statement clobbers memory: _78 = sqrtf (_40);
qwen36.c:2252:68: missed: statement clobbers memory: _58 = expf (_56);
qwen36.c:2243:17: note: ***** Analysis failed with vector mode V8SI
qwen36.c:2243:17: note: ***** The result for vector mode V32QI would be the same
qwen36.c:2243:17: note: ***** Re-trying analysis with vector mode V16QI
qwen36.c:2243:17: note: ***** Analysis failed with vector mode V16QI
qwen36.c:2243:17: note: ***** Re-trying analysis with vector mode V8QI
qwen36.c:2243:17: note: ***** Analysis failed with vector mode V8QI
qwen36.c:2243:17: note: ***** Re-trying analysis with vector mode V4QI
qwen36.c:2243:17: note: ***** Analysis failed with vector mode V4QI
qwen36.c:758:30: missed: couldn't vectorize loop
qwen36.c:758:30: missed: not vectorized: multiple nested loops.
qwen36.c:759:27: missed: couldn't vectorize loop
qwen36.c:759:27: missed: not vectorized: control flow in loop.
qwen36.c:762:31: optimized: loop vectorized using 32 byte vectors
qwen36.c:762:31: optimized: loop vectorized using 16 byte vectors
qwen36.c:756:13: note: vectorized 1 loops in function.
qwen36.c:756:13: note: ***** Analysis failed with vector mode V8SI
qwen36.c:756:13: note: ***** The result for vector mode V32QI would be the same
qwen36.c:756:13: note: ***** Re-trying analysis with vector mode V16QI
qwen36.c:756:13: note: ***** Analysis failed with vector mode V16QI
qwen36.c:756:13: note: ***** Re-trying analysis with vector mode V8QI
qwen36.c:756:13: note: ***** Analysis failed with vector mode V8QI
qwen36.c:756:13: note: ***** Re-trying analysis with vector mode V4QI
qwen36.c:756:13: note: ***** Analysis failed with vector mode V4QI
qwen36.c:969:31: missed: couldn't vectorize loop
qwen36.c:969:31: missed: not vectorized: multiple nested loops.
qwen36.c:972:29: missed: couldn't vectorize loop
qwen36.c:972:29: missed: not vectorized: control flow in loop.
qwen36.c:975:34: missed: couldn't vectorize loop
qwen36.c:975:55: missed: not vectorized: no vectype for stmt: _56 = *_55;
 scalar_type: const float
qwen36.c:967:13: note: vectorized 0 loops in function.
qwen36.c:967:13: note: ***** Analysis failed with vector mode V8SI
qwen36.c:967:13: note: ***** The result for vector mode V32QI would be the same
qwen36.c:967:13: note: ***** Re-trying analysis with vector mode V16QI
qwen36.c:967:13: note: ***** Analysis failed with vector mode V16QI
qwen36.c:967:13: note: ***** Re-trying analysis with vector mode V8QI
qwen36.c:967:13: note: ***** Analysis failed with vector mode V8QI
qwen36.c:967:13: note: ***** Re-trying analysis with vector mode V4QI
qwen36.c:967:13: note: ***** Analysis failed with vector mode V4QI
qwen36.c:945:35: missed: couldn't vectorize loop
qwen36.c:945:35: missed: not vectorized: multiple nested loops.
qwen36.c:948:33: missed: couldn't vectorize loop
qwen36.c:948:33: missed: not vectorized: control flow in loop.
qwen36.c:951:43: missed: couldn't vectorize loop
/usr/lib/gcc/x86_64-linux-gnu/13/include/emmintrin.h:706:10: missed: not vectorized: no vectype for stmt: _87 = MEM[(const __m128i_u * {ref-all})_65];
 scalar_type: const __m128i_u
qwen36.c:943:17: note: vectorized 0 loops in function.
qwen36.c:943:17: note: ***** Analysis failed with vector mode V8SI
qwen36.c:943:17: note: ***** The result for vector mode V32QI would be the same
qwen36.c:943:17: note: ***** Re-trying analysis with vector mode V16QI
qwen36.c:943:17: note: ***** Analysis failed with vector mode V16QI
qwen36.c:943:17: note: ***** Re-trying analysis with vector mode V8QI
qwen36.c:943:17: note: ***** Analysis failed with vector mode V8QI
qwen36.c:943:17: note: ***** Re-trying analysis with vector mode V4QI
qwen36.c:943:17: note: ***** Analysis failed with vector mode V4QI
qwen36.c:817:31: missed: couldn't vectorize loop
qwen36.c:817:31: missed: not vectorized: loop nest containing two or more consecutive inner loops cannot be vectorized
qwen36.c:834:18: missed: couldn't vectorize loop
qwen36.c:834:36: missed: not vectorized: no vectype for stmt: _59 = *_58;
 scalar_type: const float
qwen36.c:821:23: missed: couldn't vectorize loop
/usr/lib/gcc/x86_64-linux-gnu/13/include/emmintrin.h:706:10: missed: not vectorized: no vectype for stmt: _109 = MEM[(const __m128i_u * {ref-all})_68];
 scalar_type: const __m128i_u
qwen36.c:815:13: note: vectorized 0 loops in function.
qwen36.c:835:14: note: ***** Analysis failed with vector mode V8SI
qwen36.c:835:14: note: ***** Skipping vector mode V32QI, which would repeat the analysis for V8SI
qwen36.c:870:31: missed: couldn't vectorize loop
qwen36.c:870:31: missed: not vectorized: loop nest containing two or more consecutive inner loops cannot be vectorized
qwen36.c:912:27: missed: couldn't vectorize loop
/usr/lib/gcc/x86_64-linux-gnu/13/include/emmintrin.h:706:10: missed: not vectorized: no vectype for stmt: _143 = MEM[(const __m128i_u * {ref-all})_80];
 scalar_type: const __m128i_u
qwen36.c:872:24: missed: couldn't vectorize loop
qwen36.c:872:24: missed: not vectorized: control flow in loop.
qwen36.c:880:27: missed: couldn't vectorize loop
/usr/lib/gcc/x86_64-linux-gnu/13/include/emmintrin.h:706:10: missed: not vectorized: no vectype for stmt: _233 = MEM[(const __m128i_u * {ref-all})_183];
 scalar_type: const __m128i_u
qwen36.c:868:13: note: vectorized 0 loops in function.
qwen36.c:924:35: note: ***** Analysis failed with vector mode V8SI
qwen36.c:924:35: note: ***** Skipping vector mode V32QI, which would repeat the analysis for V8SI
qwen36.c:712:49: missed: statement clobbers memory: clock_gettime (1, &ts);
qwen36.c:712:106: note: ***** Analysis failed with vector mode V4DI
qwen36.c:712:106: note: ***** Skipping vector mode V32QI, which would repeat the analysis for V4DI
qwen36.c:455:20: missed: couldn't vectorize loop
qwen36.c:455:20: missed: not vectorized: control flow in loop.
qwen36.c:459:27: missed: couldn't vectorize loop
qwen36.c:459:27: missed: not vectorized: control flow in loop.
qwen36.c:454:13: note: vectorized 0 loops in function.
/usr/include/x86_64-linux-gnu/bits/stdio.h:84:10: missed: statement clobbers memory: putc (_12, stdout.684_47);
/usr/include/x86_64-linux-gnu/bits/string_fortified.h:36:10: missed: statement clobbers memory: __builtin_memmove (buf_38(D), _16, _15);
qwen36.c:466:13: missed: statement clobbers memory: fwrite (buf_38(D), 1, prephitmp_71, stdout.683_19);
/usr/include/x86_64-linux-gnu/bits/string_fortified.h:36:10: missed: statement clobbers memory: __builtin_memmove (buf_38(D), _24, _23);
qwen36.c:471:1: note: ***** Analysis failed with vector mode V8SI
qwen36.c:471:1: note: ***** Skipping vector mode V32QI, which would repeat the analysis for V8SI
st.h:265:17: missed: couldn't vectorize loop
st.h:265:17: missed: not vectorized: control flow in loop.
st.h:261:13: note: vectorized 0 loops in function.
/usr/include/x86_64-linux-gnu/bits/unistd.h:38:10: missed: statement clobbers memory: iftmp.153_32 = __pread_alias (fd_21(D), _4, want.149_2, _1);
/usr/include/x86_64-linux-gnu/bits/stdio2.h:79:10: missed: statement clobbers memory: __fprintf_chk (stderr.152_10, 2, "%s: short read at EOF (off %lld, %lld/%lld bytes) \xe2\x80\x94 truncated file?\n", tag_23(D), off_20(D), got_34, n_17(D));
st.h:277:13: missed: statement clobbers memory: exit (1);
st.h:270:13: missed: statement clobbers memory: _8 = strerror (_29);
/usr/include/x86_64-linux-gnu/bits/stdio2.h:79:10: missed: statement clobbers memory: __fprintf_chk (stderr.151_9, 2, "%s: %s (off %lld, %lld/%lld bytes)\n", tag_23(D), _8, off_20(D), got_38, n_17(D));
st.h:272:13: missed: statement clobbers memory: exit (1);
st.h:281:1: note: ***** Analysis failed with vector mode V4DI
st.h:281:1: note: ***** Skipping vector mode V32QI, which would repeat the analysis for V4DI
qwen36.c:121:211: note: ***** Analysis failed with vector mode V8SI
qwen36.c:121:211: note: ***** The result for vector mode V32QI would be the same
qwen36.c:121:211: note: ***** Re-trying analysis with vector mode V16QI
qwen36.c:121:211: note: ***** Analysis failed with vector mode V16QI
qwen36.c:121:211: note: ***** Re-trying analysis with vector mode V8QI
qwen36.c:121:211: note: ***** Analysis failed with vector mode V8QI
qwen36.c:121:211: note: ***** Re-trying analysis with vector mode V4QI
qwen36.c:121:211: note: ***** Analysis failed with vector mode V4QI
qwen36.c:105:127: missed: couldn't vectorize loop
qwen36.c:105:127: missed: not vectorized: control flow in loop.
qwen36.c:103:69: missed: couldn't vectorize loop
qwen36.c:103:69: missed: not vectorized: number of iterations cannot be computed.
qwen36.c:105:13: note: vectorized 0 loops in function.
qwen36.c:105:132: missed: statement clobbers memory: _21 = strcmp (_19, k_20(D));
qwen36.c:105:180: note: ***** Analysis failed with vector mode V32QI
qwen36.c:105:180: note: ***** The result for vector mode V32QI would be the same
qwen36.c:105:180: note: ***** Re-trying analysis with vector mode V16QI
qwen36.c:105:180: note: ***** Analysis failed with vector mode V16QI
qwen36.c:105:180: note: ***** Re-trying analysis with vector mode V8QI
qwen36.c:105:180: note: ***** Analysis failed with vector mode V8QI
qwen36.c:105:180: note: ***** Re-trying analysis with vector mode V4QI
qwen36.c:105:180: note: ***** Analysis failed with vector mode V4QI
json.h:179:56: missed: couldn't vectorize loop
json.h:179:56: missed: not vectorized: control flow in loop.
json.h:177:14: note: vectorized 0 loops in function.
json.h:179:42: missed: statement clobbers memory: _9 = strcmp (_7, key_8(D));
json.h:179:86: note: ***** Analysis failed with vector mode V8SI
json.h:179:86: note: ***** Skipping vector mode V32QI, which would repeat the analysis for V8SI
qwen36.c:982:13: missed: statement clobbers memory: __builtin_GOMP_parallel (matmul_q._omp_fn.0, &.omp_data_o.590, _51, 0);
qwen36.c:982:13: missed: statement clobbers memory: __builtin_GOMP_parallel (matmul_q_gs._omp_fn.1, &.omp_data_o.583, _51, 0);
qwen36.c:982:13: missed: statement clobbers memory: __builtin_GOMP_parallel (matmul_q_gs._omp_fn.0, &.omp_data_o.581, _51, 0);
qwen36.c:943:17: note: ***** Analysis succeeded with vector mode V8SI
qwen36.c:943:17: note: SLPing BB part
qwen36.c:815:13: note: Costing subgraph: 
qwen36.c:815:13: note: node 0x3b00a8f8 (max_nunits=2, refcnt=1) vector(2) int
qwen36.c:815:13: note: op template: .omp_data_o.590.I = I_8(D);
qwen36.c:815:13: note: 	stmt 0 .omp_data_o.590.I = I_8(D);
qwen36.c:815:13: note: 	stmt 1 .omp_data_o.590.O = O_9(D);
qwen36.c:815:13: note: 	children 0x3b00a978
qwen36.c:815:13: note: node (external) 0x3b00a978 (max_nunits=1, refcnt=1) vector(2) int
qwen36.c:815:13: note: 	{ I_8(D), O_9(D) }
qwen36.c:815:13: note: Cost model analysis: 
qwen36.c:815:13: note: Cost model analysis for part in loop 0:
  Vector cost: 20
  Scalar cost: 24
qwen36.c:815:13: note: Costing subgraph: 
qwen36.c:815:13: note: node 0x3b00a9f8 (max_nunits=4, refcnt=1) vector(4) long unsigned int
qwen36.c:815:13: note: op template: .omp_data_o.590.y = y_4(D);
qwen36.c:815:13: note: 	stmt 0 .omp_data_o.590.y = y_4(D);
qwen36.c:815:13: note: 	stmt 1 .omp_data_o.590.x = x_5(D);
qwen36.c:815:13: note: 	stmt 2 .omp_data_o.590.q = q_6(D);
qwen36.c:815:13: note: 	stmt 3 .omp_data_o.590.scale = scale_7(D);
qwen36.c:815:13: note: 	children 0x3b00aa78
qwen36.c:815:13: note: node (external) 0x3b00aa78 (max_nunits=1, refcnt=1) vector(4) long unsigned int
qwen36.c:815:13: note: 	{ y_4(D), x_5(D), q_6(D), scale_7(D) }
qwen36.c:815:13: note: Cost model analysis: 
qwen36.c:815:13: note: Cost model analysis for part in loop 0:
  Vector cost: 40
  Scalar cost: 48
qwen36.c:967:13: note: Costing subgraph: 
qwen36.c:967:13: note: node 0x3b00aaf8 (max_nunits=4, refcnt=1) vector(4) int
qwen36.c:967:13: note: op template: .omp_data_o.583.I = I_8(D);
qwen36.c:967:13: note: 	stmt 0 .omp_data_o.583.I = I_8(D);
qwen36.c:967:13: note: 	stmt 1 .omp_data_o.583.O = O_9(D);
qwen36.c:967:13: note: 	stmt 2 .omp_data_o.583.gs = g_expert_gs.576_1;
qwen36.c:967:13: note: 	stmt 3 .omp_data_o.583.ng = ng_14;
qwen36.c:967:13: note: 	children 0x3b00ab78
qwen36.c:967:13: note: node (external) 0x3b00ab78 (max_nunits=1, refcnt=1) vector(4) int
qwen36.c:967:13: note: 	{ I_8(D), O_9(D), g_expert_gs.576_1, ng_14 }
qwen36.c:967:13: note: Cost model analysis: 
qwen36.c:967:13: note: Cost model analysis for part in loop 0:
  Vector cost: 30
  Scalar cost: 48
qwen36.c:967:13: note: Costing subgraph: 
qwen36.c:967:13: note: node 0x3b00abf8 (max_nunits=4, refcnt=1) vector(4) long unsigned int
qwen36.c:967:13: note: op template: .omp_data_o.583.y = y_4(D);
qwen36.c:967:13: note: 	stmt 0 .omp_data_o.583.y = y_4(D);
qwen36.c:967:13: note: 	stmt 1 .omp_data_o.583.x = x_5(D);
qwen36.c:967:13: note: 	stmt 2 .omp_data_o.583.q = q_6(D);
qwen36.c:967:13: note: 	stmt 3 .omp_data_o.583.scale = scale_7(D);
qwen36.c:967:13: note: 	children 0x3b00ac78
qwen36.c:967:13: note: node (external) 0x3b00ac78 (max_nunits=1, refcnt=1) vector(4) long unsigned int
qwen36.c:967:13: note: 	{ y_4(D), x_5(D), q_6(D), scale_7(D) }
qwen36.c:967:13: note: Cost model analysis: 
qwen36.c:967:13: note: Cost model analysis for part in loop 0:
  Vector cost: 40
  Scalar cost: 48
qwen36.c:943:17: note: Costing subgraph: 
qwen36.c:943:17: note: node 0x3b00acf8 (max_nunits=4, refcnt=1) vector(4) int
qwen36.c:943:17: note: op template: .omp_data_o.581.I = I_8(D);
qwen36.c:943:17: note: 	stmt 0 .omp_data_o.581.I = I_8(D);
qwen36.c:943:17: note: 	stmt 1 .omp_data_o.581.O = O_9(D);
qwen36.c:943:17: note: 	stmt 2 .omp_data_o.581.gs = g_expert_gs.576_1;
qwen36.c:943:17: note: 	stmt 3 .omp_data_o.581.ng = ng_14;
qwen36.c:943:17: note: 	children 0x3b00ad78
qwen36.c:943:17: note: node (external) 0x3b00ad78 (max_nunits=1, refcnt=1) vector(4) int
qwen36.c:943:17: note: 	{ I_8(D), O_9(D), g_expert_gs.576_1, ng_14 }
qwen36.c:943:17: note: Cost model analysis: 
qwen36.c:943:17: note: Cost model analysis for part in loop 0:
  Vector cost: 30
  Scalar cost: 48
qwen36.c:943:17: note: Costing subgraph: 
qwen36.c:943:17: note: node 0x3b00adf8 (max_nunits=4, refcnt=1) vector(4) long unsigned int
qwen36.c:943:17: note: op template: .omp_data_o.581.y = y_4(D);
qwen36.c:943:17: note: 	stmt 0 .omp_data_o.581.y = y_4(D);
qwen36.c:943:17: note: 	stmt 1 .omp_data_o.581.x = x_5(D);
qwen36.c:943:17: note: 	stmt 2 .omp_data_o.581.q = q_6(D);
qwen36.c:943:17: note: 	stmt 3 .omp_data_o.581.scale = scale_7(D);
qwen36.c:943:17: note: 	children 0x3b00ae78
qwen36.c:943:17: note: node (external) 0x3b00ae78 (max_nunits=1, refcnt=1) vector(4) long unsigned int
qwen36.c:943:17: note: 	{ y_4(D), x_5(D), q_6(D), scale_7(D) }
qwen36.c:943:17: note: Cost model analysis: 
qwen36.c:943:17: note: Cost model analysis for part in loop 0:
  Vector cost: 40
  Scalar cost: 48
qwen36.c:943:17: note: Basic block will be vectorized using SLP
qwen36.c:943:17: note: Vectorizing SLP tree:
qwen36.c:943:17: note: node 0x3b00a8f8 (max_nunits=2, refcnt=1) vector(2) int
qwen36.c:943:17: note: op template: .omp_data_o.590.I = I_8(D);
qwen36.c:943:17: note: 	stmt 0 .omp_data_o.590.I = I_8(D);
qwen36.c:943:17: note: 	stmt 1 .omp_data_o.590.O = O_9(D);
qwen36.c:943:17: note: 	children 0x3b00a978
qwen36.c:943:17: note: node (external) 0x3b00a978 (max_nunits=1, refcnt=1) vector(2) int
qwen36.c:943:17: note: 	{ I_8(D), O_9(D) }
qwen36.c:943:17: note: ------>vectorizing SLP node starting from: .omp_data_o.590.I = I_8(D);
qwen36.c:943:17: note: vect_is_simple_use: operand O_9(D), type of def: external
qwen36.c:943:17: note: transform store. ncopies = 1
qwen36.c:943:17: note: create vector_type-pointer variable to type: vector(2) int  vectorizing a pointer ref: .omp_data_o.590.I
qwen36.c:943:17: note: created &.omp_data_o.590.I
qwen36.c:943:17: note: add new stmt: MEM <vector(2) int> [(int *)&.omp_data_o.590 + 32B] = _21;
qwen36.c:943:17: note: vectorizing stmts using SLP.
qwen36.c:943:17: optimized: basic block part vectorized using 32 byte vectors
qwen36.c:943:17: note: Vectorizing SLP tree:
qwen36.c:943:17: note: node 0x3b00a9f8 (max_nunits=4, refcnt=1) vector(4) long unsigned int
qwen36.c:943:17: note: op template: .omp_data_o.590.y = y_4(D);
qwen36.c:943:17: note: 	stmt 0 .omp_data_o.590.y = y_4(D);
qwen36.c:943:17: note: 	stmt 1 .omp_data_o.590.x = x_5(D);
qwen36.c:943:17: note: 	stmt 2 .omp_data_o.590.q = q_6(D);
qwen36.c:943:17: note: 	stmt 3 .omp_data_o.590.scale = scale_7(D);
qwen36.c:943:17: note: 	children 0x3b00aa78
qwen36.c:943:17: note: node (external) 0x3b00aa78 (max_nunits=1, refcnt=1) vector(4) long unsigned int
qwen36.c:943:17: note: 	{ y_4(D), x_5(D), q_6(D), scale_7(D) }
qwen36.c:943:17: note: ------>vectorizing SLP node starting from: .omp_data_o.590.y = y_4(D);
qwen36.c:943:17: note: vect_is_simple_use: operand x_5(D), type of def: external
qwen36.c:943:17: note: vect_is_simple_use: operand q_6(D), type of def: external
qwen36.c:943:17: note: vect_is_simple_use: operand scale_7(D), type of def: external
qwen36.c:943:17: note: conflicting alias set types.
qwen36.c:943:17: note: transform store. ncopies = 1
qwen36.c:943:17: note: create vector_type-pointer variable to type: vector(4) long unsigned int  vectorizing a pointer ref: .omp_data_o.590.y
qwen36.c:943:17: note: created &.omp_data_o.590
qwen36.c:943:17: note: add new stmt: MEM <vector(4) long unsigned int> [(void *)&.omp_data_o.590] = _17;
qwen36.c:943:17: note: vectorizing stmts using SLP.
qwen36.c:943:17: optimized: basic block part vectorized using 32 byte vectors
qwen36.c:943:17: note: Vectorizing SLP tree:
qwen36.c:943:17: note: node 0x3b00aaf8 (max_nunits=4, refcnt=1) vector(4) int
qwen36.c:943:17: note: op template: .omp_data_o.583.I = I_8(D);
qwen36.c:943:17: note: 	stmt 0 .omp_data_o.583.I = I_8(D);
qwen36.c:943:17: note: 	stmt 1 .omp_data_o.583.O = O_9(D);
qwen36.c:943:17: note: 	stmt 2 .omp_data_o.583.gs = g_expert_gs.576_1;
qwen36.c:943:17: note: 	stmt 3 .omp_data_o.583.ng = ng_14;
qwen36.c:943:17: note: 	children 0x3b00ab78
qwen36.c:943:17: note: node (external) 0x3b00ab78 (max_nunits=1, refcnt=1) vector(4) int
qwen36.c:943:17: note: 	{ I_8(D), O_9(D), g_expert_gs.576_1, ng_14 }
qwen36.c:943:17: note: ------>vectorizing SLP node starting from: .omp_data_o.583.I = I_8(D);
qwen36.c:943:17: note: vect_is_simple_use: operand O_9(D), type of def: external
qwen36.c:943:17: note: vect_is_simple_use: operand g_expert_gs, type of def: internal
qwen36.c:943:17: note: vect_is_simple_use: operand _13 / g_expert_gs.576_1, type of def: internal
qwen36.c:943:17: note: transform store. ncopies = 1
qwen36.c:943:17: note: create vector_type-pointer variable to type: vector(4) int  vectorizing a pointer ref: .omp_data_o.583.I
qwen36.c:943:17: note: created &.omp_data_o.583.I
qwen36.c:943:17: note: add new stmt: MEM <vector(4) int> [(int *)&.omp_data_o.583 + 32B] = _53;
qwen36.c:943:17: note: vectorizing stmts using SLP.
qwen36.c:943:17: optimized: basic block part vectorized using 32 byte vectors
qwen36.c:943:17: note: Vectorizing SLP tree:
qwen36.c:943:17: note: node 0x3b00abf8 (max_nunits=4, refcnt=1) vector(4) long unsigned int
qwen36.c:943:17: note: op template: .omp_data_o.583.y = y_4(D);
qwen36.c:943:17: note: 	stmt 0 .omp_data_o.583.y = y_4(D);
qwen36.c:943:17: note: 	stmt 1 .omp_data_o.583.x = x_5(D);
qwen36.c:943:17: note: 	stmt 2 .omp_data_o.583.q = q_6(D);
qwen36.c:943:17: note: 	stmt 3 .omp_data_o.583.scale = scale_7(D);
qwen36.c:943:17: note: 	children 0x3b00ac78
qwen36.c:943:17: note: node (external) 0x3b00ac78 (max_nunits=1, refcnt=1) vector(4) long unsigned int
qwen36.c:943:17: note: 	{ y_4(D), x_5(D), q_6(D), scale_7(D) }
qwen36.c:943:17: note: ------>vectorizing SLP node starting from: .omp_data_o.583.y = y_4(D);
qwen36.c:943:17: note: vect_is_simple_use: operand x_5(D), type of def: external
qwen36.c:943:17: note: vect_is_simple_use: operand q_6(D), type of def: external
qwen36.c:943:17: note: vect_is_simple_use: operand scale_7(D), type of def: external
qwen36.c:943:17: note: conflicting alias set types.
qwen36.c:943:17: note: transform store. ncopies = 1
qwen36.c:943:17: note: create vector_type-pointer variable to type: vector(4) long unsigned int  vectorizing a pointer ref: .omp_data_o.583.y
qwen36.c:943:17: note: created &.omp_data_o.583
qwen36.c:943:17: note: add new stmt: MEM <vector(4) long unsigned int> [(void *)&.omp_data_o.583] = _59;
qwen36.c:943:17: note: vectorizing stmts using SLP.
qwen36.c:943:17: optimized: basic block part vectorized using 32 byte vectors
qwen36.c:943:17: note: Vectorizing SLP tree:
qwen36.c:943:17: note: node 0x3b00acf8 (max_nunits=4, refcnt=1) vector(4) int
qwen36.c:943:17: note: op template: .omp_data_o.581.I = I_8(D);
qwen36.c:943:17: note: 	stmt 0 .omp_data_o.581.I = I_8(D);
qwen36.c:943:17: note: 	stmt 1 .omp_data_o.581.O = O_9(D);
qwen36.c:943:17: note: 	stmt 2 .omp_data_o.581.gs = g_expert_gs.576_1;
qwen36.c:943:17: note: 	stmt 3 .omp_data_o.581.ng = ng_14;
qwen36.c:943:17: note: 	children 0x3b00ad78
qwen36.c:943:17: note: node (external) 0x3b00ad78 (max_nunits=1, refcnt=1) vector(4) int
qwen36.c:943:17: note: 	{ I_8(D), O_9(D), g_expert_gs.576_1, ng_14 }
qwen36.c:943:17: note: ------>vectorizing SLP node starting from: .omp_data_o.581.I = I_8(D);
qwen36.c:943:17: note: vect_is_simple_use: operand O_9(D), type of def: external
qwen36.c:943:17: note: vect_is_simple_use: operand g_expert_gs, type of def: internal
qwen36.c:943:17: note: vect_is_simple_use: operand _13 / g_expert_gs.576_1, type of def: internal
qwen36.c:943:17: note: transform store. ncopies = 1
qwen36.c:943:17: note: create vector_type-pointer variable to type: vector(4) int  vectorizing a pointer ref: .omp_data_o.581.I
qwen36.c:943:17: note: created &.omp_data_o.581.I
qwen36.c:943:17: note: add new stmt: MEM <vector(4) int> [(int *)&.omp_data_o.581 + 32B] = _61;
qwen36.c:943:17: note: vectorizing stmts using SLP.
qwen36.c:943:17: optimized: basic block part vectorized using 32 byte vectors
qwen36.c:943:17: note: Vectorizing SLP tree:
qwen36.c:943:17: note: node 0x3b00adf8 (max_nunits=4, refcnt=1) vector(4) long unsigned int
qwen36.c:943:17: note: op template: .omp_data_o.581.y = y_4(D);
qwen36.c:943:17: note: 	stmt 0 .omp_data_o.581.y = y_4(D);
qwen36.c:943:17: note: 	stmt 1 .omp_data_o.581.x = x_5(D);
qwen36.c:943:17: note: 	stmt 2 .omp_data_o.581.q = q_6(D);
qwen36.c:943:17: note: 	stmt 3 .omp_data_o.581.scale = scale_7(D);
qwen36.c:943:17: note: 	children 0x3b00ae78
qwen36.c:943:17: note: node (external) 0x3b00ae78 (max_nunits=1, refcnt=1) vector(4) long unsigned int
qwen36.c:943:17: note: 	{ y_4(D), x_5(D), q_6(D), scale_7(D) }
qwen36.c:943:17: note: ------>vectorizing SLP node starting from: .omp_data_o.581.y = y_4(D);
qwen36.c:943:17: note: vect_is_simple_use: operand x_5(D), type of def: external
qwen36.c:943:17: note: vect_is_simple_use: operand q_6(D), type of def: external
qwen36.c:943:17: note: vect_is_simple_use: operand scale_7(D), type of def: external
qwen36.c:943:17: note: conflicting alias set types.
qwen36.c:943:17: note: transform store. ncopies = 1
qwen36.c:943:17: note: create vector_type-pointer variable to type: vector(4) long unsigned int  vectorizing a pointer ref: .omp_data_o.581.y
qwen36.c:943:17: note: created &.omp_data_o.581
qwen36.c:943:17: note: add new stmt: MEM <vector(4) long unsigned int> [(void *)&.omp_data_o.581] = _67;
qwen36.c:943:17: note: vectorizing stmts using SLP.
qwen36.c:943:17: optimized: basic block part vectorized using 32 byte vectors
qwen36.c:943:17: note: ***** The result for vector mode V32QI would be the same
/usr/include/x86_64-linux-gnu/bits/stdio2.h:54:10: missed: statement clobbers memory: _26 = __builtin_snprintf (&hdr, 8, "data: ");
qwen36.c:399:9: missed: statement clobbers memory: fwrite (&hdr, 1, _10, stdout.637_9);
qwen36.c:400:33: missed: statement clobbers memory: _12 = strlen (json_18(D));
qwen36.c:400:9: missed: statement clobbers memory: fwrite (json_18(D), 1, _12, stdout.638_11);
qwen36.c:401:9: missed: statement clobbers memory: fwrite ("\n\n", 1, 2, stdout.639_13);
qwen36.c:402:9: missed: statement clobbers memory: fflush (stdout.640_14);
qwen36.c:404:1: note: ***** Analysis failed with vector mode V4DI
qwen36.c:404:1: note: ***** Skipping vector mode V32QI, which would repeat the analysis for V4DI
qwen36.c:1138:15: missed: statement clobbers memory: _8 = json_get.part.0 (r_3(D), k_4(D));
/usr/include/x86_64-linux-gnu/bits/stdio2.h:79:10: missed: statement clobbers memory: __fprintf_chk (stderr.285_9, 2, "config.json: missing or non-numeric \"%s\"\n", k_4(D));
qwen36.c:1140:92: missed: statement clobbers memory: exit (1);
qwen36.c:1140:92: note: ***** Analysis failed with vector mode V8SI
qwen36.c:1140:92: note: ***** Skipping vector mode V32QI, which would repeat the analysis for V8SI
/usr/include/x86_64-linux-gnu/bits/stdio2.h:79:10: missed: statement clobbers memory: __fprintf_chk (stderr.148_1, 2, "missing tensor: %s\n", name_2(D));
st.h:923:62: missed: statement clobbers memory: exit (1);
st.h:923:62: note: ***** Analysis failed with vector mode V4DI
st.h:923:62: note: ***** Skipping vector mode V32QI, which would repeat the analysis for V4DI
qwen36.c:1059:18: missed: couldn't vectorize loop
qwen36.c:1059:18: missed: not vectorized: number of iterations cannot be computed.
qwen36.c:1057:13: note: vectorized 0 loops in function.
qwen36.c:1060:9: missed: statement clobbers memory: p40_qwen_dn_tensor_free (_2);
qwen36.c:1063:5: missed: statement clobbers memory: p40_qwen_dn_shutdown ();
qwen36.c:1065:30: note: ***** Analysis failed with vector mode V8SI
qwen36.c:1065:30: note: ***** Skipping vector mode V32QI, which would repeat the analysis for V8SI
/usr/include/x86_64-linux-gnu/bits/stdio2.h:79:10: missed: statement clobbers memory: __builtin_fwrite ("Error: Failed to create pilot prefetch worker thread\n", 1, 53, stderr.600_1);
qwen36.c:694:13: missed: statement clobbers memory: exit (1);
qwen36.c:694:13: note: ***** Analysis failed with vector mode V4DI
qwen36.c:694:13: note: ***** Skipping vector mode V32QI, which would repeat the analysis for V4DI
qwen36.c:2578:23: missed: couldn't vectorize loop
qwen36.c:2578:23: missed: not vectorized: number of iterations cannot be computed.
qwen36.c:2574:13: note: vectorized 0 loops in function.
qwen36.c:2574:13: missed: statement clobbers memory: _4 = json_get.part.0 (o_1(D), key_3(D));
qwen36.c:2577:14: missed: statement clobbers memory: r_9 = malloc (_8);
/usr/include/x86_64-linux-gnu/bits/stdio2.h:79:10: missed: statement clobbers memory: __fprintf_chk (stderr.238_30, 2, "ref.json: missing array \"%s\"\n", key_3(D));
qwen36.c:2576:90: missed: statement clobbers memory: exit (1);
qwen36.c:2576:90: note: ***** Analysis failed with vector mode V8SI
qwen36.c:2576:90: note: ***** Skipping vector mode V32QI, which would repeat the analysis for V8SI
qwen36.c:2472:23: missed: couldn't vectorize loop
qwen36.c:2472:23: missed: not vectorized: control flow in loop.
qwen36.c:2470:13: note: vectorized 0 loops in function.
/usr/include/x86_64-linux-gnu/bits/string_fortified.h:59:10: missed: statement clobbers memory: __builtin_memset (_9, 0, _18);
/usr/include/x86_64-linux-gnu/bits/string_fortified.h:59:10: missed: statement clobbers memory: __builtin_memset (_22, 0, _29);
qwen36.c:2477:1: note: ***** Analysis failed with vector mode V8SI
qwen36.c:2477:1: note: ***** Skipping vector mode V32QI, which would repeat the analysis for V8SI
qwen36.c:1637:23: missed: couldn't vectorize loop
qwen36.c:1637:23: missed: not vectorized: loop nest containing two or more consecutive inner loops cannot be vectorized
qwen36.c:1639:31: missed: couldn't vectorize loop
qwen36.c:1640:21: missed: not vectorized: not suitable for gather load b_21 = *_20;
qwen36.c:1643:20: note: ***** Analysis succeeded with vector mode V32QI
qwen36.c:1643:20: note: SLPing BB part
qwen36.c:1643:20: note: Costing subgraph: 
qwen36.c:1643:20: note: node 0x3adba4f8 (max_nunits=2, refcnt=1) vector(2) signed char
qwen36.c:1643:20: note: op template: *_34 = lo_26;
qwen36.c:1643:20: note: 	stmt 0 *_34 = lo_26;
qwen36.c:1643:20: note: 	stmt 1 *_36 = hi_31;
qwen36.c:1643:20: note: 	children 0x3adba578
qwen36.c:1643:20: note: node 0x3adba578 (max_nunits=2, refcnt=1) vector(2) signed char
qwen36.c:1643:20: note: op template: lo_26 = (int8_t) _25;
qwen36.c:1643:20: note: 	stmt 0 lo_26 = (int8_t) _25;
qwen36.c:1643:20: note: 	stmt 1 hi_31 = (int8_t) _30;
qwen36.c:1643:20: note: 	children 0x3adba5f8
qwen36.c:1643:20: note: node 0x3adba5f8 (max_nunits=2, refcnt=1) vector(2) unsigned char
qwen36.c:1643:20: note: op template: _25 = _68 ? _24 : _22;
qwen36.c:1643:20: note: 	stmt 0 _25 = _68 ? _24 : _22;
qwen36.c:1643:20: note: 	stmt 1 _30 = _86 ? _29 : _27;
qwen36.c:1643:20: note: 	children 0x3adba678 0x3adba978 0x3adbab78
qwen36.c:1643:20: note: node 0x3adba678 (max_nunits=2, refcnt=1) vector(2) <signed-boolean:8>
qwen36.c:1643:20: note: op template: _68 = _23 != 0;
qwen36.c:1643:20: note: 	stmt 0 _68 = _23 != 0;
qwen36.c:1643:20: note: 	stmt 1 _86 = _28 != 0;
qwen36.c:1643:20: note: 	children 0x3adba6f8 0x3adba778
qwen36.c:1643:20: note: node (constant) 0x3adba6f8 (max_nunits=1, refcnt=1) vector(2) unsigned char
qwen36.c:1643:20: note: 	{ 0, 0 }
qwen36.c:1643:20: note: node 0x3adba778 (max_nunits=2, refcnt=1) vector(2) unsigned char
qwen36.c:1643:20: note: op template: _23 = b_21 & 8;
qwen36.c:1643:20: note: 	stmt 0 _23 = b_21 & 8;
qwen36.c:1643:20: note: 	stmt 1 _28 = _27 & 8;
qwen36.c:1643:20: note: 	children 0x3adba878 0x3adba8f8
qwen36.c:1643:20: note: node (external) 0x3adba878 (max_nunits=1, refcnt=1) vector(2) unsigned char
qwen36.c:1643:20: note: 	{ b_21, _27 }
qwen36.c:1643:20: note: node (constant) 0x3adba8f8 (max_nunits=1, refcnt=1) vector(2) unsigned char
qwen36.c:1643:20: note: 	{ 8, 8 }
qwen36.c:1643:20: note: node 0x3adba978 (max_nunits=2, refcnt=1) vector(2) unsigned char
qwen36.c:1643:20: note: op template: _24 = _22 + 240;
qwen36.c:1643:20: note: 	stmt 0 _24 = _22 + 240;
qwen36.c:1643:20: note: 	stmt 1 _29 = _27 + 240;
qwen36.c:1643:20: note: 	children 0x3adbaa78 0x3adbaaf8
qwen36.c:1643:20: note: node (external) 0x3adbaa78 (max_nunits=1, refcnt=1) vector(2) unsigned char
qwen36.c:1643:20: note: 	{ _22, _27 }
qwen36.c:1643:20: note: node (constant) 0x3adbaaf8 (max_nunits=1, refcnt=1) vector(2) unsigned char
qwen36.c:1643:20: note: 	{ 240, 240 }
qwen36.c:1643:20: note: node (external) 0x3adbab78 (max_nunits=1, refcnt=1) vector(2) unsigned char
qwen36.c:1643:20: note: 	{ _22, _27 }
qwen36.c:1643:20: note: Cost model analysis: 
qwen36.c:1643:20: note: Cost model analysis for part in loop 2:
  Vector cost: 86
  Scalar cost: 56
qwen36.c:1643:20: missed: not vectorized: vectorization is not profitable.
qwen36.c:1643:20: note: ***** The result for vector mode V32QI would be the same
qwen36.c:1643:20: note: ***** Re-trying analysis with vector mode V16QI
qwen36.c:1643:20: note: ***** Analysis succeeded with vector mode V16QI
qwen36.c:1643:20: note: SLPing BB part
qwen36.c:1643:20: note: Costing subgraph: 
qwen36.c:1643:20: note: node 0x3adba4f8 (max_nunits=2, refcnt=1) vector(2) signed char
qwen36.c:1643:20: note: op template: *_34 = lo_26;
qwen36.c:1643:20: note: 	stmt 0 *_34 = lo_26;
qwen36.c:1643:20: note: 	stmt 1 *_36 = hi_31;
qwen36.c:1643:20: note: 	children 0x3adba578
qwen36.c:1643:20: note: node 0x3adba578 (max_nunits=2, refcnt=1) vector(2) signed char
qwen36.c:1643:20: note: op template: lo_26 = (int8_t) _25;
qwen36.c:1643:20: note: 	stmt 0 lo_26 = (int8_t) _25;
qwen36.c:1643:20: note: 	stmt 1 hi_31 = (int8_t) _30;
qwen36.c:1643:20: note: 	children 0x3adba5f8
qwen36.c:1643:20: note: node 0x3adba5f8 (max_nunits=2, refcnt=1) vector(2) unsigned char
qwen36.c:1643:20: note: op template: _25 = _68 ? _24 : _22;
qwen36.c:1643:20: note: 	stmt 0 _25 = _68 ? _24 : _22;
qwen36.c:1643:20: note: 	stmt 1 _30 = _86 ? _29 : _27;
qwen36.c:1643:20: note: 	children 0x3adbab78 0x3adba8f8 0x3adba9f8
qwen36.c:1643:20: note: node 0x3adbab78 (max_nunits=2, refcnt=1) vector(2) <signed-boolean:8>
qwen36.c:1643:20: note: op template: _68 = _23 != 0;
qwen36.c:1643:20: note: 	stmt 0 _68 = _23 != 0;
qwen36.c:1643:20: note: 	stmt 1 _86 = _28 != 0;
qwen36.c:1643:20: note: 	children 0x3adba978 0x3adbaaf8
qwen36.c:1643:20: note: node (constant) 0x3adba978 (max_nunits=1, refcnt=1) vector(2) unsigned char
qwen36.c:1643:20: note: 	{ 0, 0 }
qwen36.c:1643:20: note: node 0x3adbaaf8 (max_nunits=2, refcnt=1) vector(2) unsigned char
qwen36.c:1643:20: note: op template: _23 = b_21 & 8;
qwen36.c:1643:20: note: 	stmt 0 _23 = b_21 & 8;
qwen36.c:1643:20: note: 	stmt 1 _28 = _27 & 8;
qwen36.c:1643:20: note: 	children 0x3adba678 0x3adba778
qwen36.c:1643:20: note: node (external) 0x3adba678 (max_nunits=1, refcnt=1) vector(2) unsigned char
qwen36.c:1643:20: note: 	{ b_21, _27 }
qwen36.c:1643:20: note: node (constant) 0x3adba778 (max_nunits=1, refcnt=1) vector(2) unsigned char
qwen36.c:1643:20: note: 	{ 8, 8 }
qwen36.c:1643:20: note: node 0x3adba8f8 (max_nunits=2, refcnt=1) vector(2) unsigned char
qwen36.c:1643:20: note: op template: _24 = _22 + 240;
qwen36.c:1643:20: note: 	stmt 0 _24 = _22 + 240;
qwen36.c:1643:20: note: 	stmt 1 _29 = _27 + 240;
qwen36.c:1643:20: note: 	children 0x3adba6f8 0x3adba7f8
qwen36.c:1643:20: note: node (external) 0x3adba6f8 (max_nunits=1, refcnt=1) vector(2) unsigned char
qwen36.c:1643:20: note: 	{ _22, _27 }
qwen36.c:1643:20: note: node (constant) 0x3adba7f8 (max_nunits=1, refcnt=1) vector(2) unsigned char
qwen36.c:1643:20: note: 	{ 240, 240 }
qwen36.c:1643:20: note: node (external) 0x3adba9f8 (max_nunits=1, refcnt=1) vector(2) unsigned char
qwen36.c:1643:20: note: 	{ _22, _27 }
qwen36.c:1643:20: note: Cost model analysis: 
qwen36.c:1643:20: note: Cost model analysis for part in loop 2:
  Vector cost: 86
  Scalar cost: 56
qwen36.c:1643:20: missed: not vectorized: vectorization is not profitable.
qwen36.c:1643:20: note: ***** Re-trying analysis with vector mode V8QI
qwen36.c:1643:20: note: ***** Analysis succeeded with vector mode V8QI
qwen36.c:1643:20: note: SLPing BB part
qwen36.c:1643:20: note: Costing subgraph: 
qwen36.c:1643:20: note: node 0x3adba4f8 (max_nunits=2, refcnt=1) vector(2) signed char
qwen36.c:1643:20: note: op template: *_34 = lo_26;
qwen36.c:1643:20: note: 	stmt 0 *_34 = lo_26;
qwen36.c:1643:20: note: 	stmt 1 *_36 = hi_31;
qwen36.c:1643:20: note: 	children 0x3adba578
qwen36.c:1643:20: note: node 0x3adba578 (max_nunits=2, refcnt=1) vector(2) signed char
qwen36.c:1643:20: note: op template: lo_26 = (int8_t) _25;
qwen36.c:1643:20: note: 	stmt 0 lo_26 = (int8_t) _25;
qwen36.c:1643:20: note: 	stmt 1 hi_31 = (int8_t) _30;
qwen36.c:1643:20: note: 	children 0x3adba5f8
qwen36.c:1643:20: note: node 0x3adba5f8 (max_nunits=2, refcnt=1) vector(2) unsigned char
qwen36.c:1643:20: note: op template: _25 = _68 ? _24 : _22;
qwen36.c:1643:20: note: 	stmt 0 _25 = _68 ? _24 : _22;
qwen36.c:1643:20: note: 	stmt 1 _30 = _86 ? _29 : _27;
qwen36.c:1643:20: note: 	children 0x3adba9f8 0x3adba778 0x3adba878
qwen36.c:1643:20: note: node 0x3adba9f8 (max_nunits=2, refcnt=1) vector(2) <signed-boolean:8>
qwen36.c:1643:20: note: op template: _68 = _23 != 0;
qwen36.c:1643:20: note: 	stmt 0 _68 = _23 != 0;
qwen36.c:1643:20: note: 	stmt 1 _86 = _28 != 0;
qwen36.c:1643:20: note: 	children 0x3adba8f8 0x3adba7f8
qwen36.c:1643:20: note: node (constant) 0x3adba8f8 (max_nunits=1, refcnt=1) vector(2) unsigned char
qwen36.c:1643:20: note: 	{ 0, 0 }
qwen36.c:1643:20: note: node 0x3adba7f8 (max_nunits=2, refcnt=1) vector(2) unsigned char
qwen36.c:1643:20: note: op template: _23 = b_21 & 8;
qwen36.c:1643:20: note: 	stmt 0 _23 = b_21 & 8;
qwen36.c:1643:20: note: 	stmt 1 _28 = _27 & 8;
qwen36.c:1643:20: note: 	children 0x3adbab78 0x3adbaaf8
qwen36.c:1643:20: note: node (external) 0x3adbab78 (max_nunits=1, refcnt=1) vector(2) unsigned char
qwen36.c:1643:20: note: 	{ b_21, _27 }
qwen36.c:1643:20: note: node (constant) 0x3adbaaf8 (max_nunits=1, refcnt=1) vector(2) unsigned char
qwen36.c:1643:20: note: 	{ 8, 8 }
qwen36.c:1643:20: note: node 0x3adba778 (max_nunits=2, refcnt=1) vector(2) unsigned char
qwen36.c:1643:20: note: op template: _24 = _22 + 240;
qwen36.c:1643:20: note: 	stmt 0 _24 = _22 + 240;
qwen36.c:1643:20: note: 	stmt 1 _29 = _27 + 240;
qwen36.c:1643:20: note: 	children 0x3adba978 0x3adbaa78
qwen36.c:1643:20: note: node (external) 0x3adba978 (max_nunits=1, refcnt=1) vector(2) unsigned char
qwen36.c:1643:20: note: 	{ _22, _27 }
qwen36.c:1643:20: note: node (constant) 0x3adbaa78 (max_nunits=1, refcnt=1) vector(2) unsigned char
qwen36.c:1643:20: note: 	{ 240, 240 }
qwen36.c:1643:20: note: node (external) 0x3adba878 (max_nunits=1, refcnt=1) vector(2) unsigned char
qwen36.c:1643:20: note: 	{ _22, _27 }
qwen36.c:1643:20: note: Cost model analysis: 
qwen36.c:1643:20: note: Cost model analysis for part in loop 2:
  Vector cost: 86
  Scalar cost: 56
qwen36.c:1643:20: missed: not vectorized: vectorization is not profitable.
qwen36.c:1643:20: note: ***** Re-trying analysis with vector mode V4QI
qwen36.c:1643:20: note: ***** Analysis succeeded with vector mode V4QI
qwen36.c:1643:20: note: SLPing BB part
qwen36.c:1643:20: note: Costing subgraph: 
qwen36.c:1643:20: note: node 0x3adba4f8 (max_nunits=2, refcnt=1) vector(2) signed char
qwen36.c:1643:20: note: op template: *_34 = lo_26;
qwen36.c:1643:20: note: 	stmt 0 *_34 = lo_26;
qwen36.c:1643:20: note: 	stmt 1 *_36 = hi_31;
qwen36.c:1643:20: note: 	children 0x3adba578
qwen36.c:1643:20: note: node 0x3adba578 (max_nunits=2, refcnt=1) vector(2) signed char
qwen36.c:1643:20: note: op template: lo_26 = (int8_t) _25;
qwen36.c:1643:20: note: 	stmt 0 lo_26 = (int8_t) _25;
qwen36.c:1643:20: note: 	stmt 1 hi_31 = (int8_t) _30;
qwen36.c:1643:20: note: 	children 0x3adba5f8
qwen36.c:1643:20: note: node 0x3adba5f8 (max_nunits=2, refcnt=1) vector(2) unsigned char
qwen36.c:1643:20: note: op template: _25 = _68 ? _24 : _22;
qwen36.c:1643:20: note: 	stmt 0 _25 = _68 ? _24 : _22;
qwen36.c:1643:20: note: 	stmt 1 _30 = _86 ? _29 : _27;
qwen36.c:1643:20: note: 	children 0x3adba878 0x3adbaaf8 0x3adba678
qwen36.c:1643:20: note: node 0x3adba878 (max_nunits=2, refcnt=1) vector(2) <signed-boolean:8>
qwen36.c:1643:20: note: op template: _68 = _23 != 0;
qwen36.c:1643:20: note: 	stmt 0 _68 = _23 != 0;
qwen36.c:1643:20: note: 	stmt 1 _86 = _28 != 0;
qwen36.c:1643:20: note: 	children 0x3adba778 0x3adbaa78
qwen36.c:1643:20: note: node (constant) 0x3adba778 (max_nunits=1, refcnt=1) vector(2) unsigned char
qwen36.c:1643:20: note: 	{ 0, 0 }
qwen36.c:1643:20: note: node 0x3adbaa78 (max_nunits=2, refcnt=1) vector(2) unsigned char
qwen36.c:1643:20: note: op template: _23 = b_21 & 8;
qwen36.c:1643:20: note: 	stmt 0 _23 = b_21 & 8;
qwen36.c:1643:20: note: 	stmt 1 _28 = _27 & 8;
qwen36.c:1643:20: note: 	children 0x3adba9f8 0x3adba7f8
qwen36.c:1643:20: note: node (external) 0x3adba9f8 (max_nunits=1, refcnt=1) vector(2) unsigned char
qwen36.c:1643:20: note: 	{ b_21, _27 }
qwen36.c:1643:20: note: node (constant) 0x3adba7f8 (max_nunits=1, refcnt=1) vector(2) unsigned char
qwen36.c:1643:20: note: 	{ 8, 8 }
qwen36.c:1643:20: note: node 0x3adbaaf8 (max_nunits=2, refcnt=1) vector(2) unsigned char
qwen36.c:1643:20: note: op template: _24 = _22 + 240;
qwen36.c:1643:20: note: 	stmt 0 _24 = _22 + 240;
qwen36.c:1643:20: note: 	stmt 1 _29 = _27 + 240;
qwen36.c:1643:20: note: 	children 0x3adba8f8 0x3adba6f8
qwen36.c:1643:20: note: node (external) 0x3adba8f8 (max_nunits=1, refcnt=1) vector(2) unsigned char
qwen36.c:1643:20: note: 	{ _22, _27 }
qwen36.c:1643:20: note: node (constant) 0x3adba6f8 (max_nunits=1, refcnt=1) vector(2) unsigned char
qwen36.c:1643:20: note: 	{ 240, 240 }
qwen36.c:1643:20: note: node (external) 0x3adba678 (max_nunits=1, refcnt=1) vector(2) unsigned char
qwen36.c:1643:20: note: 	{ _22, _27 }
qwen36.c:1643:20: note: Cost model analysis: 
qwen36.c:1643:20: note: Cost model analysis for part in loop 2:
  Vector cost: 86
  Scalar cost: 56
qwen36.c:1643:20: missed: not vectorized: vectorization is not profitable.
qwen36.c:1628:13: note: vectorized 0 loops in function.
qwen36.c:1632:17: missed: statement clobbers memory: w_11 = malloc (_10);
/usr/include/x86_64-linux-gnu/bits/stdio2.h:79:10: missed: statement clobbers memory: __builtin_fwrite ("OOM slot_ensure_int8\n", 1, 21, stderr.568_12);
qwen36.c:1633:58: missed: statement clobbers memory: exit (1);
qwen36.c:1647:10: note: ***** Analysis succeeded with vector mode V4DI
qwen36.c:1647:10: note: SLPing BB part
qwen36.c:1634:20: note: Costing subgraph: 
qwen36.c:1634:20: note: node 0x3adba578 (max_nunits=2, refcnt=1) vector(2) long unsigned int
qwen36.c:1634:20: note: op template: src4[0] = _3;
qwen36.c:1634:20: note: 	stmt 0 src4[0] = _3;
qwen36.c:1634:20: note: 	stmt 1 src4[1] = _13;
qwen36.c:1634:20: note: 	children 0x3adba678
qwen36.c:1634:20: note: node (external) 0x3adba678 (max_nunits=1, refcnt=1) vector(2) long unsigned int
qwen36.c:1634:20: note: 	{ _3, _13 }
qwen36.c:1634:20: note: Cost model analysis: 
qwen36.c:1634:20: note: Cost model analysis for part in loop 0:
  Vector cost: 16
  Scalar cost: 24
qwen36.c:1635:13: note: Costing subgraph: 
qwen36.c:1635:13: note: node 0x3adba778 (max_nunits=2, refcnt=1) vector(2) long int
qwen36.c:1635:13: note: op template: lens[0] = ng_8;
qwen36.c:1635:13: note: 	stmt 0 lens[0] = ng_8;
qwen36.c:1635:13: note: 	stmt 1 lens[1] = ng_8;
qwen36.c:1635:13: note: 	children 0x3adba7f8
qwen36.c:1635:13: note: node (external) 0x3adba7f8 (max_nunits=1, refcnt=1) vector(2) long int
qwen36.c:1635:13: note: 	{ ng_8, ng_8 }
qwen36.c:1635:13: note: Cost model analysis: 
qwen36.c:1635:13: note: Cost model analysis for part in loop 0:
  Vector cost: 16
  Scalar cost: 24
qwen36.c:1643:20: note: Costing subgraph: 
qwen36.c:1643:20: note: node 0x3adba878 (max_nunits=2, refcnt=1) vector(2) signed char
qwen36.c:1643:20: note: op template: *_91 = lo_17;
qwen36.c:1643:20: note: 	stmt 0 *_91 = lo_17;
qwen36.c:1643:20: note: 	stmt 1 *_94 = hi_82;
qwen36.c:1643:20: note: 	children 0x3adba8f8
qwen36.c:1643:20: note: node 0x3adba8f8 (max_nunits=2, refcnt=1) vector(2) signed char
qwen36.c:1643:20: note: op template: lo_17 = (int8_t) _33;
qwen36.c:1643:20: note: 	stmt 0 lo_17 = (int8_t) _33;
qwen36.c:1643:20: note: 	stmt 1 hi_82 = (int8_t) _39;
qwen36.c:1643:20: note: 	children 0x3adba9f8
qwen36.c:1643:20: note: node (external) 0x3adba9f8 (max_nunits=1, refcnt=1) vector(2) unsigned char
qwen36.c:1643:20: note: 	{ _33, _39 }
qwen36.c:1643:20: note: Cost model analysis: 
qwen36.c:1643:20: note: Cost model analysis for part in loop 3:
  Vector cost: 20
  Scalar cost: 24
qwen36.c:1647:10: note: Costing subgraph: 
qwen36.c:1647:10: note: node 0x3adbaaf8 (max_nunits=2, refcnt=1) vector(2) long unsigned int
qwen36.c:1647:10: note: op template: s_1(D)->g = w_11;
qwen36.c:1647:10: note: 	stmt 0 s_1(D)->g = w_11;
qwen36.c:1647:10: note: 	stmt 1 s_1(D)->u = _44;
qwen36.c:1647:10: note: 	children 0x3adbabf8
qwen36.c:1647:10: note: node (external) 0x3adbabf8 (max_nunits=1, refcnt=1) vector(2) long unsigned int
qwen36.c:1647:10: note: 	{ w_11, _44 }
qwen36.c:1647:10: note: Cost model analysis: 
qwen36.c:1647:10: note: Cost model analysis for part in loop 0:
  Vector cost: 20
  Scalar cost: 24
qwen36.c:1647:10: note: Basic block will be vectorized using SLP
qwen36.c:1647:10: note: Vectorizing SLP tree:
qwen36.c:1647:10: note: node 0x3adba578 (max_nunits=2, refcnt=1) vector(2) long unsigned int
qwen36.c:1647:10: note: op template: src4[0] = _3;
qwen36.c:1647:10: note: 	stmt 0 src4[0] = _3;
qwen36.c:1647:10: note: 	stmt 1 src4[1] = _13;
qwen36.c:1647:10: note: 	children 0x3adba678
qwen36.c:1647:10: note: node (external) 0x3adba678 (max_nunits=1, refcnt=1) vector(2) long unsigned int
qwen36.c:1647:10: note: 	{ _3, _13 }
qwen36.c:1647:10: note: ------>vectorizing SLP node starting from: src4[0] = _3;
qwen36.c:1647:10: note: vect_is_simple_use: operand s_1(D)->u4, type of def: internal
qwen36.c:1647:10: note: transform store. ncopies = 1
qwen36.c:1647:10: note: create vector_type-pointer variable to type: vector(2) long unsigned int  vectorizing a pointer ref: src4[0]
qwen36.c:1647:10: note: created &src4[0]
qwen36.c:1647:10: note: add new stmt: MEM <vector(2) long unsigned int> [(const uint8_t * *)&src4] = _18;
qwen36.c:1647:10: note: vectorizing stmts using SLP.
qwen36.c:1647:10: optimized: basic block part vectorized using 32 byte vectors
qwen36.c:1647:10: note: Vectorizing SLP tree:
qwen36.c:1647:10: note: node 0x3adba778 (max_nunits=2, refcnt=1) vector(2) long int
qwen36.c:1647:10: note: op template: lens[0] = ng_8;
qwen36.c:1647:10: note: 	stmt 0 lens[0] = ng_8;
qwen36.c:1647:10: note: 	stmt 1 lens[1] = ng_8;
qwen36.c:1647:10: note: 	children 0x3adba7f8
qwen36.c:1647:10: note: node (external) 0x3adba7f8 (max_nunits=1, refcnt=1) vector(2) long int
qwen36.c:1647:10: note: 	{ ng_8, ng_8 }
qwen36.c:1647:10: note: ------>vectorizing SLP node starting from: lens[0] = ng_8;
qwen36.c:1647:10: note: vect_is_simple_use: operand _5 * _7, type of def: internal
qwen36.c:1647:10: note: transform store. ncopies = 1
qwen36.c:1647:10: note: create vector_type-pointer variable to type: vector(2) long int  vectorizing a pointer ref: lens[0]
qwen36.c:1647:10: note: created &lens[0]
qwen36.c:1647:10: note: add new stmt: MEM <vector(2) long int> [(long int *)&lens] = _20;
qwen36.c:1647:10: note: vectorizing stmts using SLP.
qwen36.c:1647:10: optimized: basic block part vectorized using 32 byte vectors
qwen36.c:1647:10: note: Vectorizing SLP tree:
qwen36.c:1647:10: note: node 0x3adba878 (max_nunits=2, refcnt=1) vector(2) signed char
qwen36.c:1647:10: note: op template: *_91 = lo_17;
qwen36.c:1647:10: note: 	stmt 0 *_91 = lo_17;
qwen36.c:1647:10: note: 	stmt 1 *_94 = hi_82;
qwen36.c:1647:10: note: 	children 0x3adba8f8
qwen36.c:1647:10: note: node 0x3adba8f8 (max_nunits=2, refcnt=1) vector(2) signed char
qwen36.c:1647:10: note: op template: lo_17 = (int8_t) _33;
qwen36.c:1647:10: note: 	stmt 0 lo_17 = (int8_t) _33;
qwen36.c:1647:10: note: 	stmt 1 hi_82 = (int8_t) _39;
qwen36.c:1647:10: note: 	children 0x3adba9f8
qwen36.c:1647:10: note: node (external) 0x3adba9f8 (max_nunits=1, refcnt=1) vector(2) unsigned char
qwen36.c:1647:10: note: 	{ _33, _39 }
qwen36.c:1647:10: note: ------>vectorizing SLP node starting from: lo_17 = (int8_t) _33;
qwen36.c:1647:10: note: transform assignment.
qwen36.c:1647:10: note: add new stmt: vect_lo_17.1742_23 = VIEW_CONVERT_EXPR<vector(2) signed char>(_22);
qwen36.c:1647:10: note: ------>vectorizing SLP node starting from: *_91 = lo_17;
qwen36.c:1647:10: note: vect_is_simple_use: operand (int8_t) _33, type of def: internal
qwen36.c:1647:10: note: vect_is_simple_use: operand (int8_t) _39, type of def: internal
qwen36.c:1647:10: note: transform store. ncopies = 1
qwen36.c:1647:10: note: create vector_type-pointer variable to type: vector(2) signed char  vectorizing a pointer ref: *_91
qwen36.c:1647:10: note: created vectp.1744_24
qwen36.c:1647:10: note: add new stmt: MEM <vector(2) signed char> [(int8_t *)vectp.1744_24] = vect_lo_17.1742_23;
qwen36.c:1647:10: note: vectorizing stmts using SLP.
qwen36.c:1647:10: optimized: basic block part vectorized using 32 byte vectors
qwen36.c:1647:10: note: Vectorizing SLP tree:
qwen36.c:1647:10: note: node 0x3adbaaf8 (max_nunits=2, refcnt=1) vector(2) long unsigned int
qwen36.c:1647:10: note: op template: s_1(D)->g = w_11;
qwen36.c:1647:10: note: 	stmt 0 s_1(D)->g = w_11;
qwen36.c:1647:10: note: 	stmt 1 s_1(D)->u = _44;
qwen36.c:1647:10: note: 	children 0x3adbabf8
qwen36.c:1647:10: note: node (external) 0x3adbabf8 (max_nunits=1, refcnt=1) vector(2) long unsigned int
qwen36.c:1647:10: note: 	{ w_11, _44 }
qwen36.c:1647:10: note: ------>vectorizing SLP node starting from: s_1(D)->g = w_11;
qwen36.c:1647:10: note: vect_is_simple_use: operand w_11 + ng.574_43, type of def: internal
qwen36.c:1647:10: note: transform store. ncopies = 1
qwen36.c:1647:10: note: create vector_type-pointer variable to type: vector(2) long unsigned int  vectorizing a pointer ref: s_1(D)->g
qwen36.c:1647:10: note: created vectp.1746_28
qwen36.c:1647:10: note: add new stmt: MEM <vector(2) long unsigned int> [(int8_t * *)vectp.1746_28] = _27;
qwen36.c:1647:10: note: vectorizing stmts using SLP.
qwen36.c:1647:10: optimized: basic block part vectorized using 32 byte vectors
qwen36.c:1647:10: note: ***** The result for vector mode V32QI would be the same
qwen36.c:423:19: missed: couldn't vectorize loop
qwen36.c:423:19: missed: not vectorized: control flow in loop.
qwen36.c:429:49: missed: couldn't vectorize loop
qwen36.c:429:49: missed: not vectorized: control flow in loop.
qwen36.c:411:13: note: vectorized 0 loops in function.
qwen36.c:417:26: note: ***** Analysis failed with vector mode V8SI
qwen36.c:417:26: note: ***** The result for vector mode V32QI would be the same
qwen36.c:417:26: note: ***** Re-trying analysis with vector mode V16QI
qwen36.c:417:26: note: ***** Analysis failed with vector mode V16QI
qwen36.c:417:26: note: ***** Re-trying analysis with vector mode V8QI
qwen36.c:417:26: note: ***** Analysis failed with vector mode V8QI
qwen36.c:417:26: note: ***** Re-trying analysis with vector mode V4QI
qwen36.c:417:26: note: ***** Analysis failed with vector mode V4QI
qwen36.c:475:22: missed: couldn't vectorize loop
qwen36.c:477:9: missed: statement clobbers memory: decode_id_to_bytes.constprop (_4, &tmp, &tn);
qwen36.c:473:13: note: vectorized 0 loops in function.
qwen36.c:477:9: missed: statement clobbers memory: decode_id_to_bytes.constprop (_4, &tmp, &tn);
qwen36.c:478:9: missed: statement clobbers memory: out_bytes (&buf, &bn, &tmp, tn.721_5);
qwen36.c:480:13: missed: statement clobbers memory: fwrite (&buf, 1, _8, stdout.723_7);
qwen36.c:481:1: note: ***** Analysis failed with vector mode V8SI
qwen36.c:481:1: note: ***** Skipping vector mode V32QI, which would repeat the analysis for V8SI
qwen36.c:104:61: missed: statement clobbers memory: _3 = calloc (524288, 8);
qwen36.c:104:104: missed: statement clobbers memory: _5 = malloc (2097152);
qwen36.c:104:145: missed: statement clobbers memory: _6 = calloc (524288, 4);
qwen36.c:104:178: note: ***** Analysis failed with vector mode V8SI
qwen36.c:104:178: note: ***** Skipping vector mode V32QI, which would repeat the analysis for V8SI
cli_args.h:46:12: missed: couldn't vectorize loop
cli_args.h:46:12: missed: not vectorized: latch block not empty.
cli_args.h:57:12: note: vectorized 0 loops in function.
cli_args.h:36:9: missed: statement clobbers memory: v_11 = strtol (arg_4(D), &end, 10);
/usr/include/x86_64-linux-gnu/bits/stdio2.h:79:10: missed: statement clobbers memory: __fprintf_chk (stderr.170_25, 2, "%s: expected a whole number, got \"%s\"\n", what_8(D), iftmp.169_26);
cli_args.h:63:9: missed: statement clobbers memory: exit (2);
cli_args.h:63:9: note: ***** Analysis failed with vector mode V4DI
cli_args.h:63:9: note: ***** Skipping vector mode V32QI, which would repeat the analysis for V4DI
qwen36.c:377:23: missed: couldn't vectorize loop
qwen36.c:377:23: missed: not vectorized: control flow in loop.
qwen36.c:384:49: missed: couldn't vectorize loop
qwen36.c:384:71: missed: not vectorized: complicated access pattern.
qwen36.c:374:19: missed: couldn't vectorize loop
qwen36.c:374:19: missed: not vectorized: unsupported data-type
qwen36.c:374:31: missed: couldn't vectorize loop
qwen36.c:374:31: missed: not vectorized: control flow in loop.
qwen36.c:372:12: note: vectorized 0 loops in function.
/usr/include/x86_64-linux-gnu/bits/string_fortified.h:36:10: missed: statement clobbers memory: __builtin_memmove (buf_10(D), _23, _22);
/usr/include/x86_64-linux-gnu/bits/string_fortified.h:36:10: missed: statement clobbers memory: __builtin_memmove (buf_10(D), _44, _42);
qwen36.c:388:12: note: ***** Analysis failed with vector mode V8SI
qwen36.c:388:12: note: ***** Skipping vector mode V32QI, which would repeat the analysis for V8SI
qwen36.c:1767:23: missed: couldn't vectorize loop
qwen36.c:1767:23: missed: not vectorized: control flow in loop.
qwen36.c:1784:27: missed: couldn't vectorize loop
qwen36.c:1784:27: missed: not vectorized: control flow in loop.
qwen36.c:1768:25: missed: couldn't vectorize loop
qwen36.c:1768:25: missed: not vectorized: loop nest containing two or more consecutive inner loops cannot be vectorized
qwen36.c:1784:27: missed: couldn't vectorize loop
qwen36.c:1784:27: missed: not vectorized: control flow in loop.
qwen36.c:1774:27: missed: couldn't vectorize loop
qwen36.c:1774:27: missed: not vectorized: control flow in loop.
qwen36.c:1771:27: optimized: loop vectorized using 32 byte vectors
qwen36.c:1771:27: optimized: loop vectorized using 16 byte vectors
qwen36.c:1764:12: note: vectorized 1 loops in function.
/usr/include/x86_64-linux-gnu/bits/stdio2.h:79:10: missed: statement clobbers memory: __fprintf_chk (stderr.624_71, 2, "[RESIDENT] Pinned %d new experts (CPU no-evict -> GPU resident)%s\n", newly_26, iftmp.623_72);
qwen36.c:1788:16: note: ***** Analysis failed with vector mode V8SI
qwen36.c:1788:16: note: ***** The result for vector mode V32QI would be the same
qwen36.c:1788:16: note: ***** Re-trying analysis with vector mode V16QI
qwen36.c:1788:16: note: ***** Analysis failed with vector mode V16QI
qwen36.c:1788:16: note: ***** Re-trying analysis with vector mode V8QI
qwen36.c:1788:16: note: ***** Analysis failed with vector mode V8QI
qwen36.c:1788:16: note: ***** Re-trying analysis with vector mode V4QI
qwen36.c:1788:16: note: ***** Analysis failed with vector mode V4QI
st.h:696:41: missed: couldn't vectorize loop
st.h:696:41: missed: not vectorized: control flow in loop.
st.h:78:11: missed: couldn't vectorize loop
st.h:78:11: missed: not vectorized: number of iterations cannot be computed.
st.h:702:52: missed: couldn't vectorize loop
st.h:702:52: missed: not vectorized: control flow in loop.
st.h:692:19: note: vectorized 0 loops in function.
st.h:702:41: missed: statement clobbers memory: _42 = strcmp (_41, name_22(D));
st.h:697:18: missed: statement clobbers memory: _9 = strcmp (_8, name_22(D));
st.h:698:15: note: ***** Analysis failed with vector mode V4DI
st.h:698:15: note: ***** The result for vector mode V32QI would be the same
st.h:698:15: note: ***** Re-trying analysis with vector mode V16QI
st.h:698:15: note: ***** Analysis failed with vector mode V16QI
st.h:698:15: note: ***** Re-trying analysis with vector mode V8QI
st.h:698:15: note: ***** Analysis failed with vector mode V8QI
st.h:698:15: note: ***** Re-trying analysis with vector mode V4QI
st.h:698:15: note: ***** Analysis failed with vector mode V4QI
st.h:819:62: optimized: loop vectorized using 32 byte vectors
st.h:819:62: optimized: loop vectorized using 16 byte vectors
st.h:821:62: missed: couldn't vectorize loop
st.h:821:62: missed: not vectorized: control flow in loop.
st.h:132:43: missed: couldn't vectorize loop
st.h:132:43: missed: not vectorized: unsupported data-type
st.h:793:16: note: vectorized 1 loops in function.
st.h:794:20: missed: statement clobbers memory: t_3 = st_find (S_1(D), name_2(D));
st.h:813:17: missed: statement clobbers memory: raw_19 = malloc (_18);
st.h:815:5: missed: statement clobbers memory: st_pread_full (_22, raw_19, pretmp_163, _21, "pread data");
/usr/include/x86_64-linux-gnu/bits/string_fortified.h:29:10: missed: statement clobbers memory: __builtin_memcpy (out_26(D), raw_19, _25);
st.h:823:5: missed: statement clobbers memory: free (raw_19);
/usr/include/x86_64-linux-gnu/bits/stdio2.h:79:10: missed: statement clobbers memory: __fprintf_chk (stderr.158_20, 2, "malloc %lld bytes for tensor %s failed\n", pretmp_163, name_2(D));
st.h:814:106: missed: statement clobbers memory: exit (1);
/usr/include/x86_64-linux-gnu/bits/stdio2.h:79:10: missed: statement clobbers memory: __fprintf_chk (stderr.157_17, 2, "%s: tensor \'%s\' shape/bytes mismatch (numel %lld, %lld bytes, dtype %d) \xe2\x80\x94 refusing (hostile or corrupt file)\n", name_2(D), name_2(D), _10, pretmp_163, _5);
st.h:812:83: missed: statement clobbers memory: exit (1);
/usr/include/x86_64-linux-gnu/bits/stdio2.h:79:10: missed: statement clobbers memory: __fprintf_chk (stderr.156_6, 2, "%s: tensor \'%s\' is %s \xe2\x80\x94 not a float tensor; read it with st_read_raw\n", name_2(D), name_2(D), _7);
st.h:808:55: missed: statement clobbers memory: exit (1);
/usr/include/x86_64-linux-gnu/bits/stdio2.h:79:10: missed: statement clobbers memory: __fprintf_chk (stderr.155_4, 2, "missing tensor: %s\n", name_2(D));
st.h:795:62: missed: statement clobbers memory: exit (1);
st.h:132:118: note: ***** Analysis failed with vector mode V8SI
st.h:132:118: note: ***** The result for vector mode V32QI would be the same
st.h:132:118: note: ***** Re-trying analysis with vector mode V16QI
st.h:132:118: note: ***** Analysis failed with vector mode V16QI
st.h:132:118: note: ***** Re-trying analysis with vector mode V8QI
st.h:132:118: note: ***** Analysis failed with vector mode V8QI
st.h:132:118: note: ***** Re-trying analysis with vector mode V4QI
st.h:132:118: note: ***** Analysis failed with vector mode V4QI
qwen36.c:353:19: missed: couldn't vectorize loop
qwen36.c:353:19: missed: not vectorized: control flow in loop.
qwen36.c:351:12: note: vectorized 0 loops in function.
/usr/include/x86_64-linux-gnu/bits/stdio2.h:30:10: missed: statement clobbers memory: __builtin___sprintf_chk (_54, 2, 18446744073709551615, "\\u%04x", _52);
qwen36.c:355:47: note: ***** Analysis succeeded with vector mode V32QI
qwen36.c:355:47: note: SLPing BB part
qwen36.c:361:53: note: Costing subgraph: 
qwen36.c:361:53: note: node 0x3ad3a478 (max_nunits=2, refcnt=1) vector(2) char
qwen36.c:361:53: note: op template: *_48 = 92;
qwen36.c:361:53: note: 	stmt 0 *_48 = 92;
qwen36.c:361:53: note: 	stmt 1 *_50 = 102;
qwen36.c:361:53: note: 	children 0x3ad3a4f8
qwen36.c:361:53: note: node (constant) 0x3ad3a4f8 (max_nunits=1, refcnt=1) vector(2) char
qwen36.c:361:53: note: 	{ 92, 102 }
qwen36.c:361:53: note: Cost model analysis: 
qwen36.c:361:53: note: Cost model analysis for part in loop 1:
  Vector cost: 24
  Scalar cost: 24
qwen36.c:360:53: note: Costing subgraph: 
qwen36.c:360:53: note: node 0x3ad3a578 (max_nunits=2, refcnt=1) vector(2) char
qwen36.c:360:53: note: op template: *_42 = 92;
qwen36.c:360:53: note: 	stmt 0 *_42 = 92;
qwen36.c:360:53: note: 	stmt 1 *_44 = 98;
qwen36.c:360:53: note: 	children 0x3ad3a5f8
qwen36.c:360:53: note: node (constant) 0x3ad3a5f8 (max_nunits=1, refcnt=1) vector(2) char
qwen36.c:360:53: note: 	{ 92, 98 }
qwen36.c:360:53: note: Cost model analysis: 
qwen36.c:360:53: note: Cost model analysis for part in loop 1:
  Vector cost: 24
  Scalar cost: 24
qwen36.c:359:53: note: Costing subgraph: 
qwen36.c:359:53: note: node 0x3ad3a678 (max_nunits=2, refcnt=1) vector(2) char
qwen36.c:359:53: note: op template: *_36 = 92;
qwen36.c:359:53: note: 	stmt 0 *_36 = 92;
qwen36.c:359:53: note: 	stmt 1 *_38 = 116;
qwen36.c:359:53: note: 	children 0x3ad3a6f8
qwen36.c:359:53: note: node (constant) 0x3ad3a6f8 (max_nunits=1, refcnt=1) vector(2) char
qwen36.c:359:53: note: 	{ 92, 116 }
qwen36.c:359:53: note: Cost model analysis: 
qwen36.c:359:53: note: Cost model analysis for part in loop 1:
  Vector cost: 24
  Scalar cost: 24
qwen36.c:358:53: note: Costing subgraph: 
qwen36.c:358:53: note: node 0x3ad3a778 (max_nunits=2, refcnt=1) vector(2) char
qwen36.c:358:53: note: op template: *_30 = 92;
qwen36.c:358:53: note: 	stmt 0 *_30 = 92;
qwen36.c:358:53: note: 	stmt 1 *_32 = 114;
qwen36.c:358:53: note: 	children 0x3ad3a7f8
qwen36.c:358:53: note: node (constant) 0x3ad3a7f8 (max_nunits=1, refcnt=1) vector(2) char
qwen36.c:358:53: note: 	{ 92, 114 }
qwen36.c:358:53: note: Cost model analysis: 
qwen36.c:358:53: note: Cost model analysis for part in loop 1:
  Vector cost: 24
  Scalar cost: 24
qwen36.c:357:53: note: Costing subgraph: 
qwen36.c:357:53: note: node 0x3ad3a878 (max_nunits=2, refcnt=1) vector(2) char
qwen36.c:357:53: note: op template: *_24 = 92;
qwen36.c:357:53: note: 	stmt 0 *_24 = 92;
qwen36.c:357:53: note: 	stmt 1 *_26 = 110;
qwen36.c:357:53: note: 	children 0x3ad3a8f8
qwen36.c:357:53: note: node (constant) 0x3ad3a8f8 (max_nunits=1, refcnt=1) vector(2) char
qwen36.c:357:53: note: 	{ 92, 110 }
qwen36.c:357:53: note: Cost model analysis: 
qwen36.c:357:53: note: Cost model analysis for part in loop 1:
  Vector cost: 24
  Scalar cost: 24
qwen36.c:356:53: note: Costing subgraph: 
qwen36.c:356:53: note: node 0x3ad3a978 (max_nunits=2, refcnt=1) vector(2) char
qwen36.c:356:53: note: op template: *_18 = 92;
qwen36.c:356:53: note: 	stmt 0 *_18 = 92;
qwen36.c:356:53: note: 	stmt 1 *_20 = 92;
qwen36.c:356:53: note: 	children 0x3ad3a9f8
qwen36.c:356:53: note: node (constant) 0x3ad3a9f8 (max_nunits=1, refcnt=1) vector(2) char
qwen36.c:356:53: note: 	{ 92, 92 }
qwen36.c:356:53: note: Cost model analysis: 
qwen36.c:356:53: note: Cost model analysis for part in loop 1:
  Vector cost: 24
  Scalar cost: 24
qwen36.c:355:47: note: Costing subgraph: 
qwen36.c:355:47: note: node 0x3ad3aa78 (max_nunits=2, refcnt=1) vector(2) char
qwen36.c:355:47: note: op template: *_12 = 92;
qwen36.c:355:47: note: 	stmt 0 *_12 = 92;
qwen36.c:355:47: note: 	stmt 1 *_14 = 34;
qwen36.c:355:47: note: 	children 0x3ad3aaf8
qwen36.c:355:47: note: node (constant) 0x3ad3aaf8 (max_nunits=1, refcnt=1) vector(2) char
qwen36.c:355:47: note: 	{ 92, 34 }
qwen36.c:355:47: note: Cost model analysis: 
qwen36.c:355:47: note: Cost model analysis for part in loop 1:
  Vector cost: 24
  Scalar cost: 24
qwen36.c:355:47: note: Basic block will be vectorized using SLP
qwen36.c:355:47: note: Vectorizing SLP tree:
qwen36.c:355:47: note: node 0x3ad3a478 (max_nunits=2, refcnt=1) vector(2) char
qwen36.c:355:47: note: op template: *_48 = 92;
qwen36.c:355:47: note: 	stmt 0 *_48 = 92;
qwen36.c:355:47: note: 	stmt 1 *_50 = 102;
qwen36.c:355:47: note: 	children 0x3ad3a4f8
qwen36.c:355:47: note: node (constant) 0x3ad3a4f8 (max_nunits=1, refcnt=1) vector(2) char
qwen36.c:355:47: note: 	{ 92, 102 }
qwen36.c:355:47: note: ------>vectorizing SLP node starting from: *_48 = 92;
qwen36.c:355:47: note: vect_is_simple_use: operand 102, type of def: constant
qwen36.c:355:47: note: transform store. ncopies = 1
qwen36.c:355:47: note: create vector_type-pointer variable to type: vector(2) char  vectorizing a pointer ref: *_48
qwen36.c:355:47: note: created vectp.1957_90
qwen36.c:355:47: note: add new stmt: MEM <vector(2) char> [(char *)vectp.1957_90] = { 92, 102 };
qwen36.c:355:47: note: vectorizing stmts using SLP.
qwen36.c:355:47: optimized: basic block part vectorized using 32 byte vectors
qwen36.c:355:47: note: Vectorizing SLP tree:
qwen36.c:355:47: note: node 0x3ad3a578 (max_nunits=2, refcnt=1) vector(2) char
qwen36.c:355:47: note: op template: *_42 = 92;
qwen36.c:355:47: note: 	stmt 0 *_42 = 92;
qwen36.c:355:47: note: 	stmt 1 *_44 = 98;
qwen36.c:355:47: note: 	children 0x3ad3a5f8
qwen36.c:355:47: note: node (constant) 0x3ad3a5f8 (max_nunits=1, refcnt=1) vector(2) char
qwen36.c:355:47: note: 	{ 92, 98 }
qwen36.c:355:47: note: ------>vectorizing SLP node starting from: *_42 = 92;
qwen36.c:355:47: note: vect_is_simple_use: operand 98, type of def: constant
qwen36.c:355:47: note: transform store. ncopies = 1
qwen36.c:355:47: note: create vector_type-pointer variable to type: vector(2) char  vectorizing a pointer ref: *_42
qwen36.c:355:47: note: created vectp.1959_67
qwen36.c:355:47: note: add new stmt: MEM <vector(2) char> [(char *)vectp.1959_67] = { 92, 98 };
qwen36.c:355:47: note: vectorizing stmts using SLP.
qwen36.c:355:47: optimized: basic block part vectorized using 32 byte vectors
qwen36.c:355:47: note: Vectorizing SLP tree:
qwen36.c:355:47: note: node 0x3ad3a678 (max_nunits=2, refcnt=1) vector(2) char
qwen36.c:355:47: note: op template: *_36 = 92;
qwen36.c:355:47: note: 	stmt 0 *_36 = 92;
qwen36.c:355:47: note: 	stmt 1 *_38 = 116;
qwen36.c:355:47: note: 	children 0x3ad3a6f8
qwen36.c:355:47: note: node (constant) 0x3ad3a6f8 (max_nunits=1, refcnt=1) vector(2) char
qwen36.c:355:47: note: 	{ 92, 116 }
qwen36.c:355:47: note: ------>vectorizing SLP node starting from: *_36 = 92;
qwen36.c:355:47: note: vect_is_simple_use: operand 116, type of def: constant
qwen36.c:355:47: note: transform store. ncopies = 1
qwen36.c:355:47: note: create vector_type-pointer variable to type: vector(2) char  vectorizing a pointer ref: *_36
qwen36.c:355:47: note: created vectp.1961_1
qwen36.c:355:47: note: add new stmt: MEM <vector(2) char> [(char *)vectp.1961_1] = { 92, 116 };
qwen36.c:355:47: note: vectorizing stmts using SLP.
qwen36.c:355:47: optimized: basic block part vectorized using 32 byte vectors
qwen36.c:355:47: note: Vectorizing SLP tree:
qwen36.c:355:47: note: node 0x3ad3a778 (max_nunits=2, refcnt=1) vector(2) char
qwen36.c:355:47: note: op template: *_30 = 92;
qwen36.c:355:47: note: 	stmt 0 *_30 = 92;
qwen36.c:355:47: note: 	stmt 1 *_32 = 114;
qwen36.c:355:47: note: 	children 0x3ad3a7f8
qwen36.c:355:47: note: node (constant) 0x3ad3a7f8 (max_nunits=1, refcnt=1) vector(2) char
qwen36.c:355:47: note: 	{ 92, 114 }
qwen36.c:355:47: note: ------>vectorizing SLP node starting from: *_30 = 92;
qwen36.c:355:47: note: vect_is_simple_use: operand 114, type of def: constant
qwen36.c:355:47: note: transform store. ncopies = 1
qwen36.c:355:47: note: create vector_type-pointer variable to type: vector(2) char  vectorizing a pointer ref: *_30
qwen36.c:355:47: note: created vectp.1963_63
qwen36.c:355:47: note: add new stmt: MEM <vector(2) char> [(char *)vectp.1963_63] = { 92, 114 };
qwen36.c:355:47: note: vectorizing stmts using SLP.
qwen36.c:355:47: optimized: basic block part vectorized using 32 byte vectors
qwen36.c:355:47: note: Vectorizing SLP tree:
qwen36.c:355:47: note: node 0x3ad3a878 (max_nunits=2, refcnt=1) vector(2) char
qwen36.c:355:47: note: op template: *_24 = 92;
qwen36.c:355:47: note: 	stmt 0 *_24 = 92;
qwen36.c:355:47: note: 	stmt 1 *_26 = 110;
qwen36.c:355:47: note: 	children 0x3ad3a8f8
qwen36.c:355:47: note: node (constant) 0x3ad3a8f8 (max_nunits=1, refcnt=1) vector(2) char
qwen36.c:355:47: note: 	{ 92, 110 }
qwen36.c:355:47: note: ------>vectorizing SLP node starting from: *_24 = 92;
qwen36.c:355:47: note: vect_is_simple_use: operand 110, type of def: constant
qwen36.c:355:47: note: transform store. ncopies = 1
qwen36.c:355:47: note: create vector_type-pointer variable to type: vector(2) char  vectorizing a pointer ref: *_24
qwen36.c:355:47: note: created vectp.1965_98
qwen36.c:355:47: note: add new stmt: MEM <vector(2) char> [(char *)vectp.1965_98] = { 92, 110 };
qwen36.c:355:47: note: vectorizing stmts using SLP.
qwen36.c:355:47: optimized: basic block part vectorized using 32 byte vectors
qwen36.c:355:47: note: Vectorizing SLP tree:
qwen36.c:355:47: note: node 0x3ad3a978 (max_nunits=2, refcnt=1) vector(2) char
qwen36.c:355:47: note: op template: *_18 = 92;
qwen36.c:355:47: note: 	stmt 0 *_18 = 92;
qwen36.c:355:47: note: 	stmt 1 *_20 = 92;
qwen36.c:355:47: note: 	children 0x3ad3a9f8
qwen36.c:355:47: note: node (constant) 0x3ad3a9f8 (max_nunits=1, refcnt=1) vector(2) char
qwen36.c:355:47: note: 	{ 92, 92 }
qwen36.c:355:47: note: ------>vectorizing SLP node starting from: *_18 = 92;
qwen36.c:355:47: note: vect_is_simple_use: operand 92, type of def: constant
qwen36.c:355:47: note: transform store. ncopies = 1
qwen36.c:355:47: note: create vector_type-pointer variable to type: vector(2) char  vectorizing a pointer ref: *_18
qwen36.c:355:47: note: created vectp.1967_100
qwen36.c:355:47: note: add new stmt: MEM <vector(2) char> [(char *)vectp.1967_100] = { 92, 92 };
qwen36.c:355:47: note: vectorizing stmts using SLP.
qwen36.c:355:47: optimized: basic block part vectorized using 32 byte vectors
qwen36.c:355:47: note: Vectorizing SLP tree:
qwen36.c:355:47: note: node 0x3ad3aa78 (max_nunits=2, refcnt=1) vector(2) char
qwen36.c:355:47: note: op template: *_12 = 92;
qwen36.c:355:47: note: 	stmt 0 *_12 = 92;
qwen36.c:355:47: note: 	stmt 1 *_14 = 34;
qwen36.c:355:47: note: 	children 0x3ad3aaf8
qwen36.c:355:47: note: node (constant) 0x3ad3aaf8 (max_nunits=1, refcnt=1) vector(2) char
qwen36.c:355:47: note: 	{ 92, 34 }
qwen36.c:355:47: note: ------>vectorizing SLP node starting from: *_12 = 92;
qwen36.c:355:47: note: vect_is_simple_use: operand 34, type of def: constant
qwen36.c:355:47: note: transform store. ncopies = 1
qwen36.c:355:47: note: create vector_type-pointer variable to type: vector(2) char  vectorizing a pointer ref: *_12
qwen36.c:355:47: note: created vectp.1969_102
qwen36.c:355:47: note: add new stmt: MEM <vector(2) char> [(char *)vectp.1969_102] = { 92, 34 };
qwen36.c:355:47: note: vectorizing stmts using SLP.
qwen36.c:355:47: optimized: basic block part vectorized using 32 byte vectors
qwen36.c:355:47: note: ***** The result for vector mode V32QI would be the same
qwen36.c:447:24: missed: couldn't vectorize loop
qwen36.c:447:24: missed: not vectorized: number of iterations cannot be computed.
qwen36.c:442:22: missed: couldn't vectorize loop
qwen36.c:442:22: missed: not vectorized: control flow in loop.
qwen36.c:445:27: missed: couldn't vectorize loop
qwen36.c:445:27: missed: not vectorized: number of iterations cannot be computed.
qwen36.c:527:13: note: vectorized 0 loops in function.
qwen36.c:701:48: missed: statement clobbers memory: clock_gettime (1, &t);
qwen36.c:443:45: missed: statement clobbers memory: decode_id_to_bytes.constprop (_89, &tmp, &tn);
qwen36.c:444:47: missed: statement clobbers memory: utf8_drain.constprop.isra (&sb, &sbn, &tmp, tn.713_90, &chunk, &cn);
qwen36.c:559:71: missed: statement clobbers memory: _20 = strlen (&text);
qwen36.c:559:26: missed: statement clobbers memory: json_escape.isra (&text, _21, &esc, 65536);
/usr/include/x86_64-linux-gnu/bits/stdio2.h:54:10: missed: statement clobbers memory: _72 = __builtin___snprintf_chk (&buf, 1048576, 2, 1048576, "{\"id\":\"%s\",\"object\":\"chat.completion\",\"created\":%ld,\"model\":\"%s\",\"choices\":[{\"index\":0,\"message\":{\"role\":\"assistant\",\"content\":\"%s\"},\"finish_reason\":\"stop\"}],\"usage\":{\"prompt_tokens\":%d,\"completion_tokens\":%d,\"total_tokens\":%d},\"timings\":{\"ttft_s\":%.3f,\"tokens_per_sec\":%.3f,\"total_s\":%.3f}}\n", &g_oa_id, g_oa_created.706_25, g_model.705_24, &esc, np_47(D), n_new_43(D), _190, g_ttft.704_22, iftmp.688_32, total_40);
qwen36.c:568:16: missed: statement clobbers memory: fwrite (&buf, 1, _29, stdout.711_28);
qwen36.c:568:52: missed: statement clobbers memory: fflush (stdout.712_30);
qwen36.c:535:51: missed: statement clobbers memory: __builtin_memcpy (&chunk, &g_sbuf, _175);
qwen36.c:537:32: missed: statement clobbers memory: json_escape.isra (&chunk, g_sbn.690_6, &esc, 256);
/usr/include/x86_64-linux-gnu/bits/stdio2.h:54:10: missed: statement clobbers memory: __builtin___snprintf_chk (&jb, 768, 2, 768, "{\"id\":\"%s\",\"object\":\"chat.completion.chunk\",\"created\":%ld,\"model\":\"%s\",\"choices\":[{\"index\":0,\"delta\":{\"content\":\"%s\"},\"finish_reason\":null}]}", &g_oa_id, g_oa_created.694_9, g_model.693_8, &esc);
qwen36.c:543:17: missed: statement clobbers memory: sse_chunk (&jb);
/usr/include/x86_64-linux-gnu/bits/stdio2.h:54:10: missed: statement clobbers memory: __builtin___snprintf_chk (&jb, 700, 2, 700, "{\"id\":\"%s\",\"object\":\"chat.completion.chunk\",\"created\":%ld,\"model\":\"%s\",\"choices\":[{\"index\":0,\"delta\":{},\"finish_reason\":\"stop\"}],\"usage\":{\"prompt_tokens\":%d,\"completion_tokens\":%d,\"total_tokens\":%d},\"timings\":{\"ttft_s\":%.3f,\"tokens_per_sec\":%.3f,\"total_s\":%.3f}}", &g_oa_id, g_oa_created.697_13, g_model.696_12, np_47(D), n_new_43(D), _190, g_ttft.695_10, iftmp.688_32, total_40);
qwen36.c:553:9: missed: statement clobbers memory: sse_chunk (&jb);
/usr/include/x86_64-linux-gnu/bits/stdio2.h:54:10: missed: statement clobbers memory: _71 = __builtin_snprintf (&done, 16, "data: [DONE]\n\n");
qwen36.c:556:16: missed: statement clobbers memory: fwrite (&done, 1, _17, stdout.702_16);
qwen36.c:556:53: missed: statement clobbers memory: fflush (stdout.703_18);
qwen36.c:447:24: note: ***** Analysis failed with vector mode V4DI
qwen36.c:447:24: note: ***** The result for vector mode V32QI would be the same
qwen36.c:447:24: note: ***** Re-trying analysis with vector mode V16QI
qwen36.c:447:24: note: ***** Analysis failed with vector mode V16QI
qwen36.c:447:24: note: ***** Re-trying analysis with vector mode V8QI
qwen36.c:447:24: note: ***** Analysis failed with vector mode V8QI
qwen36.c:447:24: note: ***** Re-trying analysis with vector mode V4QI
qwen36.c:447:24: note: ***** Analysis failed with vector mode V4QI
st.h:696:41: missed: couldn't vectorize loop
st.h:696:41: missed: not vectorized: control flow in loop.
st.h:78:11: missed: couldn't vectorize loop
st.h:78:11: missed: not vectorized: number of iterations cannot be computed.
st.h:702:52: missed: couldn't vectorize loop
st.h:702:52: missed: not vectorized: control flow in loop.
st.h:692:19: note: vectorized 0 loops in function.
st.h:702:41: missed: statement clobbers memory: _41 = strcmp (_40, name_21(D));
st.h:697:18: missed: statement clobbers memory: _22 = strcmp (_20, name_21(D));
st.h:698:15: note: ***** Analysis failed with vector mode V4DI
st.h:698:15: note: ***** The result for vector mode V32QI would be the same
st.h:698:15: note: ***** Re-trying analysis with vector mode V16QI
st.h:698:15: note: ***** Analysis failed with vector mode V16QI
st.h:698:15: note: ***** Re-trying analysis with vector mode V8QI
st.h:698:15: note: ***** Analysis failed with vector mode V8QI
st.h:698:15: note: ***** Re-trying analysis with vector mode V4QI
st.h:698:15: note: ***** Analysis failed with vector mode V4QI
json.h:69:23: missed: couldn't vectorize loop
json.h:69:23: missed: not vectorized: control flow in loop.
json.h:55:14: note: vectorized 0 loops in function.
json.h:64:49: missed: statement clobbers memory: tmp_171 = malloc (64);
json.h:79:45: missed: statement clobbers memory: _16 = strtoul (&D.46429, 0B, 16);
json.h:87:44: missed: statement clobbers memory: tmp_235 = realloc (tmp_299, cap_233);
json.h:87:65: missed: statement clobbers memory: tmp_240 = realloc (tmp_133, cap_238);
/usr/include/x86_64-linux-gnu/bits/stdio2.h:79:10: missed: statement clobbers memory: __builtin_fwrite ("OOM parsing JSON string\n", 1, 24, stderr.220_44);
json.h:87:65: missed: statement clobbers memory: exit (1);
/usr/include/x86_64-linux-gnu/bits/stdio2.h:79:10: missed: statement clobbers memory: __builtin_fwrite ("OOM parsing JSON string\n", 1, 24, stderr.218_37);
json.h:87:44: missed: statement clobbers memory: exit (1);
json.h:86:38: missed: statement clobbers memory: tmp_245 = realloc (tmp_299, cap_243);
/usr/include/x86_64-linux-gnu/bits/stdio2.h:79:10: missed: statement clobbers memory: __builtin_fwrite ("OOM parsing JSON string\n", 1, 24, stderr.216_33);
json.h:86:38: missed: statement clobbers memory: exit (1);
json.h:83:49: missed: statement clobbers memory: _26 = strtoul (&D.46431, 0B, 16);
json.h:88:46: missed: statement clobbers memory: tmp_220 = realloc (tmp_299, cap_218);
json.h:88:68: missed: statement clobbers memory: tmp_225 = realloc (tmp_135, cap_223);
json.h:88:96: missed: statement clobbers memory: tmp_230 = realloc (tmp_136, cap_228);
/usr/include/x86_64-linux-gnu/bits/stdio2.h:79:10: missed: statement clobbers memory: __builtin_fwrite ("OOM parsing JSON string\n", 1, 24, stderr.226_66);
json.h:88:96: missed: statement clobbers memory: exit (1);
/usr/include/x86_64-linux-gnu/bits/stdio2.h:79:10: missed: statement clobbers memory: __builtin_fwrite ("OOM parsing JSON string\n", 1, 24, stderr.224_58);
json.h:88:68: missed: statement clobbers memory: exit (1);
/usr/include/x86_64-linux-gnu/bits/stdio2.h:79:10: missed: statement clobbers memory: __builtin_fwrite ("OOM parsing JSON string\n", 1, 24, stderr.222_51);
json.h:88:46: missed: statement clobbers memory: exit (1);
json.h:89:28: missed: statement clobbers memory: tmp_200 = realloc (tmp_299, cap_198);
json.h:89:50: missed: statement clobbers memory: tmp_205 = realloc (tmp_138, cap_203);
json.h:89:79: missed: statement clobbers memory: tmp_210 = realloc (tmp_139, cap_208);
json.h:89:107: missed: statement clobbers memory: tmp_215 = realloc (tmp_140, cap_213);
/usr/include/x86_64-linux-gnu/bits/stdio2.h:79:10: missed: statement clobbers memory: __builtin_fwrite ("OOM parsing JSON string\n", 1, 24, stderr.234_96);
json.h:89:107: missed: statement clobbers memory: exit (1);
/usr/include/x86_64-linux-gnu/bits/stdio2.h:79:10: missed: statement clobbers memory: __builtin_fwrite ("OOM parsing JSON string\n", 1, 24, stderr.232_88);
json.h:89:79: missed: statement clobbers memory: exit (1);
/usr/include/x86_64-linux-gnu/bits/stdio2.h:79:10: missed: statement clobbers memory: __builtin_fwrite ("OOM parsing JSON string\n", 1, 24, stderr.230_80);
json.h:89:50: missed: statement clobbers memory: exit (1);
/usr/include/x86_64-linux-gnu/bits/stdio2.h:79:10: missed: statement clobbers memory: __builtin_fwrite ("OOM parsing JSON string\n", 1, 24, stderr.228_73);
json.h:89:28: missed: statement clobbers memory: exit (1);
json.h:95:9: missed: statement clobbers memory: tmp_252 = realloc (tmp_299, cap_250);
json.h:41:23: missed: statement clobbers memory: d_278 = malloc (prephitmp_324);
/usr/include/x86_64-linux-gnu/bits/string_fortified.h:29:10: missed: statement clobbers memory: __builtin___memcpy_chk (d_278, tmp_174, prephitmp_326, prephitmp_324);
json.h:99:40: missed: statement clobbers memory: free (tmp_174);
/usr/include/x86_64-linux-gnu/bits/stdio2.h:79:10: missed: statement clobbers memory: __builtin_fwrite ("OOM parsing JSON string\n", 1, 24, stderr.236_103);
json.h:95:9: missed: statement clobbers memory: exit (1);
/usr/include/x86_64-linux-gnu/bits/stdio2.h:79:10: missed: statement clobbers memory: __builtin_fwrite ("OOM parsing JSON string\n", 1, 24, stderr.215_5);
json.h:65:63: missed: statement clobbers memory: exit (1);
json.h:41:23: missed: statement clobbers memory: d_272 = malloc (1);
json.h:83:65: note: ***** Analysis succeeded with vector mode V4DI
json.h:83:65: note: SLPing BB part
json.h:79:61: note: Costing subgraph: 
json.h:79:61: note: node 0x3adba578 (max_nunits=4, refcnt=1) vector(4) char
json.h:79:61: note: op template: D.46429[0] = _11;
json.h:79:61: note: 	stmt 0 D.46429[0] = _11;
json.h:79:61: note: 	stmt 1 D.46429[1] = _12;
json.h:79:61: note: 	stmt 2 D.46429[2] = _13;
json.h:79:61: note: 	stmt 3 D.46429[3] = _14;
json.h:79:61: note: 	children 0x3adba678
json.h:79:61: note: node (external) 0x3adba678 (max_nunits=1, refcnt=1) vector(4) char
json.h:79:61: note: 	{ _11, _12, _13, _14 }
json.h:79:61: note: Cost model analysis: 
json.h:79:61: note: Cost model analysis for part in loop 1:
  Vector cost: 24
  Scalar cost: 48
json.h:83:65: note: Costing subgraph: 
json.h:83:65: note: node 0x3adba778 (max_nunits=4, refcnt=1) vector(4) char
json.h:83:65: note: op template: D.46431[0] = _22;
json.h:83:65: note: 	stmt 0 D.46431[0] = _22;
json.h:83:65: note: 	stmt 1 D.46431[1] = _23;
json.h:83:65: note: 	stmt 2 D.46431[2] = _24;
json.h:83:65: note: 	stmt 3 D.46431[3] = _25;
json.h:83:65: note: 	children 0x3adba878
json.h:83:65: note: node (external) 0x3adba878 (max_nunits=1, refcnt=1) vector(4) char
json.h:83:65: note: 	{ _22, _23, _24, _25 }
json.h:83:65: note: Cost model analysis: 
json.h:83:65: note: Cost model analysis for part in loop 1:
  Vector cost: 24
  Scalar cost: 48
json.h:83:65: note: Basic block will be vectorized using SLP
json.h:83:65: note: Vectorizing SLP tree:
json.h:83:65: note: node 0x3adba578 (max_nunits=4, refcnt=1) vector(4) char
json.h:83:65: note: op template: D.46429[0] = _11;
json.h:83:65: note: 	stmt 0 D.46429[0] = _11;
json.h:83:65: note: 	stmt 1 D.46429[1] = _12;
json.h:83:65: note: 	stmt 2 D.46429[2] = _13;
json.h:83:65: note: 	stmt 3 D.46429[3] = _14;
json.h:83:65: note: 	children 0x3adba678
json.h:83:65: note: node (external) 0x3adba678 (max_nunits=1, refcnt=1) vector(4) char
json.h:83:65: note: 	{ _11, _12, _13, _14 }
json.h:83:65: note: ------>vectorizing SLP node starting from: D.46429[0] = _11;
json.h:83:65: note: vect_is_simple_use: operand MEM[(const char *)_112 + 3B], type of def: internal
json.h:83:65: note: vect_is_simple_use: operand MEM[(const char *)_112 + 4B], type of def: internal
json.h:83:65: note: vect_is_simple_use: operand MEM[(const char *)_112 + 5B], type of def: internal
json.h:83:65: note: transform store. ncopies = 1
json.h:83:65: note: create vector_type-pointer variable to type: vector(4) char  vectorizing a pointer ref: D.46429[0]
json.h:83:65: note: created &D.46429[0]
json.h:83:65: note: add new stmt: MEM <vector(4) char> [(char *)&D.46429] = _114;
json.h:83:65: note: vectorizing stmts using SLP.
json.h:83:65: optimized: basic block part vectorized using 32 byte vectors
json.h:83:65: note: Vectorizing SLP tree:
json.h:83:65: note: node 0x3adba778 (max_nunits=4, refcnt=1) vector(4) char
json.h:83:65: note: op template: D.46431[0] = _22;
json.h:83:65: note: 	stmt 0 D.46431[0] = _22;
json.h:83:65: note: 	stmt 1 D.46431[1] = _23;
json.h:83:65: note: 	stmt 2 D.46431[2] = _24;
json.h:83:65: note: 	stmt 3 D.46431[3] = _25;
json.h:83:65: note: 	children 0x3adba878
json.h:83:65: note: node (external) 0x3adba878 (max_nunits=1, refcnt=1) vector(4) char
json.h:83:65: note: 	{ _22, _23, _24, _25 }
json.h:83:65: note: ------>vectorizing SLP node starting from: D.46431[0] = _22;
json.h:83:65: note: vect_is_simple_use: operand MEM[(const char *)_17 + 7B], type of def: internal
json.h:83:65: note: vect_is_simple_use: operand MEM[(const char *)_17 + 8B], type of def: internal
json.h:83:65: note: vect_is_simple_use: operand MEM[(const char *)_17 + 9B], type of def: internal
json.h:83:65: note: transform store. ncopies = 1
json.h:83:65: note: create vector_type-pointer variable to type: vector(4) char  vectorizing a pointer ref: D.46431[0]
json.h:83:65: note: created &D.46431[0]
json.h:83:65: note: add new stmt: MEM <vector(4) char> [(char *)&D.46431] = _21;
json.h:83:65: note: vectorizing stmts using SLP.
json.h:83:65: optimized: basic block part vectorized using 32 byte vectors
json.h:83:65: note: ***** The result for vector mode V32QI would be the same
qwen36.c:1012:13: note: vectorized 0 loops in function.
qwen36.c:1010:71: missed: statement clobbers memory: e_13 = getenv ("COLI_DENSE_I8");
qwen36.c:1014:17: missed: statement clobbers memory: q_20 = malloc (_19);
qwen36.c:1014:50: missed: statement clobbers memory: sc_22 = malloc (_21);
qwen36.c:1012:13: missed: statement clobbers memory: __builtin_GOMP_parallel (qdw_register_with_flags._omp_fn.0, &.omp_data_o.410, 0, 0);
qwen36.c:1015:22: missed: statement clobbers memory: free (q_20);
qwen36.c:1015:31: missed: statement clobbers memory: free (sc_22);
qwen36.c:1024:21: note: ***** Analysis succeeded with vector mode V8SI
qwen36.c:1024:21: note: SLPing BB part
qwen36.c:1016:13: note: Costing subgraph: 
qwen36.c:1016:13: note: node 0x37da57b8 (max_nunits=2, refcnt=1) vector(2) int
qwen36.c:1016:13: note: op template: .omp_data_o.410.I = I_10(D);
qwen36.c:1016:13: note: 	stmt 0 .omp_data_o.410.I = I_10(D);
qwen36.c:1016:13: note: 	stmt 1 .omp_data_o.410.O = O_9(D);
qwen36.c:1016:13: note: 	children 0x37da5838
qwen36.c:1016:13: note: node (external) 0x37da5838 (max_nunits=1, refcnt=1) vector(2) int
qwen36.c:1016:13: note: 	{ I_10(D), O_9(D) }
qwen36.c:1016:13: note: Cost model analysis: 
qwen36.c:1016:13: note: Cost model analysis for part in loop 0:
  Vector cost: 20
  Scalar cost: 24
qwen36.c:1016:13: note: Costing subgraph: 
qwen36.c:1016:13: note: node 0x37da5938 (max_nunits=2, refcnt=1) vector(2) long unsigned int
qwen36.c:1016:13: note: op template: .omp_data_o.410.W = W_6(D);
qwen36.c:1016:13: note: 	stmt 0 .omp_data_o.410.W = W_6(D);
qwen36.c:1016:13: note: 	stmt 1 .omp_data_o.410.q = q_20;
qwen36.c:1016:13: note: 	children 0x37da59b8
qwen36.c:1016:13: note: node (external) 0x37da59b8 (max_nunits=1, refcnt=1) vector(2) long unsigned int
qwen36.c:1016:13: note: 	{ W_6(D), q_20 }
qwen36.c:1016:13: note: Cost model analysis: 
qwen36.c:1016:13: note: Cost model analysis for part in loop 0:
  Vector cost: 20
  Scalar cost: 24
qwen36.c:1025:21: note: Costing subgraph: 
qwen36.c:1025:21: note: node 0x37da5a38 (max_nunits=2, refcnt=1) vector(2) int
qwen36.c:1025:21: note: op template: g_qdw[g_qdw_n.400_26].I = I_10(D);
qwen36.c:1025:21: note: 	stmt 0 g_qdw[g_qdw_n.400_26].I = I_10(D);
qwen36.c:1025:21: note: 	stmt 1 g_qdw[g_qdw_n.400_26].O = O_9(D);
qwen36.c:1025:21: note: 	children 0x37da5ab8
qwen36.c:1025:21: note: node (external) 0x37da5ab8 (max_nunits=1, refcnt=1) vector(2) int
qwen36.c:1025:21: note: 	{ I_10(D), O_9(D) }
qwen36.c:1025:21: note: Cost model analysis: 
qwen36.c:1025:21: note: Cost model analysis for part in loop 0:
  Vector cost: 20
  Scalar cost: 24
qwen36.c:1024:21: note: Costing subgraph: 
qwen36.c:1024:21: note: node 0x37da5bb8 (max_nunits=2, refcnt=1) vector(2) long unsigned int
qwen36.c:1024:21: note: op template: g_qdw[g_qdw_n.400_26].w = W_6(D);
qwen36.c:1024:21: note: 	stmt 0 g_qdw[g_qdw_n.400_26].w = W_6(D);
qwen36.c:1024:21: note: 	stmt 1 g_qdw[g_qdw_n.400_26].q = q_20;
qwen36.c:1024:21: note: 	children 0x37da5c38
qwen36.c:1024:21: note: node (external) 0x37da5c38 (max_nunits=1, refcnt=1) vector(2) long unsigned int
qwen36.c:1024:21: note: 	{ W_6(D), q_20 }
qwen36.c:1024:21: note: Cost model analysis: 
qwen36.c:1024:21: note: Cost model analysis for part in loop 0:
  Vector cost: 20
  Scalar cost: 24
qwen36.c:1024:21: note: Basic block will be vectorized using SLP
qwen36.c:1024:21: note: Vectorizing SLP tree:
qwen36.c:1024:21: note: node 0x37da57b8 (max_nunits=2, refcnt=1) vector(2) int
qwen36.c:1024:21: note: op template: .omp_data_o.410.I = I_10(D);
qwen36.c:1024:21: note: 	stmt 0 .omp_data_o.410.I = I_10(D);
qwen36.c:1024:21: note: 	stmt 1 .omp_data_o.410.O = O_9(D);
qwen36.c:1024:21: note: 	children 0x37da5838
qwen36.c:1024:21: note: node (external) 0x37da5838 (max_nunits=1, refcnt=1) vector(2) int
qwen36.c:1024:21: note: 	{ I_10(D), O_9(D) }
qwen36.c:1024:21: note: ------>vectorizing SLP node starting from: .omp_data_o.410.I = I_10(D);
qwen36.c:1024:21: note: vect_is_simple_use: operand O_9(D), type of def: external
qwen36.c:1024:21: note: transform store. ncopies = 1
qwen36.c:1024:21: note: create vector_type-pointer variable to type: vector(2) int  vectorizing a pointer ref: .omp_data_o.410.I
qwen36.c:1024:21: note: created &.omp_data_o.410.I
qwen36.c:1024:21: note: add new stmt: MEM <vector(2) int> [(int *)&.omp_data_o.410 + 24B] = _55;
qwen36.c:1024:21: note: vectorizing stmts using SLP.
qwen36.c:1024:21: optimized: basic block part vectorized using 32 byte vectors
qwen36.c:1024:21: note: Vectorizing SLP tree:
qwen36.c:1024:21: note: node 0x37da5938 (max_nunits=2, refcnt=1) vector(2) long unsigned int
qwen36.c:1024:21: note: op template: .omp_data_o.410.W = W_6(D);
qwen36.c:1024:21: note: 	stmt 0 .omp_data_o.410.W = W_6(D);
qwen36.c:1024:21: note: 	stmt 1 .omp_data_o.410.q = q_20;
qwen36.c:1024:21: note: 	children 0x37da59b8
qwen36.c:1024:21: note: node (external) 0x37da59b8 (max_nunits=1, refcnt=1) vector(2) long unsigned int
qwen36.c:1024:21: note: 	{ W_6(D), q_20 }
qwen36.c:1024:21: note: ------>vectorizing SLP node starting from: .omp_data_o.410.W = W_6(D);
qwen36.c:1024:21: note: vect_is_simple_use: operand malloc (_19), type of def: internal
qwen36.c:1024:21: note: conflicting alias set types.
qwen36.c:1024:21: note: transform store. ncopies = 1
qwen36.c:1024:21: note: create vector_type-pointer variable to type: vector(2) long unsigned int  vectorizing a pointer ref: .omp_data_o.410.W
qwen36.c:1024:21: note: created &.omp_data_o.410
qwen36.c:1024:21: note: add new stmt: MEM <vector(2) long unsigned int> [(void *)&.omp_data_o.410] = _59;
qwen36.c:1024:21: note: vectorizing stmts using SLP.
qwen36.c:1024:21: optimized: basic block part vectorized using 32 byte vectors
qwen36.c:1024:21: note: Vectorizing SLP tree:
qwen36.c:1024:21: note: node 0x37da5a38 (max_nunits=2, refcnt=1) vector(2) int
qwen36.c:1024:21: note: op template: g_qdw[g_qdw_n.400_26].I = I_10(D);
qwen36.c:1024:21: note: 	stmt 0 g_qdw[g_qdw_n.400_26].I = I_10(D);
qwen36.c:1024:21: note: 	stmt 1 g_qdw[g_qdw_n.400_26].O = O_9(D);
qwen36.c:1024:21: note: 	children 0x37da5ab8
qwen36.c:1024:21: note: node (external) 0x37da5ab8 (max_nunits=1, refcnt=1) vector(2) int
qwen36.c:1024:21: note: 	{ I_10(D), O_9(D) }
qwen36.c:1024:21: note: ------>vectorizing SLP node starting from: g_qdw[g_qdw_n.400_26].I = I_10(D);
qwen36.c:1024:21: note: vect_is_simple_use: operand O_9(D), type of def: external
qwen36.c:1024:21: note: transform store. ncopies = 1
qwen36.c:1024:21: note: create vector_type-pointer variable to type: vector(2) int  vectorizing a pointer ref: g_qdw[g_qdw_n.400_26].I
qwen36.c:1024:21: note: created vectp.2032_62
qwen36.c:1024:21: note: add new stmt: MEM <vector(2) int> [(int *)vectp.2032_62] = _61;
qwen36.c:1024:21: note: vectorizing stmts using SLP.
qwen36.c:1024:21: optimized: basic block part vectorized using 32 byte vectors
qwen36.c:1024:21: note: Vectorizing SLP tree:
qwen36.c:1024:21: note: node 0x37da5bb8 (max_nunits=2, refcnt=1) vector(2) long unsigned int
qwen36.c:1024:21: note: op template: g_qdw[g_qdw_n.400_26].w = W_6(D);
qwen36.c:1024:21: note: 	stmt 0 g_qdw[g_qdw_n.400_26].w = W_6(D);
qwen36.c:1024:21: note: 	stmt 1 g_qdw[g_qdw_n.400_26].q = q_20;
qwen36.c:1024:21: note: 	children 0x37da5c38
qwen36.c:1024:21: note: node (external) 0x37da5c38 (max_nunits=1, refcnt=1) vector(2) long unsigned int
qwen36.c:1024:21: note: 	{ W_6(D), q_20 }
qwen36.c:1024:21: note: ------>vectorizing SLP node starting from: g_qdw[g_qdw_n.400_26].w = W_6(D);
qwen36.c:1024:21: note: vect_is_simple_use: operand malloc (_19), type of def: internal
qwen36.c:1024:21: note: conflicting alias set types.
qwen36.c:1024:21: note: transform store. ncopies = 1
qwen36.c:1024:21: note: create vector_type-pointer variable to type: vector(2) long unsigned int  vectorizing a pointer ref: g_qdw[g_qdw_n.400_26].w
qwen36.c:1024:21: note: created vectp.2034_67
qwen36.c:1024:21: note: add new stmt: MEM <vector(2) long unsigned int> [(void *)vectp.2034_67] = _66;
qwen36.c:1024:21: note: vectorizing stmts using SLP.
qwen36.c:1024:21: optimized: basic block part vectorized using 32 byte vectors
qwen36.c:1024:21: note: ***** The result for vector mode V32QI would be the same
qwen36.c:1712:23: missed: couldn't vectorize loop
qwen36.c:1712:23: missed: not vectorized: unsupported data-type
qwen36.c:1713:29: missed: couldn't vectorize loop
qwen36.c:1713:29: missed: not vectorized: loop nest containing two or more consecutive inner loops cannot be vectorized
qwen36.c:1733:17: missed: couldn't vectorize loop
qwen36.c:1733:17: missed: not vectorized: control flow in loop.
qwen36.c:1705:13: missed: couldn't vectorize loop
qwen36.c:1705:13: missed: not vectorized: multiple nested loops.
qwen36.c:1723:31: missed: couldn't vectorize loop
qwen36.c:1723:31: missed: not vectorized: control flow in loop.
qwen36.c:1725:57: missed: couldn't vectorize loop
qwen36.c:1725:57: missed: not vectorized: control flow in loop.
qwen36.c:1715:27: optimized: loop vectorized using 32 byte vectors
qwen36.c:1715:27: optimized: loop vectorized using 16 byte vectors
qwen36.c:1705:13: note: vectorized 1 loops in function.
qwen36.c:1736:13: missed: statement clobbers memory: pthread_mutex_lock (&g_pilot_mx);
qwen36.c:1739:13: missed: statement clobbers memory: pthread_mutex_unlock (&g_pilot_mx);
qwen36.c:1739:13: missed: statement clobbers memory: pthread_mutex_unlock (&g_pilot_mx);
qwen36.c:692:13: missed: statement clobbers memory: _145 = pthread_create (&t, 0B, pilot_worker, 0B);
qwen36.c:696:9: missed: statement clobbers memory: pthread_detach (t.601_146);
qwen36.c:1742:30: missed: statement clobbers memory: w_68 = __atomic_load_4 (&pilot_w, 0);
qwen36.c:1743:30: missed: statement clobbers memory: r_69 = __atomic_load_4 (&pilot_r, 2);
qwen36.c:1745:17: missed: statement clobbers memory: pthread_mutex_lock (&g_pilot_mx);
qwen36.c:1749:21: missed: statement clobbers memory: __atomic_store_4 (&pilot_w, _79, 3);
qwen36.c:1751:17: missed: statement clobbers memory: pthread_mutex_unlock (&g_pilot_mx);
qwen36.c:1705:13: missed: statement clobbers memory: ensure_pilot_worker_started.part.0 ();
/usr/include/x86_64-linux-gnu/bits/stdio2.h:79:10: missed: statement clobbers memory: __fprintf_chk (stderr.606_88, 2, "[HOT] Pinned %d experts (top-%d/layer) after %d warmup tokens\n", pinned_total_174, prephitmp_229, _86);
qwen36.c:1748:41: note: ***** Analysis succeeded with vector mode V8SI
qwen36.c:1748:41: note: SLPing BB part
qwen36.c:1748:41: note: Costing subgraph: 
qwen36.c:1748:41: note: node 0x3ae430f8 (max_nunits=2, refcnt=1) vector(2) int
qwen36.c:1748:41: note: op template: pilot_q[_78].l = l_158;
qwen36.c:1748:41: note: 	stmt 0 pilot_q[_78].l = l_158;
qwen36.c:1748:41: note: 	stmt 1 pilot_q[_78].e = eid_58;
qwen36.c:1748:41: note: 	children 0x3ae431f8
qwen36.c:1748:41: note: node (external) 0x3ae431f8 (max_nunits=1, refcnt=1) vector(2) int
qwen36.c:1748:41: note: 	{ l_158, eid_58 }
qwen36.c:1748:41: note: Cost model analysis: 
qwen36.c:1748:41: note: Cost model analysis for part in loop 2:
  Vector cost: 18
  Scalar cost: 24
qwen36.c:1748:41: note: Basic block will be vectorized using SLP
qwen36.c:1748:41: note: Vectorizing SLP tree:
qwen36.c:1748:41: note: node 0x3ae430f8 (max_nunits=2, refcnt=1) vector(2) int
qwen36.c:1748:41: note: op template: pilot_q[_78].l = l_158;
qwen36.c:1748:41: note: 	stmt 0 pilot_q[_78].l = l_158;
qwen36.c:1748:41: note: 	stmt 1 pilot_q[_78].e = eid_58;
qwen36.c:1748:41: note: 	children 0x3ae431f8
qwen36.c:1748:41: note: node (external) 0x3ae431f8 (max_nunits=1, refcnt=1) vector(2) int
qwen36.c:1748:41: note: 	{ l_158, eid_58 }
qwen36.c:1748:41: note: ------>vectorizing SLP node starting from: pilot_q[_78].l = l_158;
qwen36.c:1748:41: note: vect_is_simple_use: operand hot_eids[k_168], type of def: internal
qwen36.c:1748:41: note: transform store. ncopies = 1
qwen36.c:1748:41: note: create vector_type-pointer variable to type: vector(2) int  vectorizing a pointer ref: pilot_q[_78].l
qwen36.c:1748:41: note: created vectp.2071_159
qwen36.c:1748:41: note: add new stmt: MEM <vector(2) int> [(int *)vectp.2071_159] = _160;
qwen36.c:1748:41: note: vectorizing stmts using SLP.
qwen36.c:1748:41: optimized: basic block part vectorized using 32 byte vectors
qwen36.c:1748:41: note: ***** The result for vector mode V32QI would be the same
qwen36.c:1544:14: optimized: loop vectorized using 16 byte vectors
qwen36.c:1544:14: optimized:  loop versioned for vectorization because of possible aliasing
qwen36.c:1524:19: missed: couldn't vectorize loop
/usr/lib/gcc/x86_64-linux-gnu/13/include/emmintrin.h:706:10: missed: not vectorized: no vectype for stmt: _123 = MEM[(const __m128i_u * {ref-all})_122];
 scalar_type: const __m128i_u
qwen36.c:1551:13: note: vectorized 1 loops in function.
/usr/include/x86_64-linux-gnu/bits/stdio2.h:54:10: missed: statement clobbers memory: __builtin___snprintf_chk (&nm, 256, 2, 256, "model.layers.%d.mlp.experts.%d.merged_weight", la_47, eid_48(D));
/usr/include/x86_64-linux-gnu/bits/stdio2.h:54:10: missed: statement clobbers memory: __builtin___snprintf_chk (&qsnm, 256, 2, 256, "model.layers.%d.mlp.experts.%d.qs", la_47, eid_48(D));
qwen36.c:1560:21: missed: statement clobbers memory: tw_53 = st_find (_10, &nm);
qwen36.c:1560:47: missed: statement clobbers memory: ts_55 = st_find (_10, &qsnm);
qwen36.c:1603:9: missed: statement clobbers memory: free (_34);
qwen36.c:1603:22: missed: statement clobbers memory: free (_35);
qwen36.c:1603:35: missed: statement clobbers memory: free (_36);
st.h:922:20: missed: statement clobbers memory: t_170 = st_find (_10, &nm);
st.h:924:5: missed: statement clobbers memory: st_pread_full (_173, _37, _172, _171, "pread raw");
st.h:925:15: missed: statement clobbers memory: posix_fadvise (_176, _175, _174, 4);
/usr/include/x86_64-linux-gnu/bits/stdio2.h:79:10: missed: statement clobbers memory: __builtin_fwrite ("[qwen36] int4 packed weights detected \xe2\x80\x94 unpacking to int8 in slot\n", 1, 68, stderr.131_18);
qwen36.c:1576:35: missed: statement clobbers memory: raw_67 = malloc (_19);
st.h:922:20: missed: statement clobbers memory: t_163 = st_find (_10, &nm);
st.h:924:5: missed: statement clobbers memory: st_pread_full (_166, raw_67, _165, _164, "pread raw");
st.h:925:15: missed: statement clobbers memory: posix_fadvise (_169, _168, _167, 4);
qwen36.c:1582:9: missed: statement clobbers memory: free (_22);
qwen36.c:1582:22: missed: statement clobbers memory: free (_23);
qwen36.c:1582:35: missed: statement clobbers memory: free (_24);
qwen36.c:1590:13: missed: statement clobbers memory: _25 = qt_ready ();
qwen36.c:1592:32: missed: statement clobbers memory: _27 = malloc (gp.133_26);
qwen36.c:1593:32: missed: statement clobbers memory: _28 = malloc (gp.133_26);
qwen36.c:1594:32: missed: statement clobbers memory: _29 = malloc (gp.133_26);
/usr/include/x86_64-linux-gnu/bits/string_fortified.h:29:10: missed: statement clobbers memory: __builtin___memcpy_chk (_27, raw_67, gp.133_26, gp.133_26);
/usr/include/x86_64-linux-gnu/bits/string_fortified.h:29:10: missed: statement clobbers memory: __builtin___memcpy_chk (_28, _31, gp.133_26, gp.133_26);
/usr/include/x86_64-linux-gnu/bits/string_fortified.h:29:10: missed: statement clobbers memory: __builtin___memcpy_chk (_29, _33, gp.133_26, gp.133_26);
qwen36.c:1600:9: missed: statement clobbers memory: free (raw_67);
qwen36.c:1606:5: missed: statement clobbers memory: st_read_f32.constprop.isra (_10, &qsnm, _38);
/usr/include/x86_64-linux-gnu/bits/stdio2.h:79:10: missed: statement clobbers memory: __fprintf_chk (stderr.136_30, 2, "OOM int4-packed %s\n", &nm);
qwen36.c:1595:92: missed: statement clobbers memory: exit (1);
qwen36.c:1551:13: missed: statement clobbers memory: st_read_raw.part.0 (&nm);
/usr/include/x86_64-linux-gnu/bits/stdio2.h:79:10: missed: statement clobbers memory: __fprintf_chk (stderr.132_20, 2, "OOM reading int4 expert %s\n", &nm);
qwen36.c:1577:74: missed: statement clobbers memory: exit (1);
/usr/include/x86_64-linux-gnu/bits/stdio2.h:79:10: missed: statement clobbers memory: __fprintf_chk (stderr.129_15, 2, "%s: scale array is %lld elems \xe2\x80\x94 expected %lld (refusing)\n", &qsnm, iftmp.128_40, want_s_52);
qwen36.c:1566:77: missed: statement clobbers memory: exit (1);
/usr/include/x86_64-linux-gnu/bits/stdio2.h:79:10: missed: statement clobbers memory: __fprintf_chk (stderr.127_13, 2, "%s: expert weight is %lld bytes \xe2\x80\x94 expected %lld (int8) or %lld (int4)\n", &nm, iftmp.126_39, want_w_51, _54);
qwen36.c:1563:101: missed: statement clobbers memory: exit (1);
qwen36.c:1582:54: note: ***** Analysis succeeded with vector mode V4DI
qwen36.c:1582:54: note: SLPing BB part
qwen36.c:1603:54: note: Costing subgraph: 
qwen36.c:1603:54: note: node 0x3af1eb28 (max_nunits=2, refcnt=1) vector(2) long unsigned int
qwen36.c:1603:54: note: op template: s_56(D)->g4 = 0B;
qwen36.c:1603:54: note: 	stmt 0 s_56(D)->g4 = 0B;
qwen36.c:1603:54: note: 	stmt 1 s_56(D)->u4 = 0B;
qwen36.c:1603:54: note: 	children 0x3af1eba8
qwen36.c:1603:54: note: node (constant) 0x3af1eba8 (max_nunits=1, refcnt=1) vector(2) long unsigned int
qwen36.c:1603:54: note: 	{ 0B, 0B }
qwen36.c:1603:54: note: Cost model analysis: 
qwen36.c:1603:54: note: Cost model analysis for part in loop 0:
  Vector cost: 24
  Scalar cost: 24
qwen36.c:1546:24: note: Costing subgraph: 
qwen36.c:1546:24: note: node 0x3af1ec28 (max_nunits=2, refcnt=1) vector(2) signed char
qwen36.c:1546:24: note: op template: *_538 = _539;
qwen36.c:1546:24: note: 	stmt 0 *_538 = _539;
qwen36.c:1546:24: note: 	stmt 1 *_542 = _543;
qwen36.c:1546:24: note: 	children 0x3af1eca8
qwen36.c:1546:24: note: node 0x3af1eca8 (max_nunits=2, refcnt=1) vector(2) signed char
qwen36.c:1546:24: note: op template: _539 = _535 >> 4;
qwen36.c:1546:24: note: 	stmt 0 _539 = _535 >> 4;
qwen36.c:1546:24: note: 	stmt 1 _543 = byte.146_534 >> 4;
qwen36.c:1546:24: note: 	children 0x3af1eda8 0x3af1ee28
qwen36.c:1546:24: note: node (external) 0x3af1eda8 (max_nunits=1, refcnt=1) vector(2) signed char
qwen36.c:1546:24: note: 	{ _535, byte.146_534 }
qwen36.c:1546:24: note: node (constant) 0x3af1ee28 (max_nunits=1, refcnt=1)
qwen36.c:1546:24: note: 	{ 4, 4 }
qwen36.c:1546:24: note: Cost model analysis: 
qwen36.c:1546:24: note: Cost model analysis for part in loop 0:
  Vector cost: 22
  Scalar cost: 32
qwen36.c:1546:24: note: Costing subgraph: 
qwen36.c:1546:24: note: node 0x3af1eea8 (max_nunits=2, refcnt=1) vector(2) signed char
qwen36.c:1546:24: note: op template: *_555 = _556;
qwen36.c:1546:24: note: 	stmt 0 *_555 = _556;
qwen36.c:1546:24: note: 	stmt 1 *_559 = _560;
qwen36.c:1546:24: note: 	children 0x3af1ef28
qwen36.c:1546:24: note: node 0x3af1ef28 (max_nunits=2, refcnt=1) vector(2) signed char
qwen36.c:1546:24: note: op template: _556 = _552 >> 4;
qwen36.c:1546:24: note: 	stmt 0 _556 = _552 >> 4;
qwen36.c:1546:24: note: 	stmt 1 _560 = byte.146_551 >> 4;
qwen36.c:1546:24: note: 	children 0x3af1f028 0x3af1f0a8
qwen36.c:1546:24: note: node (external) 0x3af1f028 (max_nunits=1, refcnt=1) vector(2) signed char
qwen36.c:1546:24: note: 	{ _552, byte.146_551 }
qwen36.c:1546:24: note: node (constant) 0x3af1f0a8 (max_nunits=1, refcnt=1)
qwen36.c:1546:24: note: 	{ 4, 4 }
qwen36.c:1546:24: note: Cost model analysis: 
qwen36.c:1546:24: note: Cost model analysis for part in loop 0:
  Vector cost: 22
  Scalar cost: 32
qwen36.c:1546:24: note: Costing subgraph: 
qwen36.c:1546:24: note: node 0x3af1f128 (max_nunits=2, refcnt=1) vector(2) signed char
qwen36.c:1546:24: note: op template: *_572 = _573;
qwen36.c:1546:24: note: 	stmt 0 *_572 = _573;
qwen36.c:1546:24: note: 	stmt 1 *_576 = _577;
qwen36.c:1546:24: note: 	children 0x3af1f1a8
qwen36.c:1546:24: note: node 0x3af1f1a8 (max_nunits=2, refcnt=1) vector(2) signed char
qwen36.c:1546:24: note: op template: _573 = _569 >> 4;
qwen36.c:1546:24: note: 	stmt 0 _573 = _569 >> 4;
qwen36.c:1546:24: note: 	stmt 1 _577 = byte.146_568 >> 4;
qwen36.c:1546:24: note: 	children 0x3af1f2a8 0x3af1f328
qwen36.c:1546:24: note: node (external) 0x3af1f2a8 (max_nunits=1, refcnt=1) vector(2) signed char
qwen36.c:1546:24: note: 	{ _569, byte.146_568 }
qwen36.c:1546:24: note: node (constant) 0x3af1f328 (max_nunits=1, refcnt=1)
qwen36.c:1546:24: note: 	{ 4, 4 }
qwen36.c:1546:24: note: Cost model analysis: 
qwen36.c:1546:24: note: Cost model analysis for part in loop 0:
  Vector cost: 22
  Scalar cost: 32
qwen36.c:1546:24: note: Costing subgraph: 
qwen36.c:1546:24: note: node 0x3af1f3a8 (max_nunits=2, refcnt=1) vector(2) signed char
qwen36.c:1546:24: note: op template: *_589 = _590;
qwen36.c:1546:24: note: 	stmt 0 *_589 = _590;
qwen36.c:1546:24: note: 	stmt 1 *_593 = _594;
qwen36.c:1546:24: note: 	children 0x3af1f428
qwen36.c:1546:24: note: node 0x3af1f428 (max_nunits=2, refcnt=1) vector(2) signed char
qwen36.c:1546:24: note: op template: _590 = _586 >> 4;
qwen36.c:1546:24: note: 	stmt 0 _590 = _586 >> 4;
qwen36.c:1546:24: note: 	stmt 1 _594 = byte.146_585 >> 4;
qwen36.c:1546:24: note: 	children 0x3af1f528 0x3af1f5a8
qwen36.c:1546:24: note: node (external) 0x3af1f528 (max_nunits=1, refcnt=1) vector(2) signed char
qwen36.c:1546:24: note: 	{ _586, byte.146_585 }
qwen36.c:1546:24: note: node (constant) 0x3af1f5a8 (max_nunits=1, refcnt=1)
qwen36.c:1546:24: note: 	{ 4, 4 }
qwen36.c:1546:24: note: Cost model analysis: 
qwen36.c:1546:24: note: Cost model analysis for part in loop 0:
  Vector cost: 22
  Scalar cost: 32
qwen36.c:1546:24: note: Costing subgraph: 
qwen36.c:1546:24: note: node 0x3af1f628 (max_nunits=2, refcnt=1) vector(2) signed char
qwen36.c:1546:24: note: op template: *_606 = _607;
qwen36.c:1546:24: note: 	stmt 0 *_606 = _607;
qwen36.c:1546:24: note: 	stmt 1 *_610 = _611;
qwen36.c:1546:24: note: 	children 0x3af1f6a8
qwen36.c:1546:24: note: node 0x3af1f6a8 (max_nunits=2, refcnt=1) vector(2) signed char
qwen36.c:1546:24: note: op template: _607 = _603 >> 4;
qwen36.c:1546:24: note: 	stmt 0 _607 = _603 >> 4;
qwen36.c:1546:24: note: 	stmt 1 _611 = byte.146_602 >> 4;
qwen36.c:1546:24: note: 	children 0x3af1f7a8 0x3af1f828
qwen36.c:1546:24: note: node (external) 0x3af1f7a8 (max_nunits=1, refcnt=1) vector(2) signed char
qwen36.c:1546:24: note: 	{ _603, byte.146_602 }
qwen36.c:1546:24: note: node (constant) 0x3af1f828 (max_nunits=1, refcnt=1)
qwen36.c:1546:24: note: 	{ 4, 4 }
qwen36.c:1546:24: note: Cost model analysis: 
qwen36.c:1546:24: note: Cost model analysis for part in loop 0:
  Vector cost: 22
  Scalar cost: 32
qwen36.c:1546:24: note: Costing subgraph: 
qwen36.c:1546:24: note: node 0x3af1f8a8 (max_nunits=2, refcnt=1) vector(2) signed char
qwen36.c:1546:24: note: op template: *_623 = _624;
qwen36.c:1546:24: note: 	stmt 0 *_623 = _624;
qwen36.c:1546:24: note: 	stmt 1 *_627 = _628;
qwen36.c:1546:24: note: 	children 0x3af1f928
qwen36.c:1546:24: note: node 0x3af1f928 (max_nunits=2, refcnt=1) vector(2) signed char
qwen36.c:1546:24: note: op template: _624 = _620 >> 4;
qwen36.c:1546:24: note: 	stmt 0 _624 = _620 >> 4;
qwen36.c:1546:24: note: 	stmt 1 _628 = byte.146_619 >> 4;
qwen36.c:1546:24: note: 	children 0x3af1fa28 0x3af1faa8
qwen36.c:1546:24: note: node (external) 0x3af1fa28 (max_nunits=1, refcnt=1) vector(2) signed char
qwen36.c:1546:24: note: 	{ _620, byte.146_619 }
qwen36.c:1546:24: note: node (constant) 0x3af1faa8 (max_nunits=1, refcnt=1)
qwen36.c:1546:24: note: 	{ 4, 4 }
qwen36.c:1546:24: note: Cost model analysis: 
qwen36.c:1546:24: note: Cost model analysis for part in loop 0:
  Vector cost: 22
  Scalar cost: 32
qwen36.c:1546:24: note: Costing subgraph: 
qwen36.c:1546:24: note: node 0x3af1fb28 (max_nunits=2, refcnt=1) vector(2) signed char
qwen36.c:1546:24: note: op template: *_640 = _641;
qwen36.c:1546:24: note: 	stmt 0 *_640 = _641;
qwen36.c:1546:24: note: 	stmt 1 *_644 = _645;
qwen36.c:1546:24: note: 	children 0x3af1fba8
qwen36.c:1546:24: note: node 0x3af1fba8 (max_nunits=2, refcnt=1) vector(2) signed char
qwen36.c:1546:24: note: op template: _641 = _637 >> 4;
qwen36.c:1546:24: note: 	stmt 0 _641 = _637 >> 4;
qwen36.c:1546:24: note: 	stmt 1 _645 = byte.146_636 >> 4;
qwen36.c:1546:24: note: 	children 0x3af1fca8 0x3af1fd28
qwen36.c:1546:24: note: node (external) 0x3af1fca8 (max_nunits=1, refcnt=1) vector(2) signed char
qwen36.c:1546:24: note: 	{ _637, byte.146_636 }
qwen36.c:1546:24: note: node (constant) 0x3af1fd28 (max_nunits=1, refcnt=1)
qwen36.c:1546:24: note: 	{ 4, 4 }
qwen36.c:1546:24: note: Cost model analysis: 
qwen36.c:1546:24: note: Cost model analysis for part in loop 0:
  Vector cost: 22
  Scalar cost: 32
qwen36.c:1546:24: note: Costing subgraph: 
qwen36.c:1546:24: note: node 0x3af1fda8 (max_nunits=2, refcnt=1) vector(2) signed char
qwen36.c:1546:24: note: op template: *_657 = _658;
qwen36.c:1546:24: note: 	stmt 0 *_657 = _658;
qwen36.c:1546:24: note: 	stmt 1 *_661 = _662;
qwen36.c:1546:24: note: 	children 0x3af1fe28
qwen36.c:1546:24: note: node 0x3af1fe28 (max_nunits=2, refcnt=1) vector(2) signed char
qwen36.c:1546:24: note: op template: _658 = _654 >> 4;
qwen36.c:1546:24: note: 	stmt 0 _658 = _654 >> 4;
qwen36.c:1546:24: note: 	stmt 1 _662 = byte.146_653 >> 4;
qwen36.c:1546:24: note: 	children 0x3af1ff28 0x3af1ffa8
qwen36.c:1546:24: note: node (external) 0x3af1ff28 (max_nunits=1, refcnt=1) vector(2) signed char
qwen36.c:1546:24: note: 	{ _654, byte.146_653 }
qwen36.c:1546:24: note: node (constant) 0x3af1ffa8 (max_nunits=1, refcnt=1)
qwen36.c:1546:24: note: 	{ 4, 4 }
qwen36.c:1546:24: note: Cost model analysis: 
qwen36.c:1546:24: note: Cost model analysis for part in loop 0:
  Vector cost: 22
  Scalar cost: 32
qwen36.c:1546:24: note: Costing subgraph: 
qwen36.c:1546:24: note: node 0x3af20028 (max_nunits=2, refcnt=1) vector(2) signed char
qwen36.c:1546:24: note: op template: *_674 = _675;
qwen36.c:1546:24: note: 	stmt 0 *_674 = _675;
qwen36.c:1546:24: note: 	stmt 1 *_678 = _679;
qwen36.c:1546:24: note: 	children 0x3af200a8
qwen36.c:1546:24: note: node 0x3af200a8 (max_nunits=2, refcnt=1) vector(2) signed char
qwen36.c:1546:24: note: op template: _675 = _671 >> 4;
qwen36.c:1546:24: note: 	stmt 0 _675 = _671 >> 4;
qwen36.c:1546:24: note: 	stmt 1 _679 = byte.146_670 >> 4;
qwen36.c:1546:24: note: 	children 0x3af201a8 0x3af20228
qwen36.c:1546:24: note: node (external) 0x3af201a8 (max_nunits=1, refcnt=1) vector(2) signed char
qwen36.c:1546:24: note: 	{ _671, byte.146_670 }
qwen36.c:1546:24: note: node (constant) 0x3af20228 (max_nunits=1, refcnt=1)
qwen36.c:1546:24: note: 	{ 4, 4 }
qwen36.c:1546:24: note: Cost model analysis: 
qwen36.c:1546:24: note: Cost model analysis for part in loop 0:
  Vector cost: 22
  Scalar cost: 32
qwen36.c:1546:24: note: Costing subgraph: 
qwen36.c:1546:24: note: node 0x3af202a8 (max_nunits=2, refcnt=1) vector(2) signed char
qwen36.c:1546:24: note: op template: *_691 = _692;
qwen36.c:1546:24: note: 	stmt 0 *_691 = _692;
qwen36.c:1546:24: note: 	stmt 1 *_695 = _696;
qwen36.c:1546:24: note: 	children 0x3af20328
qwen36.c:1546:24: note: node 0x3af20328 (max_nunits=2, refcnt=1) vector(2) signed char
qwen36.c:1546:24: note: op template: _692 = _688 >> 4;
qwen36.c:1546:24: note: 	stmt 0 _692 = _688 >> 4;
qwen36.c:1546:24: note: 	stmt 1 _696 = byte.146_687 >> 4;
qwen36.c:1546:24: note: 	children 0x3af20428 0x3af204a8
qwen36.c:1546:24: note: node (external) 0x3af20428 (max_nunits=1, refcnt=1) vector(2) signed char
qwen36.c:1546:24: note: 	{ _688, byte.146_687 }
qwen36.c:1546:24: note: node (constant) 0x3af204a8 (max_nunits=1, refcnt=1)
qwen36.c:1546:24: note: 	{ 4, 4 }
qwen36.c:1546:24: note: Cost model analysis: 
qwen36.c:1546:24: note: Cost model analysis for part in loop 0:
  Vector cost: 22
  Scalar cost: 32
qwen36.c:1546:24: note: Costing subgraph: 
qwen36.c:1546:24: note: node 0x3af20528 (max_nunits=2, refcnt=1) vector(2) signed char
qwen36.c:1546:24: note: op template: *_708 = _709;
qwen36.c:1546:24: note: 	stmt 0 *_708 = _709;
qwen36.c:1546:24: note: 	stmt 1 *_712 = _713;
qwen36.c:1546:24: note: 	children 0x3af205a8
qwen36.c:1546:24: note: node 0x3af205a8 (max_nunits=2, refcnt=1) vector(2) signed char
qwen36.c:1546:24: note: op template: _709 = _705 >> 4;
qwen36.c:1546:24: note: 	stmt 0 _709 = _705 >> 4;
qwen36.c:1546:24: note: 	stmt 1 _713 = byte.146_704 >> 4;
qwen36.c:1546:24: note: 	children 0x3af206a8 0x3af20728
qwen36.c:1546:24: note: node (external) 0x3af206a8 (max_nunits=1, refcnt=1) vector(2) signed char
qwen36.c:1546:24: note: 	{ _705, byte.146_704 }
qwen36.c:1546:24: note: node (constant) 0x3af20728 (max_nunits=1, refcnt=1)
qwen36.c:1546:24: note: 	{ 4, 4 }
qwen36.c:1546:24: note: Cost model analysis: 
qwen36.c:1546:24: note: Cost model analysis for part in loop 0:
  Vector cost: 22
  Scalar cost: 32
qwen36.c:1546:24: note: Costing subgraph: 
qwen36.c:1546:24: note: node 0x3af207a8 (max_nunits=2, refcnt=1) vector(2) signed char
qwen36.c:1546:24: note: op template: *_725 = _726;
qwen36.c:1546:24: note: 	stmt 0 *_725 = _726;
qwen36.c:1546:24: note: 	stmt 1 *_729 = _730;
qwen36.c:1546:24: note: 	children 0x3af20828
qwen36.c:1546:24: note: node 0x3af20828 (max_nunits=2, refcnt=1) vector(2) signed char
qwen36.c:1546:24: note: op template: _726 = _722 >> 4;
qwen36.c:1546:24: note: 	stmt 0 _726 = _722 >> 4;
qwen36.c:1546:24: note: 	stmt 1 _730 = byte.146_721 >> 4;
qwen36.c:1546:24: note: 	children 0x3af20928 0x3af209a8
qwen36.c:1546:24: note: node (external) 0x3af20928 (max_nunits=1, refcnt=1) vector(2) signed char
qwen36.c:1546:24: note: 	{ _722, byte.146_721 }
qwen36.c:1546:24: note: node (constant) 0x3af209a8 (max_nunits=1, refcnt=1)
qwen36.c:1546:24: note: 	{ 4, 4 }
qwen36.c:1546:24: note: Cost model analysis: 
qwen36.c:1546:24: note: Cost model analysis for part in loop 0:
  Vector cost: 22
  Scalar cost: 32
qwen36.c:1546:24: note: Costing subgraph: 
qwen36.c:1546:24: note: node 0x3af20a28 (max_nunits=2, refcnt=1) vector(2) signed char
qwen36.c:1546:24: note: op template: *_742 = _743;
qwen36.c:1546:24: note: 	stmt 0 *_742 = _743;
qwen36.c:1546:24: note: 	stmt 1 *_746 = _747;
qwen36.c:1546:24: note: 	children 0x3af20aa8
qwen36.c:1546:24: note: node 0x3af20aa8 (max_nunits=2, refcnt=1) vector(2) signed char
qwen36.c:1546:24: note: op template: _743 = _739 >> 4;
qwen36.c:1546:24: note: 	stmt 0 _743 = _739 >> 4;
qwen36.c:1546:24: note: 	stmt 1 _747 = byte.146_738 >> 4;
qwen36.c:1546:24: note: 	children 0x3af20ba8 0x3af20c28
qwen36.c:1546:24: note: node (external) 0x3af20ba8 (max_nunits=1, refcnt=1) vector(2) signed char
qwen36.c:1546:24: note: 	{ _739, byte.146_738 }
qwen36.c:1546:24: note: node (constant) 0x3af20c28 (max_nunits=1, refcnt=1)
qwen36.c:1546:24: note: 	{ 4, 4 }
qwen36.c:1546:24: note: Cost model analysis: 
qwen36.c:1546:24: note: Cost model analysis for part in loop 0:
  Vector cost: 22
  Scalar cost: 32
qwen36.c:1546:24: note: Costing subgraph: 
qwen36.c:1546:24: note: node 0x3af20ca8 (max_nunits=2, refcnt=1) vector(2) signed char
qwen36.c:1546:24: note: op template: *_759 = _760;
qwen36.c:1546:24: note: 	stmt 0 *_759 = _760;
qwen36.c:1546:24: note: 	stmt 1 *_763 = _764;
qwen36.c:1546:24: note: 	children 0x3af20d28
qwen36.c:1546:24: note: node 0x3af20d28 (max_nunits=2, refcnt=1) vector(2) signed char
qwen36.c:1546:24: note: op template: _760 = _756 >> 4;
qwen36.c:1546:24: note: 	stmt 0 _760 = _756 >> 4;
qwen36.c:1546:24: note: 	stmt 1 _764 = byte.146_755 >> 4;
qwen36.c:1546:24: note: 	children 0x3af20e28 0x3af20ea8
qwen36.c:1546:24: note: node (external) 0x3af20e28 (max_nunits=1, refcnt=1) vector(2) signed char
qwen36.c:1546:24: note: 	{ _756, byte.146_755 }
qwen36.c:1546:24: note: node (constant) 0x3af20ea8 (max_nunits=1, refcnt=1)
qwen36.c:1546:24: note: 	{ 4, 4 }
qwen36.c:1546:24: note: Cost model analysis: 
qwen36.c:1546:24: note: Cost model analysis for part in loop 0:
  Vector cost: 22
  Scalar cost: 32
qwen36.c:1546:24: note: Costing subgraph: 
qwen36.c:1546:24: note: node 0x3af20f28 (max_nunits=2, refcnt=1) vector(2) signed char
qwen36.c:1546:24: note: op template: *_149 = _120;
qwen36.c:1546:24: note: 	stmt 0 *_149 = _120;
qwen36.c:1546:24: note: 	stmt 1 *_261 = _262;
qwen36.c:1546:24: note: 	children 0x3af20fa8
qwen36.c:1546:24: note: node 0x3af20fa8 (max_nunits=2, refcnt=1) vector(2) signed char
qwen36.c:1546:24: note: op template: _120 = _187 >> 4;
qwen36.c:1546:24: note: 	stmt 0 _120 = _187 >> 4;
qwen36.c:1546:24: note: 	stmt 1 _262 = byte.146_188 >> 4;
qwen36.c:1546:24: note: 	children 0x3af210a8 0x3af21128
qwen36.c:1546:24: note: node (external) 0x3af210a8 (max_nunits=1, refcnt=1) vector(2) signed char
qwen36.c:1546:24: note: 	{ _187, byte.146_188 }
qwen36.c:1546:24: note: node (constant) 0x3af21128 (max_nunits=1, refcnt=1)
qwen36.c:1546:24: note: 	{ 4, 4 }
qwen36.c:1546:24: note: Cost model analysis: 
qwen36.c:1546:24: note: Cost model analysis for part in loop 0:
  Vector cost: 22
  Scalar cost: 32
qwen36.c:1546:24: note: Costing subgraph: 
qwen36.c:1546:24: note: node 0x3af211a8 (max_nunits=2, refcnt=1) vector(2) signed char
qwen36.c:1546:24: note: op template: *_158 = _159;
qwen36.c:1546:24: note: 	stmt 0 *_158 = _159;
qwen36.c:1546:24: note: 	stmt 1 *_162 = _204;
qwen36.c:1546:24: note: 	children 0x3af21228
qwen36.c:1546:24: note: node 0x3af21228 (max_nunits=2, refcnt=1) vector(2) signed char
qwen36.c:1546:24: note: op template: _159 = _155 >> 4;
qwen36.c:1546:24: note: 	stmt 0 _159 = _155 >> 4;
qwen36.c:1546:24: note: 	stmt 1 _204 = byte.146_154 >> 4;
qwen36.c:1546:24: note: 	children 0x3af21328 0x3af213a8
qwen36.c:1546:24: note: node (external) 0x3af21328 (max_nunits=1, refcnt=1) vector(2) signed char
qwen36.c:1546:24: note: 	{ _155, byte.146_154 }
qwen36.c:1546:24: note: node (constant) 0x3af213a8 (max_nunits=1, refcnt=1)
qwen36.c:1546:24: note: 	{ 4, 4 }
qwen36.c:1546:24: note: Cost model analysis: 
qwen36.c:1546:24: note: Cost model analysis for part in loop 0:
  Vector cost: 22
  Scalar cost: 32
qwen36.c:1546:24: note: Costing subgraph: 
qwen36.c:1546:24: note: node 0x3af21428 (max_nunits=2, refcnt=1) vector(2) signed char
qwen36.c:1546:24: note: op template: *_300 = _301;
qwen36.c:1546:24: note: 	stmt 0 *_300 = _301;
qwen36.c:1546:24: note: 	stmt 1 *_304 = _305;
qwen36.c:1546:24: note: 	children 0x3af214a8
qwen36.c:1546:24: note: node 0x3af214a8 (max_nunits=2, refcnt=1) vector(2) signed char
qwen36.c:1546:24: note: op template: _301 = _297 >> 4;
qwen36.c:1546:24: note: 	stmt 0 _301 = _297 >> 4;
qwen36.c:1546:24: note: 	stmt 1 _305 = byte.146_296 >> 4;
qwen36.c:1546:24: note: 	children 0x3af215a8 0x3af21628
qwen36.c:1546:24: note: node (external) 0x3af215a8 (max_nunits=1, refcnt=1) vector(2) signed char
qwen36.c:1546:24: note: 	{ _297, byte.146_296 }
qwen36.c:1546:24: note: node (constant) 0x3af21628 (max_nunits=1, refcnt=1)
qwen36.c:1546:24: note: 	{ 4, 4 }
qwen36.c:1546:24: note: Cost model analysis: 
qwen36.c:1546:24: note: Cost model analysis for part in loop 0:
  Vector cost: 22
  Scalar cost: 32
qwen36.c:1546:24: note: Costing subgraph: 
qwen36.c:1546:24: note: node 0x3af216a8 (max_nunits=2, refcnt=1) vector(2) signed char
qwen36.c:1546:24: note: op template: *_317 = _318;
qwen36.c:1546:24: note: 	stmt 0 *_317 = _318;
qwen36.c:1546:24: note: 	stmt 1 *_321 = _322;
qwen36.c:1546:24: note: 	children 0x3af21728
qwen36.c:1546:24: note: node 0x3af21728 (max_nunits=2, refcnt=1) vector(2) signed char
qwen36.c:1546:24: note: op template: _318 = _314 >> 4;
qwen36.c:1546:24: note: 	stmt 0 _318 = _314 >> 4;
qwen36.c:1546:24: note: 	stmt 1 _322 = byte.146_313 >> 4;
qwen36.c:1546:24: note: 	children 0x3af21828 0x3af218a8
qwen36.c:1546:24: note: node (external) 0x3af21828 (max_nunits=1, refcnt=1) vector(2) signed char
qwen36.c:1546:24: note: 	{ _314, byte.146_313 }
qwen36.c:1546:24: note: node (constant) 0x3af218a8 (max_nunits=1, refcnt=1)
qwen36.c:1546:24: note: 	{ 4, 4 }
qwen36.c:1546:24: note: Cost model analysis: 
qwen36.c:1546:24: note: Cost model analysis for part in loop 0:
  Vector cost: 22
  Scalar cost: 32
qwen36.c:1546:24: note: Costing subgraph: 
qwen36.c:1546:24: note: node 0x3af21928 (max_nunits=2, refcnt=1) vector(2) signed char
qwen36.c:1546:24: note: op template: *_334 = _335;
qwen36.c:1546:24: note: 	stmt 0 *_334 = _335;
qwen36.c:1546:24: note: 	stmt 1 *_338 = _339;
qwen36.c:1546:24: note: 	children 0x3af219a8
qwen36.c:1546:24: note: node 0x3af219a8 (max_nunits=2, refcnt=1) vector(2) signed char
qwen36.c:1546:24: note: op template: _335 = _331 >> 4;
qwen36.c:1546:24: note: 	stmt 0 _335 = _331 >> 4;
qwen36.c:1546:24: note: 	stmt 1 _339 = byte.146_330 >> 4;
qwen36.c:1546:24: note: 	children 0x3af21aa8 0x3af21b28
qwen36.c:1546:24: note: node (external) 0x3af21aa8 (max_nunits=1, refcnt=1) vector(2) signed char
qwen36.c:1546:24: note: 	{ _331, byte.146_330 }
qwen36.c:1546:24: note: node (constant) 0x3af21b28 (max_nunits=1, refcnt=1)
qwen36.c:1546:24: note: 	{ 4, 4 }
qwen36.c:1546:24: note: Cost model analysis: 
qwen36.c:1546:24: note: Cost model analysis for part in loop 0:
  Vector cost: 22
  Scalar cost: 32
qwen36.c:1546:24: note: Costing subgraph: 
qwen36.c:1546:24: note: node 0x3af21ba8 (max_nunits=2, refcnt=1) vector(2) signed char
qwen36.c:1546:24: note: op template: *_351 = _352;
qwen36.c:1546:24: note: 	stmt 0 *_351 = _352;
qwen36.c:1546:24: note: 	stmt 1 *_355 = _356;
qwen36.c:1546:24: note: 	children 0x3af21c28
qwen36.c:1546:24: note: node 0x3af21c28 (max_nunits=2, refcnt=1) vector(2) signed char
qwen36.c:1546:24: note: op template: _352 = _348 >> 4;
qwen36.c:1546:24: note: 	stmt 0 _352 = _348 >> 4;
qwen36.c:1546:24: note: 	stmt 1 _356 = byte.146_347 >> 4;
qwen36.c:1546:24: note: 	children 0x3af21d28 0x3af21da8
qwen36.c:1546:24: note: node (external) 0x3af21d28 (max_nunits=1, refcnt=1) vector(2) signed char
qwen36.c:1546:24: note: 	{ _348, byte.146_347 }
qwen36.c:1546:24: note: node (constant) 0x3af21da8 (max_nunits=1, refcnt=1)
qwen36.c:1546:24: note: 	{ 4, 4 }
qwen36.c:1546:24: note: Cost model analysis: 
qwen36.c:1546:24: note: Cost model analysis for part in loop 0:
  Vector cost: 22
  Scalar cost: 32
qwen36.c:1546:24: note: Costing subgraph: 
qwen36.c:1546:24: note: node 0x3af21e28 (max_nunits=2, refcnt=1) vector(2) signed char
qwen36.c:1546:24: note: op template: *_368 = _369;
qwen36.c:1546:24: note: 	stmt 0 *_368 = _369;
qwen36.c:1546:24: note: 	stmt 1 *_372 = _373;
qwen36.c:1546:24: note: 	children 0x3af21ea8
qwen36.c:1546:24: note: node 0x3af21ea8 (max_nunits=2, refcnt=1) vector(2) signed char
qwen36.c:1546:24: note: op template: _369 = _365 >> 4;
qwen36.c:1546:24: note: 	stmt 0 _369 = _365 >> 4;
qwen36.c:1546:24: note: 	stmt 1 _373 = byte.146_364 >> 4;
qwen36.c:1546:24: note: 	children 0x3af21fa8 0x3af22028
qwen36.c:1546:24: note: node (external) 0x3af21fa8 (max_nunits=1, refcnt=1) vector(2) signed char
qwen36.c:1546:24: note: 	{ _365, byte.146_364 }
qwen36.c:1546:24: note: node (constant) 0x3af22028 (max_nunits=1, refcnt=1)
qwen36.c:1546:24: note: 	{ 4, 4 }
qwen36.c:1546:24: note: Cost model analysis: 
qwen36.c:1546:24: note: Cost model analysis for part in loop 0:
  Vector cost: 22
  Scalar cost: 32
qwen36.c:1546:24: note: Costing subgraph: 
qwen36.c:1546:24: note: node 0x3af220a8 (max_nunits=2, refcnt=1) vector(2) signed char
qwen36.c:1546:24: note: op template: *_385 = _386;
qwen36.c:1546:24: note: 	stmt 0 *_385 = _386;
qwen36.c:1546:24: note: 	stmt 1 *_389 = _390;
qwen36.c:1546:24: note: 	children 0x3af22128
qwen36.c:1546:24: note: node 0x3af22128 (max_nunits=2, refcnt=1) vector(2) signed char
qwen36.c:1546:24: note: op template: _386 = _382 >> 4;
qwen36.c:1546:24: note: 	stmt 0 _386 = _382 >> 4;
qwen36.c:1546:24: note: 	stmt 1 _390 = byte.146_381 >> 4;
qwen36.c:1546:24: note: 	children 0x3af22228 0x3af222a8
qwen36.c:1546:24: note: node (external) 0x3af22228 (max_nunits=1, refcnt=1) vector(2) signed char
qwen36.c:1546:24: note: 	{ _382, byte.146_381 }
qwen36.c:1546:24: note: node (constant) 0x3af222a8 (max_nunits=1, refcnt=1)
qwen36.c:1546:24: note: 	{ 4, 4 }
qwen36.c:1546:24: note: Cost model analysis: 
qwen36.c:1546:24: note: Cost model analysis for part in loop 0:
  Vector cost: 22
  Scalar cost: 32
qwen36.c:1546:24: note: Costing subgraph: 
qwen36.c:1546:24: note: node 0x3af22328 (max_nunits=2, refcnt=1) vector(2) signed char
qwen36.c:1546:24: note: op template: *_402 = _403;
qwen36.c:1546:24: note: 	stmt 0 *_402 = _403;
qwen36.c:1546:24: note: 	stmt 1 *_406 = _407;
qwen36.c:1546:24: note: 	children 0x3af223a8
qwen36.c:1546:24: note: node 0x3af223a8 (max_nunits=2, refcnt=1) vector(2) signed char
qwen36.c:1546:24: note: op template: _403 = _399 >> 4;
qwen36.c:1546:24: note: 	stmt 0 _403 = _399 >> 4;
qwen36.c:1546:24: note: 	stmt 1 _407 = byte.146_398 >> 4;
qwen36.c:1546:24: note: 	children 0x3af224a8 0x3af22528
qwen36.c:1546:24: note: node (external) 0x3af224a8 (max_nunits=1, refcnt=1) vector(2) signed char
qwen36.c:1546:24: note: 	{ _399, byte.146_398 }
qwen36.c:1546:24: note: node (constant) 0x3af22528 (max_nunits=1, refcnt=1)
qwen36.c:1546:24: note: 	{ 4, 4 }
qwen36.c:1546:24: note: Cost model analysis: 
qwen36.c:1546:24: note: Cost model analysis for part in loop 0:
  Vector cost: 22
  Scalar cost: 32
qwen36.c:1546:24: note: Costing subgraph: 
qwen36.c:1546:24: note: node 0x3af225a8 (max_nunits=2, refcnt=1) vector(2) signed char
qwen36.c:1546:24: note: op template: *_419 = _420;
qwen36.c:1546:24: note: 	stmt 0 *_419 = _420;
qwen36.c:1546:24: note: 	stmt 1 *_423 = _424;
qwen36.c:1546:24: note: 	children 0x3af22628
qwen36.c:1546:24: note: node 0x3af22628 (max_nunits=2, refcnt=1) vector(2) signed char
qwen36.c:1546:24: note: op template: _420 = _416 >> 4;
qwen36.c:1546:24: note: 	stmt 0 _420 = _416 >> 4;
qwen36.c:1546:24: note: 	stmt 1 _424 = byte.146_415 >> 4;
qwen36.c:1546:24: note: 	children 0x3af22728 0x3af227a8
qwen36.c:1546:24: note: node (external) 0x3af22728 (max_nunits=1, refcnt=1) vector(2) signed char
qwen36.c:1546:24: note: 	{ _416, byte.146_415 }
qwen36.c:1546:24: note: node (constant) 0x3af227a8 (max_nunits=1, refcnt=1)
qwen36.c:1546:24: note: 	{ 4, 4 }
qwen36.c:1546:24: note: Cost model analysis: 
qwen36.c:1546:24: note: Cost model analysis for part in loop 0:
  Vector cost: 22
  Scalar cost: 32
qwen36.c:1546:24: note: Costing subgraph: 
qwen36.c:1546:24: note: node 0x3af22828 (max_nunits=2, refcnt=1) vector(2) signed char
qwen36.c:1546:24: note: op template: *_436 = _437;
qwen36.c:1546:24: note: 	stmt 0 *_436 = _437;
qwen36.c:1546:24: note: 	stmt 1 *_440 = _441;
qwen36.c:1546:24: note: 	children 0x3af228a8
qwen36.c:1546:24: note: node 0x3af228a8 (max_nunits=2, refcnt=1) vector(2) signed char
qwen36.c:1546:24: note: op template: _437 = _433 >> 4;
qwen36.c:1546:24: note: 	stmt 0 _437 = _433 >> 4;
qwen36.c:1546:24: note: 	stmt 1 _441 = byte.146_432 >> 4;
qwen36.c:1546:24: note: 	children 0x3af229a8 0x3af22a28
qwen36.c:1546:24: note: node (external) 0x3af229a8 (max_nunits=1, refcnt=1) vector(2) signed char
qwen36.c:1546:24: note: 	{ _433, byte.146_432 }
qwen36.c:1546:24: note: node (constant) 0x3af22a28 (max_nunits=1, refcnt=1)
qwen36.c:1546:24: note: 	{ 4, 4 }
qwen36.c:1546:24: note: Cost model analysis: 
qwen36.c:1546:24: note: Cost model analysis for part in loop 0:
  Vector cost: 22
  Scalar cost: 32
qwen36.c:1546:24: note: Costing subgraph: 
qwen36.c:1546:24: note: node 0x3af22aa8 (max_nunits=2, refcnt=1) vector(2) signed char
qwen36.c:1546:24: note: op template: *_453 = _454;
qwen36.c:1546:24: note: 	stmt 0 *_453 = _454;
qwen36.c:1546:24: note: 	stmt 1 *_457 = _458;
qwen36.c:1546:24: note: 	children 0x3af22b28
qwen36.c:1546:24: note: node 0x3af22b28 (max_nunits=2, refcnt=1) vector(2) signed char
qwen36.c:1546:24: note: op template: _454 = _450 >> 4;
qwen36.c:1546:24: note: 	stmt 0 _454 = _450 >> 4;
qwen36.c:1546:24: note: 	stmt 1 _458 = byte.146_449 >> 4;
qwen36.c:1546:24: note: 	children 0x3af22c28 0x3af22ca8
qwen36.c:1546:24: note: node (external) 0x3af22c28 (max_nunits=1, refcnt=1) vector(2) signed char
qwen36.c:1546:24: note: 	{ _450, byte.146_449 }
qwen36.c:1546:24: note: node (constant) 0x3af22ca8 (max_nunits=1, refcnt=1)
qwen36.c:1546:24: note: 	{ 4, 4 }
qwen36.c:1546:24: note: Cost model analysis: 
qwen36.c:1546:24: note: Cost model analysis for part in loop 0:
  Vector cost: 22
  Scalar cost: 32
qwen36.c:1546:24: note: Costing subgraph: 
qwen36.c:1546:24: note: node 0x3af22d28 (max_nunits=2, refcnt=1) vector(2) signed char
qwen36.c:1546:24: note: op template: *_470 = _471;
qwen36.c:1546:24: note: 	stmt 0 *_470 = _471;
qwen36.c:1546:24: note: 	stmt 1 *_474 = _475;
qwen36.c:1546:24: note: 	children 0x3af22da8
qwen36.c:1546:24: note: node 0x3af22da8 (max_nunits=2, refcnt=1) vector(2) signed char
qwen36.c:1546:24: note: op template: _471 = _467 >> 4;
qwen36.c:1546:24: note: 	stmt 0 _471 = _467 >> 4;
qwen36.c:1546:24: note: 	stmt 1 _475 = byte.146_466 >> 4;
qwen36.c:1546:24: note: 	children 0x3af22ea8 0x3af22f28
qwen36.c:1546:24: note: node (external) 0x3af22ea8 (max_nunits=1, refcnt=1) vector(2) signed char
qwen36.c:1546:24: note: 	{ _467, byte.146_466 }
qwen36.c:1546:24: note: node (constant) 0x3af22f28 (max_nunits=1, refcnt=1)
qwen36.c:1546:24: note: 	{ 4, 4 }
qwen36.c:1546:24: note: Cost model analysis: 
qwen36.c:1546:24: note: Cost model analysis for part in loop 0:
  Vector cost: 22
  Scalar cost: 32
qwen36.c:1546:24: note: Costing subgraph: 
qwen36.c:1546:24: note: node 0x3af22fa8 (max_nunits=2, refcnt=1) vector(2) signed char
qwen36.c:1546:24: note: op template: *_487 = _488;
qwen36.c:1546:24: note: 	stmt 0 *_487 = _488;
qwen36.c:1546:24: note: 	stmt 1 *_491 = _492;
qwen36.c:1546:24: note: 	children 0x3af23028
qwen36.c:1546:24: note: node 0x3af23028 (max_nunits=2, refcnt=1) vector(2) signed char
qwen36.c:1546:24: note: op template: _488 = _484 >> 4;
qwen36.c:1546:24: note: 	stmt 0 _488 = _484 >> 4;
qwen36.c:1546:24: note: 	stmt 1 _492 = byte.146_483 >> 4;
qwen36.c:1546:24: note: 	children 0x3af23128 0x3af231a8
qwen36.c:1546:24: note: node (external) 0x3af23128 (max_nunits=1, refcnt=1) vector(2) signed char
qwen36.c:1546:24: note: 	{ _484, byte.146_483 }
qwen36.c:1546:24: note: node (constant) 0x3af231a8 (max_nunits=1, refcnt=1)
qwen36.c:1546:24: note: 	{ 4, 4 }
qwen36.c:1546:24: note: Cost model analysis: 
qwen36.c:1546:24: note: Cost model analysis for part in loop 0:
  Vector cost: 22
  Scalar cost: 32
qwen36.c:1546:24: note: Costing subgraph: 
qwen36.c:1546:24: note: node 0x3af23228 (max_nunits=2, refcnt=1) vector(2) signed char
qwen36.c:1546:24: note: op template: *_504 = _505;
qwen36.c:1546:24: note: 	stmt 0 *_504 = _505;
qwen36.c:1546:24: note: 	stmt 1 *_508 = _509;
qwen36.c:1546:24: note: 	children 0x3af232a8
qwen36.c:1546:24: note: node 0x3af232a8 (max_nunits=2, refcnt=1) vector(2) signed char
qwen36.c:1546:24: note: op template: _505 = _501 >> 4;
qwen36.c:1546:24: note: 	stmt 0 _505 = _501 >> 4;
qwen36.c:1546:24: note: 	stmt 1 _509 = byte.146_500 >> 4;
qwen36.c:1546:24: note: 	children 0x3af233a8 0x3af23428
qwen36.c:1546:24: note: node (external) 0x3af233a8 (max_nunits=1, refcnt=1) vector(2) signed char
qwen36.c:1546:24: note: 	{ _501, byte.146_500 }
qwen36.c:1546:24: note: node (constant) 0x3af23428 (max_nunits=1, refcnt=1)
qwen36.c:1546:24: note: 	{ 4, 4 }
qwen36.c:1546:24: note: Cost model analysis: 
qwen36.c:1546:24: note: Cost model analysis for part in loop 0:
  Vector cost: 22
  Scalar cost: 32
qwen36.c:1546:24: note: Costing subgraph: 
qwen36.c:1546:24: note: node 0x3af234a8 (max_nunits=2, refcnt=1) vector(2) signed char
qwen36.c:1546:24: note: op template: *_521 = _522;
qwen36.c:1546:24: note: 	stmt 0 *_521 = _522;
qwen36.c:1546:24: note: 	stmt 1 *_525 = _526;
qwen36.c:1546:24: note: 	children 0x3af23528
qwen36.c:1546:24: note: node 0x3af23528 (max_nunits=2, refcnt=1) vector(2) signed char
qwen36.c:1546:24: note: op template: _522 = _518 >> 4;
qwen36.c:1546:24: note: 	stmt 0 _522 = _518 >> 4;
qwen36.c:1546:24: note: 	stmt 1 _526 = byte.146_517 >> 4;
qwen36.c:1546:24: note: 	children 0x3af23628 0x3af236a8
qwen36.c:1546:24: note: node (external) 0x3af23628 (max_nunits=1, refcnt=1) vector(2) signed char
qwen36.c:1546:24: note: 	{ _518, byte.146_517 }
qwen36.c:1546:24: note: node (constant) 0x3af236a8 (max_nunits=1, refcnt=1)
qwen36.c:1546:24: note: 	{ 4, 4 }
qwen36.c:1546:24: note: Cost model analysis: 
qwen36.c:1546:24: note: Cost model analysis for part in loop 0:
  Vector cost: 22
  Scalar cost: 32
qwen36.c:1546:24: note: Costing subgraph: 
qwen36.c:1546:24: note: node 0x3af23728 (max_nunits=2, refcnt=1) vector(2) signed char
qwen36.c:1546:24: note: op template: *_212 = _211;
qwen36.c:1546:24: note: 	stmt 0 *_212 = _211;
qwen36.c:1546:24: note: 	stmt 1 *_208 = _207;
qwen36.c:1546:24: note: 	children 0x3af237a8
qwen36.c:1546:24: note: node 0x3af237a8 (max_nunits=2, refcnt=1) vector(2) signed char
qwen36.c:1546:24: note: op template: _211 = _215 >> 4;
qwen36.c:1546:24: note: 	stmt 0 _211 = _215 >> 4;
qwen36.c:1546:24: note: 	stmt 1 _207 = byte.146_216 >> 4;
qwen36.c:1546:24: note: 	children 0x3af238a8 0x3af23928
qwen36.c:1546:24: note: node (external) 0x3af238a8 (max_nunits=1, refcnt=1) vector(2) signed char
qwen36.c:1546:24: note: 	{ _215, byte.146_216 }
qwen36.c:1546:24: note: node (constant) 0x3af23928 (max_nunits=1, refcnt=1)
qwen36.c:1546:24: note: 	{ 4, 4 }
qwen36.c:1546:24: note: Cost model analysis: 
qwen36.c:1546:24: note: Cost model analysis for part in loop 0:
  Vector cost: 22
  Scalar cost: 32
qwen36.c:1582:54: note: Costing subgraph: 
qwen36.c:1582:54: note: node 0x3af23a28 (max_nunits=2, refcnt=1) vector(2) long unsigned int
qwen36.c:1582:54: note: op template: s_56(D)->g4 = 0B;
qwen36.c:1582:54: note: 	stmt 0 s_56(D)->g4 = 0B;
qwen36.c:1582:54: note: 	stmt 1 s_56(D)->u4 = 0B;
qwen36.c:1582:54: note: 	children 0x3af23aa8
qwen36.c:1582:54: note: node (constant) 0x3af23aa8 (max_nunits=1, refcnt=1) vector(2) long unsigned int
qwen36.c:1582:54: note: 	{ 0B, 0B }
qwen36.c:1582:54: note: Cost model analysis: 
qwen36.c:1582:54: note: Cost model analysis for part in loop 0:
  Vector cost: 24
  Scalar cost: 24
qwen36.c:1582:54: note: Basic block will be vectorized using SLP
qwen36.c:1582:54: note: Vectorizing SLP tree:
qwen36.c:1582:54: note: node 0x3af1eb28 (max_nunits=2, refcnt=1) vector(2) long unsigned int
qwen36.c:1582:54: note: op template: s_56(D)->g4 = 0B;
qwen36.c:1582:54: note: 	stmt 0 s_56(D)->g4 = 0B;
qwen36.c:1582:54: note: 	stmt 1 s_56(D)->u4 = 0B;
qwen36.c:1582:54: note: 	children 0x3af1eba8
qwen36.c:1582:54: note: node (constant) 0x3af1eba8 (max_nunits=1, refcnt=1) vector(2) long unsigned int
qwen36.c:1582:54: note: 	{ 0B, 0B }
qwen36.c:1582:54: note: ------>vectorizing SLP node starting from: s_56(D)->g4 = 0B;
qwen36.c:1582:54: note: vect_is_simple_use: operand 0B, type of def: constant
qwen36.c:1582:54: note: transform store. ncopies = 1
qwen36.c:1582:54: note: create vector_type-pointer variable to type: vector(2) long unsigned int  vectorizing a pointer ref: s_56(D)->g4
qwen36.c:1582:54: note: created vectp.2137_226
qwen36.c:1582:54: note: add new stmt: MEM <vector(2) long unsigned int> [(uint8_t * *)vectp.2137_226] = { 0, 0 };
qwen36.c:1582:54: note: vectorizing stmts using SLP.
qwen36.c:1582:54: optimized: basic block part vectorized using 32 byte vectors
qwen36.c:1582:54: note: Vectorizing SLP tree:
qwen36.c:1582:54: note: node 0x3af1ec28 (max_nunits=2, refcnt=1) vector(2) signed char
qwen36.c:1582:54: note: op template: *_538 = _539;
qwen36.c:1582:54: note: 	stmt 0 *_538 = _539;
qwen36.c:1582:54: note: 	stmt 1 *_542 = _543;
qwen36.c:1582:54: note: 	children 0x3af1eca8
qwen36.c:1582:54: note: node 0x3af1eca8 (max_nunits=2, refcnt=1) vector(2) signed char
qwen36.c:1582:54: note: op template: _539 = _535 >> 4;
qwen36.c:1582:54: note: 	stmt 0 _539 = _535 >> 4;
qwen36.c:1582:54: note: 	stmt 1 _543 = byte.146_534 >> 4;
qwen36.c:1582:54: note: 	children 0x3af1eda8 0x3af1ee28
qwen36.c:1582:54: note: node (external) 0x3af1eda8 (max_nunits=1, refcnt=1) vector(2) signed char
qwen36.c:1582:54: note: 	{ _535, byte.146_534 }
qwen36.c:1582:54: note: node (constant) 0x3af1ee28 (max_nunits=1, refcnt=1)
qwen36.c:1582:54: note: 	{ 4, 4 }
qwen36.c:1582:54: note: ------>vectorizing SLP node starting from: _539 = _535 >> 4;
qwen36.c:1582:54: note: vector/scalar shift/rotate found.
qwen36.c:1582:54: note: transform binary/unary operation.
qwen36.c:1582:54: note: operand 1 using scalar mode.
qwen36.c:1582:54: note: add new stmt: vect__539.2138_201 = _202 >> 4;
qwen36.c:1582:54: note: ------>vectorizing SLP node starting from: *_538 = _539;
qwen36.c:1582:54: note: vect_is_simple_use: operand _535 >> 4, type of def: internal
qwen36.c:1582:54: note: vect_is_simple_use: operand byte.146_534 >> 4, type of def: internal
qwen36.c:1582:54: note: transform store. ncopies = 1
qwen36.c:1582:54: note: create vector_type-pointer variable to type: vector(2) signed char  vectorizing a pointer ref: *_538
qwen36.c:1582:54: note: created vectp.2140_203
qwen36.c:1582:54: note: add new stmt: MEM <vector(2) signed char> [(int8_t *)vectp.2140_203] = vect__539.2138_201;
qwen36.c:1582:54: note: vectorizing stmts using SLP.
qwen36.c:1582:54: optimized: basic block part vectorized using 32 byte vectors
qwen36.c:1582:54: note: Vectorizing SLP tree:
qwen36.c:1582:54: note: node 0x3af1eea8 (max_nunits=2, refcnt=1) vector(2) signed char
qwen36.c:1582:54: note: op template: *_555 = _556;
qwen36.c:1582:54: note: 	stmt 0 *_555 = _556;
qwen36.c:1582:54: note: 	stmt 1 *_559 = _560;
qwen36.c:1582:54: note: 	children 0x3af1ef28
qwen36.c:1582:54: note: node 0x3af1ef28 (max_nunits=2, refcnt=1) vector(2) signed char
qwen36.c:1582:54: note: op template: _556 = _552 >> 4;
qwen36.c:1582:54: note: 	stmt 0 _556 = _552 >> 4;
qwen36.c:1582:54: note: 	stmt 1 _560 = byte.146_551 >> 4;
qwen36.c:1582:54: note: 	children 0x3af1f028 0x3af1f0a8
qwen36.c:1582:54: note: node (external) 0x3af1f028 (max_nunits=1, refcnt=1) vector(2) signed char
qwen36.c:1582:54: note: 	{ _552, byte.146_551 }
qwen36.c:1582:54: note: node (constant) 0x3af1f0a8 (max_nunits=1, refcnt=1)
qwen36.c:1582:54: note: 	{ 4, 4 }
qwen36.c:1582:54: note: ------>vectorizing SLP node starting from: _556 = _552 >> 4;
qwen36.c:1582:54: note: vector/scalar shift/rotate found.
qwen36.c:1582:54: note: transform binary/unary operation.
qwen36.c:1582:54: note: operand 1 using scalar mode.
qwen36.c:1582:54: note: add new stmt: vect__556.2141_282 = _271 >> 4;
qwen36.c:1582:54: note: ------>vectorizing SLP node starting from: *_555 = _556;
qwen36.c:1582:54: note: vect_is_simple_use: operand _552 >> 4, type of def: internal
qwen36.c:1582:54: note: vect_is_simple_use: operand byte.146_551 >> 4, type of def: internal
qwen36.c:1582:54: note: transform store. ncopies = 1
qwen36.c:1582:54: note: create vector_type-pointer variable to type: vector(2) signed char  vectorizing a pointer ref: *_555
qwen36.c:1582:54: note: created vectp.2143_280
qwen36.c:1582:54: note: add new stmt: MEM <vector(2) signed char> [(int8_t *)vectp.2143_280] = vect__556.2141_282;
qwen36.c:1582:54: note: vectorizing stmts using SLP.
qwen36.c:1582:54: optimized: basic block part vectorized using 32 byte vectors
qwen36.c:1582:54: note: Vectorizing SLP tree:
qwen36.c:1582:54: note: node 0x3af1f128 (max_nunits=2, refcnt=1) vector(2) signed char
qwen36.c:1582:54: note: op template: *_572 = _573;
qwen36.c:1582:54: note: 	stmt 0 *_572 = _573;
qwen36.c:1582:54: note: 	stmt 1 *_576 = _577;
qwen36.c:1582:54: note: 	children 0x3af1f1a8
qwen36.c:1582:54: note: node 0x3af1f1a8 (max_nunits=2, refcnt=1) vector(2) signed char
qwen36.c:1582:54: note: op template: _573 = _569 >> 4;
qwen36.c:1582:54: note: 	stmt 0 _573 = _569 >> 4;
qwen36.c:1582:54: note: 	stmt 1 _577 = byte.146_568 >> 4;
qwen36.c:1582:54: note: 	children 0x3af1f2a8 0x3af1f328
qwen36.c:1582:54: note: node (external) 0x3af1f2a8 (max_nunits=1, refcnt=1) vector(2) signed char
qwen36.c:1582:54: note: 	{ _569, byte.146_568 }
qwen36.c:1582:54: note: node (constant) 0x3af1f328 (max_nunits=1, refcnt=1)
qwen36.c:1582:54: note: 	{ 4, 4 }
qwen36.c:1582:54: note: ------>vectorizing SLP node starting from: _573 = _569 >> 4;
qwen36.c:1582:54: note: vector/scalar shift/rotate found.
qwen36.c:1582:54: note: transform binary/unary operation.
qwen36.c:1582:54: note: operand 1 using scalar mode.
qwen36.c:1582:54: note: add new stmt: vect__573.2144_546 = _529 >> 4;
qwen36.c:1582:54: note: ------>vectorizing SLP node starting from: *_572 = _573;
qwen36.c:1582:54: note: vect_is_simple_use: operand _569 >> 4, type of def: internal
qwen36.c:1582:54: note: vect_is_simple_use: operand byte.146_568 >> 4, type of def: internal
qwen36.c:1582:54: note: transform store. ncopies = 1
qwen36.c:1582:54: note: create vector_type-pointer variable to type: vector(2) signed char  vectorizing a pointer ref: *_572
qwen36.c:1582:54: note: created vectp.2146_563
qwen36.c:1582:54: note: add new stmt: MEM <vector(2) signed char> [(int8_t *)vectp.2146_563] = vect__573.2144_546;
qwen36.c:1582:54: note: vectorizing stmts using SLP.
qwen36.c:1582:54: optimized: basic block part vectorized using 32 byte vectors
qwen36.c:1582:54: note: Vectorizing SLP tree:
qwen36.c:1582:54: note: node 0x3af1f3a8 (max_nunits=2, refcnt=1) vector(2) signed char
qwen36.c:1582:54: note: op template: *_589 = _590;
qwen36.c:1582:54: note: 	stmt 0 *_589 = _590;
qwen36.c:1582:54: note: 	stmt 1 *_593 = _594;
qwen36.c:1582:54: note: 	children 0x3af1f428
qwen36.c:1582:54: note: node 0x3af1f428 (max_nunits=2, refcnt=1) vector(2) signed char
qwen36.c:1582:54: note: op template: _590 = _586 >> 4;
qwen36.c:1582:54: note: 	stmt 0 _590 = _586 >> 4;
qwen36.c:1582:54: note: 	stmt 1 _594 = byte.146_585 >> 4;
qwen36.c:1582:54: note: 	children 0x3af1f528 0x3af1f5a8
qwen36.c:1582:54: note: node (external) 0x3af1f528 (max_nunits=1, refcnt=1) vector(2) signed char
qwen36.c:1582:54: note: 	{ _586, byte.146_585 }
qwen36.c:1582:54: note: node (constant) 0x3af1f5a8 (max_nunits=1, refcnt=1)
qwen36.c:1582:54: note: 	{ 4, 4 }
qwen36.c:1582:54: note: ------>vectorizing SLP node starting from: _590 = _586 >> 4;
qwen36.c:1582:54: note: vector/scalar shift/rotate found.
qwen36.c:1582:54: note: transform binary/unary operation.
qwen36.c:1582:54: note: operand 1 using scalar mode.
qwen36.c:1582:54: note: add new stmt: vect__590.2147_614 = _597 >> 4;
qwen36.c:1582:54: note: ------>vectorizing SLP node starting from: *_589 = _590;
qwen36.c:1582:54: note: vect_is_simple_use: operand _586 >> 4, type of def: internal
qwen36.c:1582:54: note: vect_is_simple_use: operand byte.146_585 >> 4, type of def: internal
qwen36.c:1582:54: note: transform store. ncopies = 1
qwen36.c:1582:54: note: create vector_type-pointer variable to type: vector(2) signed char  vectorizing a pointer ref: *_589
qwen36.c:1582:54: note: created vectp.2149_631
qwen36.c:1582:54: note: add new stmt: MEM <vector(2) signed char> [(int8_t *)vectp.2149_631] = vect__590.2147_614;
qwen36.c:1582:54: note: vectorizing stmts using SLP.
qwen36.c:1582:54: optimized: basic block part vectorized using 32 byte vectors
qwen36.c:1582:54: note: Vectorizing SLP tree:
qwen36.c:1582:54: note: node 0x3af1f628 (max_nunits=2, refcnt=1) vector(2) signed char
qwen36.c:1582:54: note: op template: *_606 = _607;
qwen36.c:1582:54: note: 	stmt 0 *_606 = _607;
qwen36.c:1582:54: note: 	stmt 1 *_610 = _611;
qwen36.c:1582:54: note: 	children 0x3af1f6a8
qwen36.c:1582:54: note: node 0x3af1f6a8 (max_nunits=2, refcnt=1) vector(2) signed char
qwen36.c:1582:54: note: op template: _607 = _603 >> 4;
qwen36.c:1582:54: note: 	stmt 0 _607 = _603 >> 4;
qwen36.c:1582:54: note: 	stmt 1 _611 = byte.146_602 >> 4;
qwen36.c:1582:54: note: 	children 0x3af1f7a8 0x3af1f828
qwen36.c:1582:54: note: node (external) 0x3af1f7a8 (max_nunits=1, refcnt=1) vector(2) signed char
qwen36.c:1582:54: note: 	{ _603, byte.146_602 }
qwen36.c:1582:54: note: node (constant) 0x3af1f828 (max_nunits=1, refcnt=1)
qwen36.c:1582:54: note: 	{ 4, 4 }
qwen36.c:1582:54: note: ------>vectorizing SLP node starting from: _607 = _603 >> 4;
qwen36.c:1582:54: note: vector/scalar shift/rotate found.
qwen36.c:1582:54: note: transform binary/unary operation.
qwen36.c:1582:54: note: operand 1 using scalar mode.
qwen36.c:1582:54: note: add new stmt: vect__607.2150_682 = _665 >> 4;
qwen36.c:1582:54: note: ------>vectorizing SLP node starting from: *_606 = _607;
qwen36.c:1582:54: note: vect_is_simple_use: operand _603 >> 4, type of def: internal
qwen36.c:1582:54: note: vect_is_simple_use: operand byte.146_602 >> 4, type of def: internal
qwen36.c:1582:54: note: transform store. ncopies = 1
qwen36.c:1582:54: note: create vector_type-pointer variable to type: vector(2) signed char  vectorizing a pointer ref: *_606
qwen36.c:1582:54: note: created vectp.2152_699
qwen36.c:1582:54: note: add new stmt: MEM <vector(2) signed char> [(int8_t *)vectp.2152_699] = vect__607.2150_682;
qwen36.c:1582:54: note: vectorizing stmts using SLP.
qwen36.c:1582:54: optimized: basic block part vectorized using 32 byte vectors
qwen36.c:1582:54: note: Vectorizing SLP tree:
qwen36.c:1582:54: note: node 0x3af1f8a8 (max_nunits=2, refcnt=1) vector(2) signed char
qwen36.c:1582:54: note: op template: *_623 = _624;
qwen36.c:1582:54: note: 	stmt 0 *_623 = _624;
qwen36.c:1582:54: note: 	stmt 1 *_627 = _628;
qwen36.c:1582:54: note: 	children 0x3af1f928
qwen36.c:1582:54: note: node 0x3af1f928 (max_nunits=2, refcnt=1) vector(2) signed char
qwen36.c:1582:54: note: op template: _624 = _620 >> 4;
qwen36.c:1582:54: note: 	stmt 0 _624 = _620 >> 4;
qwen36.c:1582:54: note: 	stmt 1 _628 = byte.146_619 >> 4;
qwen36.c:1582:54: note: 	children 0x3af1fa28 0x3af1faa8
qwen36.c:1582:54: note: node (external) 0x3af1fa28 (max_nunits=1, refcnt=1) vector(2) signed char
qwen36.c:1582:54: note: 	{ _620, byte.146_619 }
qwen36.c:1582:54: note: node (constant) 0x3af1faa8 (max_nunits=1, refcnt=1)
qwen36.c:1582:54: note: 	{ 4, 4 }
qwen36.c:1582:54: note: ------>vectorizing SLP node starting from: _624 = _620 >> 4;
qwen36.c:1582:54: note: vector/scalar shift/rotate found.
qwen36.c:1582:54: note: transform binary/unary operation.
qwen36.c:1582:54: note: operand 1 using scalar mode.
qwen36.c:1582:54: note: add new stmt: vect__624.2153_750 = _733 >> 4;
qwen36.c:1582:54: note: ------>vectorizing SLP node starting from: *_623 = _624;
qwen36.c:1582:54: note: vect_is_simple_use: operand _620 >> 4, type of def: internal
qwen36.c:1582:54: note: vect_is_simple_use: operand byte.146_619 >> 4, type of def: internal
qwen36.c:1582:54: note: transform store. ncopies = 1
qwen36.c:1582:54: note: create vector_type-pointer variable to type: vector(2) signed char  vectorizing a pointer ref: *_623
qwen36.c:1582:54: note: created vectp.2155_200
qwen36.c:1582:54: note: add new stmt: MEM <vector(2) signed char> [(int8_t *)vectp.2155_200] = vect__624.2153_750;
qwen36.c:1582:54: note: vectorizing stmts using SLP.
qwen36.c:1582:54: optimized: basic block part vectorized using 32 byte vectors
qwen36.c:1582:54: note: Vectorizing SLP tree:
qwen36.c:1582:54: note: node 0x3af1fb28 (max_nunits=2, refcnt=1) vector(2) signed char
qwen36.c:1582:54: note: op template: *_640 = _641;
qwen36.c:1582:54: note: 	stmt 0 *_640 = _641;
qwen36.c:1582:54: note: 	stmt 1 *_644 = _645;
qwen36.c:1582:54: note: 	children 0x3af1fba8
qwen36.c:1582:54: note: node 0x3af1fba8 (max_nunits=2, refcnt=1) vector(2) signed char
qwen36.c:1582:54: note: op template: _641 = _637 >> 4;
qwen36.c:1582:54: note: 	stmt 0 _641 = _637 >> 4;
qwen36.c:1582:54: note: 	stmt 1 _645 = byte.146_636 >> 4;
qwen36.c:1582:54: note: 	children 0x3af1fca8 0x3af1fd28
qwen36.c:1582:54: note: node (external) 0x3af1fca8 (max_nunits=1, refcnt=1) vector(2) signed char
qwen36.c:1582:54: note: 	{ _637, byte.146_636 }
qwen36.c:1582:54: note: node (constant) 0x3af1fd28 (max_nunits=1, refcnt=1)
qwen36.c:1582:54: note: 	{ 4, 4 }
qwen36.c:1582:54: note: ------>vectorizing SLP node starting from: _641 = _637 >> 4;
qwen36.c:1582:54: note: vector/scalar shift/rotate found.
qwen36.c:1582:54: note: transform binary/unary operation.
qwen36.c:1582:54: note: operand 1 using scalar mode.
qwen36.c:1582:54: note: add new stmt: vect__641.2156_183 = _151 >> 4;
qwen36.c:1582:54: note: ------>vectorizing SLP node starting from: *_640 = _641;
qwen36.c:1582:54: note: vect_is_simple_use: operand _637 >> 4, type of def: internal
qwen36.c:1582:54: note: vect_is_simple_use: operand byte.146_636 >> 4, type of def: internal
qwen36.c:1582:54: note: transform store. ncopies = 1
qwen36.c:1582:54: note: create vector_type-pointer variable to type: vector(2) signed char  vectorizing a pointer ref: *_640
qwen36.c:1582:54: note: created vectp.2158_308
qwen36.c:1582:54: note: add new stmt: MEM <vector(2) signed char> [(int8_t *)vectp.2158_308] = vect__641.2156_183;
qwen36.c:1582:54: note: vectorizing stmts using SLP.
qwen36.c:1582:54: optimized: basic block part vectorized using 32 byte vectors
qwen36.c:1582:54: note: Vectorizing SLP tree:
qwen36.c:1582:54: note: node 0x3af1fda8 (max_nunits=2, refcnt=1) vector(2) signed char
qwen36.c:1582:54: note: op template: *_657 = _658;
qwen36.c:1582:54: note: 	stmt 0 *_657 = _658;
qwen36.c:1582:54: note: 	stmt 1 *_661 = _662;
qwen36.c:1582:54: note: 	children 0x3af1fe28
qwen36.c:1582:54: note: node 0x3af1fe28 (max_nunits=2, refcnt=1) vector(2) signed char
qwen36.c:1582:54: note: op template: _658 = _654 >> 4;
qwen36.c:1582:54: note: 	stmt 0 _658 = _654 >> 4;
qwen36.c:1582:54: note: 	stmt 1 _662 = byte.146_653 >> 4;
qwen36.c:1582:54: note: 	children 0x3af1ff28 0x3af1ffa8
qwen36.c:1582:54: note: node (external) 0x3af1ff28 (max_nunits=1, refcnt=1) vector(2) signed char
qwen36.c:1582:54: note: 	{ _654, byte.146_653 }
qwen36.c:1582:54: note: node (constant) 0x3af1ffa8 (max_nunits=1, refcnt=1)
qwen36.c:1582:54: note: 	{ 4, 4 }
qwen36.c:1582:54: note: ------>vectorizing SLP node starting from: _658 = _654 >> 4;
qwen36.c:1582:54: note: vector/scalar shift/rotate found.
qwen36.c:1582:54: note: transform binary/unary operation.
qwen36.c:1582:54: note: operand 1 using scalar mode.
qwen36.c:1582:54: note: add new stmt: vect__658.2159_359 = _342 >> 4;
qwen36.c:1582:54: note: ------>vectorizing SLP node starting from: *_657 = _658;
qwen36.c:1582:54: note: vect_is_simple_use: operand _654 >> 4, type of def: internal
qwen36.c:1582:54: note: vect_is_simple_use: operand byte.146_653 >> 4, type of def: internal
qwen36.c:1582:54: note: transform store. ncopies = 1
qwen36.c:1582:54: note: create vector_type-pointer variable to type: vector(2) signed char  vectorizing a pointer ref: *_657
qwen36.c:1582:54: note: created vectp.2161_376
qwen36.c:1582:54: note: add new stmt: MEM <vector(2) signed char> [(int8_t *)vectp.2161_376] = vect__658.2159_359;
qwen36.c:1582:54: note: vectorizing stmts using SLP.
qwen36.c:1582:54: optimized: basic block part vectorized using 32 byte vectors
qwen36.c:1582:54: note: Vectorizing SLP tree:
qwen36.c:1582:54: note: node 0x3af20028 (max_nunits=2, refcnt=1) vector(2) signed char
qwen36.c:1582:54: note: op template: *_674 = _675;
qwen36.c:1582:54: note: 	stmt 0 *_674 = _675;
qwen36.c:1582:54: note: 	stmt 1 *_678 = _679;
qwen36.c:1582:54: note: 	children 0x3af200a8
qwen36.c:1582:54: note: node 0x3af200a8 (max_nunits=2, refcnt=1) vector(2) signed char
qwen36.c:1582:54: note: op template: _675 = _671 >> 4;
qwen36.c:1582:54: note: 	stmt 0 _675 = _671 >> 4;
qwen36.c:1582:54: note: 	stmt 1 _679 = byte.146_670 >> 4;
qwen36.c:1582:54: note: 	children 0x3af201a8 0x3af20228
qwen36.c:1582:54: note: node (external) 0x3af201a8 (max_nunits=1, refcnt=1) vector(2) signed char
qwen36.c:1582:54: note: 	{ _671, byte.146_670 }
qwen36.c:1582:54: note: node (constant) 0x3af20228 (max_nunits=1, refcnt=1)
qwen36.c:1582:54: note: 	{ 4, 4 }
qwen36.c:1582:54: note: ------>vectorizing SLP node starting from: _675 = _671 >> 4;
qwen36.c:1582:54: note: vector/scalar shift/rotate found.
qwen36.c:1582:54: note: transform binary/unary operation.
qwen36.c:1582:54: note: operand 1 using scalar mode.
qwen36.c:1582:54: note: add new stmt: vect__675.2162_427 = _410 >> 4;
qwen36.c:1582:54: note: ------>vectorizing SLP node starting from: *_674 = _675;
qwen36.c:1582:54: note: vect_is_simple_use: operand _671 >> 4, type of def: internal
qwen36.c:1582:54: note: vect_is_simple_use: operand byte.146_670 >> 4, type of def: internal
qwen36.c:1582:54: note: transform store. ncopies = 1
qwen36.c:1582:54: note: create vector_type-pointer variable to type: vector(2) signed char  vectorizing a pointer ref: *_674
qwen36.c:1582:54: note: created vectp.2164_444
qwen36.c:1582:54: note: add new stmt: MEM <vector(2) signed char> [(int8_t *)vectp.2164_444] = vect__675.2162_427;
qwen36.c:1582:54: note: vectorizing stmts using SLP.
qwen36.c:1582:54: optimized: basic block part vectorized using 32 byte vectors
qwen36.c:1582:54: note: Vectorizing SLP tree:
qwen36.c:1582:54: note: node 0x3af202a8 (max_nunits=2, refcnt=1) vector(2) signed char
qwen36.c:1582:54: note: op template: *_691 = _692;
qwen36.c:1582:54: note: 	stmt 0 *_691 = _692;
qwen36.c:1582:54: note: 	stmt 1 *_695 = _696;
qwen36.c:1582:54: note: 	children 0x3af20328
qwen36.c:1582:54: note: node 0x3af20328 (max_nunits=2, refcnt=1) vector(2) signed char
qwen36.c:1582:54: note: op template: _692 = _688 >> 4;
qwen36.c:1582:54: note: 	stmt 0 _692 = _688 >> 4;
qwen36.c:1582:54: note: 	stmt 1 _696 = byte.146_687 >> 4;
qwen36.c:1582:54: note: 	children 0x3af20428 0x3af204a8
qwen36.c:1582:54: note: node (external) 0x3af20428 (max_nunits=1, refcnt=1) vector(2) signed char
qwen36.c:1582:54: note: 	{ _688, byte.146_687 }
qwen36.c:1582:54: note: node (constant) 0x3af204a8 (max_nunits=1, refcnt=1)
qwen36.c:1582:54: note: 	{ 4, 4 }
qwen36.c:1582:54: note: ------>vectorizing SLP node starting from: _692 = _688 >> 4;
qwen36.c:1582:54: note: vector/scalar shift/rotate found.
qwen36.c:1582:54: note: transform binary/unary operation.
qwen36.c:1582:54: note: operand 1 using scalar mode.
qwen36.c:1582:54: note: add new stmt: vect__692.2165_495 = _478 >> 4;
qwen36.c:1582:54: note: ------>vectorizing SLP node starting from: *_691 = _692;
qwen36.c:1582:54: note: vect_is_simple_use: operand _688 >> 4, type of def: internal
qwen36.c:1582:54: note: vect_is_simple_use: operand byte.146_687 >> 4, type of def: internal
qwen36.c:1582:54: note: transform store. ncopies = 1
qwen36.c:1582:54: note: create vector_type-pointer variable to type: vector(2) signed char  vectorizing a pointer ref: *_691
qwen36.c:1582:54: note: created vectp.2167_512
qwen36.c:1582:54: note: add new stmt: MEM <vector(2) signed char> [(int8_t *)vectp.2167_512] = vect__692.2165_495;
qwen36.c:1582:54: note: vectorizing stmts using SLP.
qwen36.c:1582:54: optimized: basic block part vectorized using 32 byte vectors
qwen36.c:1582:54: note: Vectorizing SLP tree:
qwen36.c:1582:54: note: node 0x3af20528 (max_nunits=2, refcnt=1) vector(2) signed char
qwen36.c:1582:54: note: op template: *_708 = _709;
qwen36.c:1582:54: note: 	stmt 0 *_708 = _709;
qwen36.c:1582:54: note: 	stmt 1 *_712 = _713;
qwen36.c:1582:54: note: 	children 0x3af205a8
qwen36.c:1582:54: note: node 0x3af205a8 (max_nunits=2, refcnt=1) vector(2) signed char
qwen36.c:1582:54: note: op template: _709 = _705 >> 4;
qwen36.c:1582:54: note: 	stmt 0 _709 = _705 >> 4;
qwen36.c:1582:54: note: 	stmt 1 _713 = byte.146_704 >> 4;
qwen36.c:1582:54: note: 	children 0x3af206a8 0x3af20728
qwen36.c:1582:54: note: node (external) 0x3af206a8 (max_nunits=1, refcnt=1) vector(2) signed char
qwen36.c:1582:54: note: 	{ _705, byte.146_704 }
qwen36.c:1582:54: note: node (constant) 0x3af20728 (max_nunits=1, refcnt=1)
qwen36.c:1582:54: note: 	{ 4, 4 }
qwen36.c:1582:54: note: ------>vectorizing SLP node starting from: _709 = _705 >> 4;
qwen36.c:1582:54: note: vector/scalar shift/rotate found.
qwen36.c:1582:54: note: transform binary/unary operation.
qwen36.c:1582:54: note: operand 1 using scalar mode.
qwen36.c:1582:54: note: add new stmt: vect__709.2168_283 = _290 >> 4;
qwen36.c:1582:54: note: ------>vectorizing SLP node starting from: *_708 = _709;
qwen36.c:1582:54: note: vect_is_simple_use: operand _705 >> 4, type of def: internal
qwen36.c:1582:54: note: vect_is_simple_use: operand byte.146_704 >> 4, type of def: internal
qwen36.c:1582:54: note: transform store. ncopies = 1
qwen36.c:1582:54: note: create vector_type-pointer variable to type: vector(2) signed char  vectorizing a pointer ref: *_708
qwen36.c:1582:54: note: created vectp.2170_273
qwen36.c:1582:54: note: add new stmt: MEM <vector(2) signed char> [(int8_t *)vectp.2170_273] = vect__709.2168_283;
qwen36.c:1582:54: note: vectorizing stmts using SLP.
qwen36.c:1582:54: optimized: basic block part vectorized using 32 byte vectors
qwen36.c:1582:54: note: Vectorizing SLP tree:
qwen36.c:1582:54: note: node 0x3af207a8 (max_nunits=2, refcnt=1) vector(2) signed char
qwen36.c:1582:54: note: op template: *_725 = _726;
qwen36.c:1582:54: note: 	stmt 0 *_725 = _726;
qwen36.c:1582:54: note: 	stmt 1 *_729 = _730;
qwen36.c:1582:54: note: 	children 0x3af20828
qwen36.c:1582:54: note: node 0x3af20828 (max_nunits=2, refcnt=1) vector(2) signed char
qwen36.c:1582:54: note: op template: _726 = _722 >> 4;
qwen36.c:1582:54: note: 	stmt 0 _726 = _722 >> 4;
qwen36.c:1582:54: note: 	stmt 1 _730 = byte.146_721 >> 4;
qwen36.c:1582:54: note: 	children 0x3af20928 0x3af209a8
qwen36.c:1582:54: note: node (external) 0x3af20928 (max_nunits=1, refcnt=1) vector(2) signed char
qwen36.c:1582:54: note: 	{ _722, byte.146_721 }
qwen36.c:1582:54: note: node (constant) 0x3af209a8 (max_nunits=1, refcnt=1)
qwen36.c:1582:54: note: 	{ 4, 4 }
qwen36.c:1582:54: note: ------>vectorizing SLP node starting from: _726 = _722 >> 4;
qwen36.c:1582:54: note: vector/scalar shift/rotate found.
qwen36.c:1582:54: note: transform binary/unary operation.
qwen36.c:1582:54: note: operand 1 using scalar mode.
qwen36.c:1582:54: note: add new stmt: vect__726.2171_768 = _767 >> 4;
qwen36.c:1582:54: note: ------>vectorizing SLP node starting from: *_725 = _726;
qwen36.c:1582:54: note: vect_is_simple_use: operand _722 >> 4, type of def: internal
qwen36.c:1582:54: note: vect_is_simple_use: operand byte.146_721 >> 4, type of def: internal
qwen36.c:1582:54: note: transform store. ncopies = 1
qwen36.c:1582:54: note: create vector_type-pointer variable to type: vector(2) signed char  vectorizing a pointer ref: *_725
qwen36.c:1582:54: note: created vectp.2173_769
qwen36.c:1582:54: note: add new stmt: MEM <vector(2) signed char> [(int8_t *)vectp.2173_769] = vect__726.2171_768;
qwen36.c:1582:54: note: vectorizing stmts using SLP.
qwen36.c:1582:54: optimized: basic block part vectorized using 32 byte vectors
qwen36.c:1582:54: note: Vectorizing SLP tree:
qwen36.c:1582:54: note: node 0x3af20a28 (max_nunits=2, refcnt=1) vector(2) signed char
qwen36.c:1582:54: note: op template: *_742 = _743;
qwen36.c:1582:54: note: 	stmt 0 *_742 = _743;
qwen36.c:1582:54: note: 	stmt 1 *_746 = _747;
qwen36.c:1582:54: note: 	children 0x3af20aa8
qwen36.c:1582:54: note: node 0x3af20aa8 (max_nunits=2, refcnt=1) vector(2) signed char
qwen36.c:1582:54: note: op template: _743 = _739 >> 4;
qwen36.c:1582:54: note: 	stmt 0 _743 = _739 >> 4;
qwen36.c:1582:54: note: 	stmt 1 _747 = byte.146_738 >> 4;
qwen36.c:1582:54: note: 	children 0x3af20ba8 0x3af20c28
qwen36.c:1582:54: note: node (external) 0x3af20ba8 (max_nunits=1, refcnt=1) vector(2) signed char
qwen36.c:1582:54: note: 	{ _739, byte.146_738 }
qwen36.c:1582:54: note: node (constant) 0x3af20c28 (max_nunits=1, refcnt=1)
qwen36.c:1582:54: note: 	{ 4, 4 }
qwen36.c:1582:54: note: ------>vectorizing SLP node starting from: _743 = _739 >> 4;
qwen36.c:1582:54: note: vector/scalar shift/rotate found.
qwen36.c:1582:54: note: transform binary/unary operation.
qwen36.c:1582:54: note: operand 1 using scalar mode.
qwen36.c:1582:54: note: add new stmt: vect__743.2174_772 = _771 >> 4;
qwen36.c:1582:54: note: ------>vectorizing SLP node starting from: *_742 = _743;
qwen36.c:1582:54: note: vect_is_simple_use: operand _739 >> 4, type of def: internal
qwen36.c:1582:54: note: vect_is_simple_use: operand byte.146_738 >> 4, type of def: internal
qwen36.c:1582:54: note: transform store. ncopies = 1
qwen36.c:1582:54: note: create vector_type-pointer variable to type: vector(2) signed char  vectorizing a pointer ref: *_742
qwen36.c:1582:54: note: created vectp.2176_773
qwen36.c:1582:54: note: add new stmt: MEM <vector(2) signed char> [(int8_t *)vectp.2176_773] = vect__743.2174_772;
qwen36.c:1582:54: note: vectorizing stmts using SLP.
qwen36.c:1582:54: optimized: basic block part vectorized using 32 byte vectors
qwen36.c:1582:54: note: Vectorizing SLP tree:
qwen36.c:1582:54: note: node 0x3af20ca8 (max_nunits=2, refcnt=1) vector(2) signed char
qwen36.c:1582:54: note: op template: *_759 = _760;
qwen36.c:1582:54: note: 	stmt 0 *_759 = _760;
qwen36.c:1582:54: note: 	stmt 1 *_763 = _764;
qwen36.c:1582:54: note: 	children 0x3af20d28
qwen36.c:1582:54: note: node 0x3af20d28 (max_nunits=2, refcnt=1) vector(2) signed char
qwen36.c:1582:54: note: op template: _760 = _756 >> 4;
qwen36.c:1582:54: note: 	stmt 0 _760 = _756 >> 4;
qwen36.c:1582:54: note: 	stmt 1 _764 = byte.146_755 >> 4;
qwen36.c:1582:54: note: 	children 0x3af20e28 0x3af20ea8
qwen36.c:1582:54: note: node (external) 0x3af20e28 (max_nunits=1, refcnt=1) vector(2) signed char
qwen36.c:1582:54: note: 	{ _756, byte.146_755 }
qwen36.c:1582:54: note: node (constant) 0x3af20ea8 (max_nunits=1, refcnt=1)
qwen36.c:1582:54: note: 	{ 4, 4 }
qwen36.c:1582:54: note: ------>vectorizing SLP node starting from: _760 = _756 >> 4;
qwen36.c:1582:54: note: vector/scalar shift/rotate found.
qwen36.c:1582:54: note: transform binary/unary operation.
qwen36.c:1582:54: note: operand 1 using scalar mode.
qwen36.c:1582:54: note: add new stmt: vect__760.2177_776 = _775 >> 4;
qwen36.c:1582:54: note: ------>vectorizing SLP node starting from: *_759 = _760;
qwen36.c:1582:54: note: vect_is_simple_use: operand _756 >> 4, type of def: internal
qwen36.c:1582:54: note: vect_is_simple_use: operand byte.146_755 >> 4, type of def: internal
qwen36.c:1582:54: note: transform store. ncopies = 1
qwen36.c:1582:54: note: create vector_type-pointer variable to type: vector(2) signed char  vectorizing a pointer ref: *_759
qwen36.c:1582:54: note: created vectp.2179_777
qwen36.c:1582:54: note: add new stmt: MEM <vector(2) signed char> [(int8_t *)vectp.2179_777] = vect__760.2177_776;
qwen36.c:1582:54: note: vectorizing stmts using SLP.
qwen36.c:1582:54: optimized: basic block part vectorized using 32 byte vectors
qwen36.c:1582:54: note: Vectorizing SLP tree:
qwen36.c:1582:54: note: node 0x3af20f28 (max_nunits=2, refcnt=1) vector(2) signed char
qwen36.c:1582:54: note: op template: *_149 = _120;
qwen36.c:1582:54: note: 	stmt 0 *_149 = _120;
qwen36.c:1582:54: note: 	stmt 1 *_261 = _262;
qwen36.c:1582:54: note: 	children 0x3af20fa8
qwen36.c:1582:54: note: node 0x3af20fa8 (max_nunits=2, refcnt=1) vector(2) signed char
qwen36.c:1582:54: note: op template: _120 = _187 >> 4;
qwen36.c:1582:54: note: 	stmt 0 _120 = _187 >> 4;
qwen36.c:1582:54: note: 	stmt 1 _262 = byte.146_188 >> 4;
qwen36.c:1582:54: note: 	children 0x3af210a8 0x3af21128
qwen36.c:1582:54: note: node (external) 0x3af210a8 (max_nunits=1, refcnt=1) vector(2) signed char
qwen36.c:1582:54: note: 	{ _187, byte.146_188 }
qwen36.c:1582:54: note: node (constant) 0x3af21128 (max_nunits=1, refcnt=1)
qwen36.c:1582:54: note: 	{ 4, 4 }
qwen36.c:1582:54: note: ------>vectorizing SLP node starting from: _120 = _187 >> 4;
qwen36.c:1582:54: note: vector/scalar shift/rotate found.
qwen36.c:1582:54: note: transform binary/unary operation.
qwen36.c:1582:54: note: operand 1 using scalar mode.
qwen36.c:1582:54: note: add new stmt: vect__120.2180_780 = _779 >> 4;
qwen36.c:1582:54: note: ------>vectorizing SLP node starting from: *_149 = _120;
qwen36.c:1582:54: note: vect_is_simple_use: operand _187 >> 4, type of def: internal
qwen36.c:1582:54: note: vect_is_simple_use: operand byte.146_188 >> 4, type of def: internal
qwen36.c:1582:54: note: transform store. ncopies = 1
qwen36.c:1582:54: note: create vector_type-pointer variable to type: vector(2) signed char  vectorizing a pointer ref: *_149
qwen36.c:1582:54: note: created vectp.2182_781
qwen36.c:1582:54: note: add new stmt: MEM <vector(2) signed char> [(int8_t *)vectp.2182_781] = vect__120.2180_780;
qwen36.c:1582:54: note: vectorizing stmts using SLP.
qwen36.c:1582:54: optimized: basic block part vectorized using 32 byte vectors
qwen36.c:1582:54: note: Vectorizing SLP tree:
qwen36.c:1582:54: note: node 0x3af211a8 (max_nunits=2, refcnt=1) vector(2) signed char
qwen36.c:1582:54: note: op template: *_158 = _159;
qwen36.c:1582:54: note: 	stmt 0 *_158 = _159;
qwen36.c:1582:54: note: 	stmt 1 *_162 = _204;
qwen36.c:1582:54: note: 	children 0x3af21228
qwen36.c:1582:54: note: node 0x3af21228 (max_nunits=2, refcnt=1) vector(2) signed char
qwen36.c:1582:54: note: op template: _159 = _155 >> 4;
qwen36.c:1582:54: note: 	stmt 0 _159 = _155 >> 4;
qwen36.c:1582:54: note: 	stmt 1 _204 = byte.146_154 >> 4;
qwen36.c:1582:54: note: 	children 0x3af21328 0x3af213a8
qwen36.c:1582:54: note: node (external) 0x3af21328 (max_nunits=1, refcnt=1) vector(2) signed char
qwen36.c:1582:54: note: 	{ _155, byte.146_154 }
qwen36.c:1582:54: note: node (constant) 0x3af213a8 (max_nunits=1, refcnt=1)
qwen36.c:1582:54: note: 	{ 4, 4 }
qwen36.c:1582:54: note: ------>vectorizing SLP node starting from: _159 = _155 >> 4;
qwen36.c:1582:54: note: vector/scalar shift/rotate found.
qwen36.c:1582:54: note: transform binary/unary operation.
qwen36.c:1582:54: note: operand 1 using scalar mode.
qwen36.c:1582:54: note: add new stmt: vect__159.2183_784 = _783 >> 4;
qwen36.c:1582:54: note: ------>vectorizing SLP node starting from: *_158 = _159;
qwen36.c:1582:54: note: vect_is_simple_use: operand _155 >> 4, type of def: internal
qwen36.c:1582:54: note: vect_is_simple_use: operand byte.146_154 >> 4, type of def: internal
qwen36.c:1582:54: note: transform store. ncopies = 1
qwen36.c:1582:54: note: create vector_type-pointer variable to type: vector(2) signed char  vectorizing a pointer ref: *_158
qwen36.c:1582:54: note: created vectp.2185_785
qwen36.c:1582:54: note: add new stmt: MEM <vector(2) signed char> [(int8_t *)vectp.2185_785] = vect__159.2183_784;
qwen36.c:1582:54: note: vectorizing stmts using SLP.
qwen36.c:1582:54: optimized: basic block part vectorized using 32 byte vectors
qwen36.c:1582:54: note: Vectorizing SLP tree:
qwen36.c:1582:54: note: node 0x3af21428 (max_nunits=2, refcnt=1) vector(2) signed char
qwen36.c:1582:54: note: op template: *_300 = _301;
qwen36.c:1582:54: note: 	stmt 0 *_300 = _301;
qwen36.c:1582:54: note: 	stmt 1 *_304 = _305;
qwen36.c:1582:54: note: 	children 0x3af214a8
qwen36.c:1582:54: note: node 0x3af214a8 (max_nunits=2, refcnt=1) vector(2) signed char
qwen36.c:1582:54: note: op template: _301 = _297 >> 4;
qwen36.c:1582:54: note: 	stmt 0 _301 = _297 >> 4;
qwen36.c:1582:54: note: 	stmt 1 _305 = byte.146_296 >> 4;
qwen36.c:1582:54: note: 	children 0x3af215a8 0x3af21628
qwen36.c:1582:54: note: node (external) 0x3af215a8 (max_nunits=1, refcnt=1) vector(2) signed char
qwen36.c:1582:54: note: 	{ _297, byte.146_296 }
qwen36.c:1582:54: note: node (constant) 0x3af21628 (max_nunits=1, refcnt=1)
qwen36.c:1582:54: note: 	{ 4, 4 }
qwen36.c:1582:54: note: ------>vectorizing SLP node starting from: _301 = _297 >> 4;
qwen36.c:1582:54: note: vector/scalar shift/rotate found.
qwen36.c:1582:54: note: transform binary/unary operation.
qwen36.c:1582:54: note: operand 1 using scalar mode.
qwen36.c:1582:54: note: add new stmt: vect__301.2186_788 = _787 >> 4;
qwen36.c:1582:54: note: ------>vectorizing SLP node starting from: *_300 = _301;
qwen36.c:1582:54: note: vect_is_simple_use: operand _297 >> 4, type of def: internal
qwen36.c:1582:54: note: vect_is_simple_use: operand byte.146_296 >> 4, type of def: internal
qwen36.c:1582:54: note: transform store. ncopies = 1
qwen36.c:1582:54: note: create vector_type-pointer variable to type: vector(2) signed char  vectorizing a pointer ref: *_300
qwen36.c:1582:54: note: created vectp.2188_789
qwen36.c:1582:54: note: add new stmt: MEM <vector(2) signed char> [(int8_t *)vectp.2188_789] = vect__301.2186_788;
qwen36.c:1582:54: note: vectorizing stmts using SLP.
qwen36.c:1582:54: optimized: basic block part vectorized using 32 byte vectors
qwen36.c:1582:54: note: Vectorizing SLP tree:
qwen36.c:1582:54: note: node 0x3af216a8 (max_nunits=2, refcnt=1) vector(2) signed char
qwen36.c:1582:54: note: op template: *_317 = _318;
qwen36.c:1582:54: note: 	stmt 0 *_317 = _318;
qwen36.c:1582:54: note: 	stmt 1 *_321 = _322;
qwen36.c:1582:54: note: 	children 0x3af21728
qwen36.c:1582:54: note: node 0x3af21728 (max_nunits=2, refcnt=1) vector(2) signed char
qwen36.c:1582:54: note: op template: _318 = _314 >> 4;
qwen36.c:1582:54: note: 	stmt 0 _318 = _314 >> 4;
qwen36.c:1582:54: note: 	stmt 1 _322 = byte.146_313 >> 4;
qwen36.c:1582:54: note: 	children 0x3af21828 0x3af218a8
qwen36.c:1582:54: note: node (external) 0x3af21828 (max_nunits=1, refcnt=1) vector(2) signed char
qwen36.c:1582:54: note: 	{ _314, byte.146_313 }
qwen36.c:1582:54: note: node (constant) 0x3af218a8 (max_nunits=1, refcnt=1)
qwen36.c:1582:54: note: 	{ 4, 4 }
qwen36.c:1582:54: note: ------>vectorizing SLP node starting from: _318 = _314 >> 4;
qwen36.c:1582:54: note: vector/scalar shift/rotate found.
qwen36.c:1582:54: note: transform binary/unary operation.
qwen36.c:1582:54: note: operand 1 using scalar mode.
qwen36.c:1582:54: note: add new stmt: vect__318.2189_792 = _791 >> 4;
qwen36.c:1582:54: note: ------>vectorizing SLP node starting from: *_317 = _318;
qwen36.c:1582:54: note: vect_is_simple_use: operand _314 >> 4, type of def: internal
qwen36.c:1582:54: note: vect_is_simple_use: operand byte.146_313 >> 4, type of def: internal
qwen36.c:1582:54: note: transform store. ncopies = 1
qwen36.c:1582:54: note: create vector_type-pointer variable to type: vector(2) signed char  vectorizing a pointer ref: *_317
qwen36.c:1582:54: note: created vectp.2191_793
qwen36.c:1582:54: note: add new stmt: MEM <vector(2) signed char> [(int8_t *)vectp.2191_793] = vect__318.2189_792;
qwen36.c:1582:54: note: vectorizing stmts using SLP.
qwen36.c:1582:54: optimized: basic block part vectorized using 32 byte vectors
qwen36.c:1582:54: note: Vectorizing SLP tree:
qwen36.c:1582:54: note: node 0x3af21928 (max_nunits=2, refcnt=1) vector(2) signed char
qwen36.c:1582:54: note: op template: *_334 = _335;
qwen36.c:1582:54: note: 	stmt 0 *_334 = _335;
qwen36.c:1582:54: note: 	stmt 1 *_338 = _339;
qwen36.c:1582:54: note: 	children 0x3af219a8
qwen36.c:1582:54: note: node 0x3af219a8 (max_nunits=2, refcnt=1) vector(2) signed char
qwen36.c:1582:54: note: op template: _335 = _331 >> 4;
qwen36.c:1582:54: note: 	stmt 0 _335 = _331 >> 4;
qwen36.c:1582:54: note: 	stmt 1 _339 = byte.146_330 >> 4;
qwen36.c:1582:54: note: 	children 0x3af21aa8 0x3af21b28
qwen36.c:1582:54: note: node (external) 0x3af21aa8 (max_nunits=1, refcnt=1) vector(2) signed char
qwen36.c:1582:54: note: 	{ _331, byte.146_330 }
qwen36.c:1582:54: note: node (constant) 0x3af21b28 (max_nunits=1, refcnt=1)
qwen36.c:1582:54: note: 	{ 4, 4 }
qwen36.c:1582:54: note: ------>vectorizing SLP node starting from: _335 = _331 >> 4;
qwen36.c:1582:54: note: vector/scalar shift/rotate found.
qwen36.c:1582:54: note: transform binary/unary operation.
qwen36.c:1582:54: note: operand 1 using scalar mode.
qwen36.c:1582:54: note: add new stmt: vect__335.2192_796 = _795 >> 4;
qwen36.c:1582:54: note: ------>vectorizing SLP node starting from: *_334 = _335;
qwen36.c:1582:54: note: vect_is_simple_use: operand _331 >> 4, type of def: internal
qwen36.c:1582:54: note: vect_is_simple_use: operand byte.146_330 >> 4, type of def: internal
qwen36.c:1582:54: note: transform store. ncopies = 1
qwen36.c:1582:54: note: create vector_type-pointer variable to type: vector(2) signed char  vectorizing a pointer ref: *_334
qwen36.c:1582:54: note: created vectp.2194_797
qwen36.c:1582:54: note: add new stmt: MEM <vector(2) signed char> [(int8_t *)vectp.2194_797] = vect__335.2192_796;
qwen36.c:1582:54: note: vectorizing stmts using SLP.
qwen36.c:1582:54: optimized: basic block part vectorized using 32 byte vectors
qwen36.c:1582:54: note: Vectorizing SLP tree:
qwen36.c:1582:54: note: node 0x3af21ba8 (max_nunits=2, refcnt=1) vector(2) signed char
qwen36.c:1582:54: note: op template: *_351 = _352;
qwen36.c:1582:54: note: 	stmt 0 *_351 = _352;
qwen36.c:1582:54: note: 	stmt 1 *_355 = _356;
qwen36.c:1582:54: note: 	children 0x3af21c28
qwen36.c:1582:54: note: node 0x3af21c28 (max_nunits=2, refcnt=1) vector(2) signed char
qwen36.c:1582:54: note: op template: _352 = _348 >> 4;
qwen36.c:1582:54: note: 	stmt 0 _352 = _348 >> 4;
qwen36.c:1582:54: note: 	stmt 1 _356 = byte.146_347 >> 4;
qwen36.c:1582:54: note: 	children 0x3af21d28 0x3af21da8
qwen36.c:1582:54: note: node (external) 0x3af21d28 (max_nunits=1, refcnt=1) vector(2) signed char
qwen36.c:1582:54: note: 	{ _348, byte.146_347 }
qwen36.c:1582:54: note: node (constant) 0x3af21da8 (max_nunits=1, refcnt=1)
qwen36.c:1582:54: note: 	{ 4, 4 }
qwen36.c:1582:54: note: ------>vectorizing SLP node starting from: _352 = _348 >> 4;
qwen36.c:1582:54: note: vector/scalar shift/rotate found.
qwen36.c:1582:54: note: transform binary/unary operation.
qwen36.c:1582:54: note: operand 1 using scalar mode.
qwen36.c:1582:54: note: add new stmt: vect__352.2195_800 = _799 >> 4;
qwen36.c:1582:54: note: ------>vectorizing SLP node starting from: *_351 = _352;
qwen36.c:1582:54: note: vect_is_simple_use: operand _348 >> 4, type of def: internal
qwen36.c:1582:54: note: vect_is_simple_use: operand byte.146_347 >> 4, type of def: internal
qwen36.c:1582:54: note: transform store. ncopies = 1
qwen36.c:1582:54: note: create vector_type-pointer variable to type: vector(2) signed char  vectorizing a pointer ref: *_351
qwen36.c:1582:54: note: created vectp.2197_801
qwen36.c:1582:54: note: add new stmt: MEM <vector(2) signed char> [(int8_t *)vectp.2197_801] = vect__352.2195_800;
qwen36.c:1582:54: note: vectorizing stmts using SLP.
qwen36.c:1582:54: optimized: basic block part vectorized using 32 byte vectors
qwen36.c:1582:54: note: Vectorizing SLP tree:
qwen36.c:1582:54: note: node 0x3af21e28 (max_nunits=2, refcnt=1) vector(2) signed char
qwen36.c:1582:54: note: op template: *_368 = _369;
qwen36.c:1582:54: note: 	stmt 0 *_368 = _369;
qwen36.c:1582:54: note: 	stmt 1 *_372 = _373;
qwen36.c:1582:54: note: 	children 0x3af21ea8
qwen36.c:1582:54: note: node 0x3af21ea8 (max_nunits=2, refcnt=1) vector(2) signed char
qwen36.c:1582:54: note: op template: _369 = _365 >> 4;
qwen36.c:1582:54: note: 	stmt 0 _369 = _365 >> 4;
qwen36.c:1582:54: note: 	stmt 1 _373 = byte.146_364 >> 4;
qwen36.c:1582:54: note: 	children 0x3af21fa8 0x3af22028
qwen36.c:1582:54: note: node (external) 0x3af21fa8 (max_nunits=1, refcnt=1) vector(2) signed char
qwen36.c:1582:54: note: 	{ _365, byte.146_364 }
qwen36.c:1582:54: note: node (constant) 0x3af22028 (max_nunits=1, refcnt=1)
qwen36.c:1582:54: note: 	{ 4, 4 }
qwen36.c:1582:54: note: ------>vectorizing SLP node starting from: _369 = _365 >> 4;
qwen36.c:1582:54: note: vector/scalar shift/rotate found.
qwen36.c:1582:54: note: transform binary/unary operation.
qwen36.c:1582:54: note: operand 1 using scalar mode.
qwen36.c:1582:54: note: add new stmt: vect__369.2198_804 = _803 >> 4;
qwen36.c:1582:54: note: ------>vectorizing SLP node starting from: *_368 = _369;
qwen36.c:1582:54: note: vect_is_simple_use: operand _365 >> 4, type of def: internal
qwen36.c:1582:54: note: vect_is_simple_use: operand byte.146_364 >> 4, type of def: internal
qwen36.c:1582:54: note: transform store. ncopies = 1
qwen36.c:1582:54: note: create vector_type-pointer variable to type: vector(2) signed char  vectorizing a pointer ref: *_368
qwen36.c:1582:54: note: created vectp.2200_805
qwen36.c:1582:54: note: add new stmt: MEM <vector(2) signed char> [(int8_t *)vectp.2200_805] = vect__369.2198_804;
qwen36.c:1582:54: note: vectorizing stmts using SLP.
qwen36.c:1582:54: optimized: basic block part vectorized using 32 byte vectors
qwen36.c:1582:54: note: Vectorizing SLP tree:
qwen36.c:1582:54: note: node 0x3af220a8 (max_nunits=2, refcnt=1) vector(2) signed char
qwen36.c:1582:54: note: op template: *_385 = _386;
qwen36.c:1582:54: note: 	stmt 0 *_385 = _386;
qwen36.c:1582:54: note: 	stmt 1 *_389 = _390;
qwen36.c:1582:54: note: 	children 0x3af22128
qwen36.c:1582:54: note: node 0x3af22128 (max_nunits=2, refcnt=1) vector(2) signed char
qwen36.c:1582:54: note: op template: _386 = _382 >> 4;
qwen36.c:1582:54: note: 	stmt 0 _386 = _382 >> 4;
qwen36.c:1582:54: note: 	stmt 1 _390 = byte.146_381 >> 4;
qwen36.c:1582:54: note: 	children 0x3af22228 0x3af222a8
qwen36.c:1582:54: note: node (external) 0x3af22228 (max_nunits=1, refcnt=1) vector(2) signed char
qwen36.c:1582:54: note: 	{ _382, byte.146_381 }
qwen36.c:1582:54: note: node (constant) 0x3af222a8 (max_nunits=1, refcnt=1)
qwen36.c:1582:54: note: 	{ 4, 4 }
qwen36.c:1582:54: note: ------>vectorizing SLP node starting from: _386 = _382 >> 4;
qwen36.c:1582:54: note: vector/scalar shift/rotate found.
qwen36.c:1582:54: note: transform binary/unary operation.
qwen36.c:1582:54: note: operand 1 using scalar mode.
qwen36.c:1582:54: note: add new stmt: vect__386.2201_808 = _807 >> 4;
qwen36.c:1582:54: note: ------>vectorizing SLP node starting from: *_385 = _386;
qwen36.c:1582:54: note: vect_is_simple_use: operand _382 >> 4, type of def: internal
qwen36.c:1582:54: note: vect_is_simple_use: operand byte.146_381 >> 4, type of def: internal
qwen36.c:1582:54: note: transform store. ncopies = 1
qwen36.c:1582:54: note: create vector_type-pointer variable to type: vector(2) signed char  vectorizing a pointer ref: *_385
qwen36.c:1582:54: note: created vectp.2203_809
qwen36.c:1582:54: note: add new stmt: MEM <vector(2) signed char> [(int8_t *)vectp.2203_809] = vect__386.2201_808;
qwen36.c:1582:54: note: vectorizing stmts using SLP.
qwen36.c:1582:54: optimized: basic block part vectorized using 32 byte vectors
qwen36.c:1582:54: note: Vectorizing SLP tree:
qwen36.c:1582:54: note: node 0x3af22328 (max_nunits=2, refcnt=1) vector(2) signed char
qwen36.c:1582:54: note: op template: *_402 = _403;
qwen36.c:1582:54: note: 	stmt 0 *_402 = _403;
qwen36.c:1582:54: note: 	stmt 1 *_406 = _407;
qwen36.c:1582:54: note: 	children 0x3af223a8
qwen36.c:1582:54: note: node 0x3af223a8 (max_nunits=2, refcnt=1) vector(2) signed char
qwen36.c:1582:54: note: op template: _403 = _399 >> 4;
qwen36.c:1582:54: note: 	stmt 0 _403 = _399 >> 4;
qwen36.c:1582:54: note: 	stmt 1 _407 = byte.146_398 >> 4;
qwen36.c:1582:54: note: 	children 0x3af224a8 0x3af22528
qwen36.c:1582:54: note: node (external) 0x3af224a8 (max_nunits=1, refcnt=1) vector(2) signed char
qwen36.c:1582:54: note: 	{ _399, byte.146_398 }
qwen36.c:1582:54: note: node (constant) 0x3af22528 (max_nunits=1, refcnt=1)
qwen36.c:1582:54: note: 	{ 4, 4 }
qwen36.c:1582:54: note: ------>vectorizing SLP node starting from: _403 = _399 >> 4;
qwen36.c:1582:54: note: vector/scalar shift/rotate found.
qwen36.c:1582:54: note: transform binary/unary operation.
qwen36.c:1582:54: note: operand 1 using scalar mode.
qwen36.c:1582:54: note: add new stmt: vect__403.2204_812 = _811 >> 4;
qwen36.c:1582:54: note: ------>vectorizing SLP node starting from: *_402 = _403;
qwen36.c:1582:54: note: vect_is_simple_use: operand _399 >> 4, type of def: internal
qwen36.c:1582:54: note: vect_is_simple_use: operand byte.146_398 >> 4, type of def: internal
qwen36.c:1582:54: note: transform store. ncopies = 1
qwen36.c:1582:54: note: create vector_type-pointer variable to type: vector(2) signed char  vectorizing a pointer ref: *_402
qwen36.c:1582:54: note: created vectp.2206_813
qwen36.c:1582:54: note: add new stmt: MEM <vector(2) signed char> [(int8_t *)vectp.2206_813] = vect__403.2204_812;
qwen36.c:1582:54: note: vectorizing stmts using SLP.
qwen36.c:1582:54: optimized: basic block part vectorized using 32 byte vectors
qwen36.c:1582:54: note: Vectorizing SLP tree:
qwen36.c:1582:54: note: node 0x3af225a8 (max_nunits=2, refcnt=1) vector(2) signed char
qwen36.c:1582:54: note: op template: *_419 = _420;
qwen36.c:1582:54: note: 	stmt 0 *_419 = _420;
qwen36.c:1582:54: note: 	stmt 1 *_423 = _424;
qwen36.c:1582:54: note: 	children 0x3af22628
qwen36.c:1582:54: note: node 0x3af22628 (max_nunits=2, refcnt=1) vector(2) signed char
qwen36.c:1582:54: note: op template: _420 = _416 >> 4;
qwen36.c:1582:54: note: 	stmt 0 _420 = _416 >> 4;
qwen36.c:1582:54: note: 	stmt 1 _424 = byte.146_415 >> 4;
qwen36.c:1582:54: note: 	children 0x3af22728 0x3af227a8
qwen36.c:1582:54: note: node (external) 0x3af22728 (max_nunits=1, refcnt=1) vector(2) signed char
qwen36.c:1582:54: note: 	{ _416, byte.146_415 }
qwen36.c:1582:54: note: node (constant) 0x3af227a8 (max_nunits=1, refcnt=1)
qwen36.c:1582:54: note: 	{ 4, 4 }
qwen36.c:1582:54: note: ------>vectorizing SLP node starting from: _420 = _416 >> 4;
qwen36.c:1582:54: note: vector/scalar shift/rotate found.
qwen36.c:1582:54: note: transform binary/unary operation.
qwen36.c:1582:54: note: operand 1 using scalar mode.
qwen36.c:1582:54: note: add new stmt: vect__420.2207_816 = _815 >> 4;
qwen36.c:1582:54: note: ------>vectorizing SLP node starting from: *_419 = _420;
qwen36.c:1582:54: note: vect_is_simple_use: operand _416 >> 4, type of def: internal
qwen36.c:1582:54: note: vect_is_simple_use: operand byte.146_415 >> 4, type of def: internal
qwen36.c:1582:54: note: transform store. ncopies = 1
qwen36.c:1582:54: note: create vector_type-pointer variable to type: vector(2) signed char  vectorizing a pointer ref: *_419
qwen36.c:1582:54: note: created vectp.2209_817
qwen36.c:1582:54: note: add new stmt: MEM <vector(2) signed char> [(int8_t *)vectp.2209_817] = vect__420.2207_816;
qwen36.c:1582:54: note: vectorizing stmts using SLP.
qwen36.c:1582:54: optimized: basic block part vectorized using 32 byte vectors
qwen36.c:1582:54: note: Vectorizing SLP tree:
qwen36.c:1582:54: note: node 0x3af22828 (max_nunits=2, refcnt=1) vector(2) signed char
qwen36.c:1582:54: note: op template: *_436 = _437;
qwen36.c:1582:54: note: 	stmt 0 *_436 = _437;
qwen36.c:1582:54: note: 	stmt 1 *_440 = _441;
qwen36.c:1582:54: note: 	children 0x3af228a8
qwen36.c:1582:54: note: node 0x3af228a8 (max_nunits=2, refcnt=1) vector(2) signed char
qwen36.c:1582:54: note: op template: _437 = _433 >> 4;
qwen36.c:1582:54: note: 	stmt 0 _437 = _433 >> 4;
qwen36.c:1582:54: note: 	stmt 1 _441 = byte.146_432 >> 4;
qwen36.c:1582:54: note: 	children 0x3af229a8 0x3af22a28
qwen36.c:1582:54: note: node (external) 0x3af229a8 (max_nunits=1, refcnt=1) vector(2) signed char
qwen36.c:1582:54: note: 	{ _433, byte.146_432 }
qwen36.c:1582:54: note: node (constant) 0x3af22a28 (max_nunits=1, refcnt=1)
qwen36.c:1582:54: note: 	{ 4, 4 }
qwen36.c:1582:54: note: ------>vectorizing SLP node starting from: _437 = _433 >> 4;
qwen36.c:1582:54: note: vector/scalar shift/rotate found.
qwen36.c:1582:54: note: transform binary/unary operation.
qwen36.c:1582:54: note: operand 1 using scalar mode.
qwen36.c:1582:54: note: add new stmt: vect__437.2210_820 = _819 >> 4;
qwen36.c:1582:54: note: ------>vectorizing SLP node starting from: *_436 = _437;
qwen36.c:1582:54: note: vect_is_simple_use: operand _433 >> 4, type of def: internal
qwen36.c:1582:54: note: vect_is_simple_use: operand byte.146_432 >> 4, type of def: internal
qwen36.c:1582:54: note: transform store. ncopies = 1
qwen36.c:1582:54: note: create vector_type-pointer variable to type: vector(2) signed char  vectorizing a pointer ref: *_436
qwen36.c:1582:54: note: created vectp.2212_821
qwen36.c:1582:54: note: add new stmt: MEM <vector(2) signed char> [(int8_t *)vectp.2212_821] = vect__437.2210_820;
qwen36.c:1582:54: note: vectorizing stmts using SLP.
qwen36.c:1582:54: optimized: basic block part vectorized using 32 byte vectors
qwen36.c:1582:54: note: Vectorizing SLP tree:
qwen36.c:1582:54: note: node 0x3af22aa8 (max_nunits=2, refcnt=1) vector(2) signed char
qwen36.c:1582:54: note: op template: *_453 = _454;
qwen36.c:1582:54: note: 	stmt 0 *_453 = _454;
qwen36.c:1582:54: note: 	stmt 1 *_457 = _458;
qwen36.c:1582:54: note: 	children 0x3af22b28
qwen36.c:1582:54: note: node 0x3af22b28 (max_nunits=2, refcnt=1) vector(2) signed char
qwen36.c:1582:54: note: op template: _454 = _450 >> 4;
qwen36.c:1582:54: note: 	stmt 0 _454 = _450 >> 4;
qwen36.c:1582:54: note: 	stmt 1 _458 = byte.146_449 >> 4;
qwen36.c:1582:54: note: 	children 0x3af22c28 0x3af22ca8
qwen36.c:1582:54: note: node (external) 0x3af22c28 (max_nunits=1, refcnt=1) vector(2) signed char
qwen36.c:1582:54: note: 	{ _450, byte.146_449 }
qwen36.c:1582:54: note: node (constant) 0x3af22ca8 (max_nunits=1, refcnt=1)
qwen36.c:1582:54: note: 	{ 4, 4 }
qwen36.c:1582:54: note: ------>vectorizing SLP node starting from: _454 = _450 >> 4;
qwen36.c:1582:54: note: vector/scalar shift/rotate found.
qwen36.c:1582:54: note: transform binary/unary operation.
qwen36.c:1582:54: note: operand 1 using scalar mode.
qwen36.c:1582:54: note: add new stmt: vect__454.2213_824 = _823 >> 4;
qwen36.c:1582:54: note: ------>vectorizing SLP node starting from: *_453 = _454;
qwen36.c:1582:54: note: vect_is_simple_use: operand _450 >> 4, type of def: internal
qwen36.c:1582:54: note: vect_is_simple_use: operand byte.146_449 >> 4, type of def: internal
qwen36.c:1582:54: note: transform store. ncopies = 1
qwen36.c:1582:54: note: create vector_type-pointer variable to type: vector(2) signed char  vectorizing a pointer ref: *_453
qwen36.c:1582:54: note: created vectp.2215_825
qwen36.c:1582:54: note: add new stmt: MEM <vector(2) signed char> [(int8_t *)vectp.2215_825] = vect__454.2213_824;
qwen36.c:1582:54: note: vectorizing stmts using SLP.
qwen36.c:1582:54: optimized: basic block part vectorized using 32 byte vectors
qwen36.c:1582:54: note: Vectorizing SLP tree:
qwen36.c:1582:54: note: node 0x3af22d28 (max_nunits=2, refcnt=1) vector(2) signed char
qwen36.c:1582:54: note: op template: *_470 = _471;
qwen36.c:1582:54: note: 	stmt 0 *_470 = _471;
qwen36.c:1582:54: note: 	stmt 1 *_474 = _475;
qwen36.c:1582:54: note: 	children 0x3af22da8
qwen36.c:1582:54: note: node 0x3af22da8 (max_nunits=2, refcnt=1) vector(2) signed char
qwen36.c:1582:54: note: op template: _471 = _467 >> 4;
qwen36.c:1582:54: note: 	stmt 0 _471 = _467 >> 4;
qwen36.c:1582:54: note: 	stmt 1 _475 = byte.146_466 >> 4;
qwen36.c:1582:54: note: 	children 0x3af22ea8 0x3af22f28
qwen36.c:1582:54: note: node (external) 0x3af22ea8 (max_nunits=1, refcnt=1) vector(2) signed char
qwen36.c:1582:54: note: 	{ _467, byte.146_466 }
qwen36.c:1582:54: note: node (constant) 0x3af22f28 (max_nunits=1, refcnt=1)
qwen36.c:1582:54: note: 	{ 4, 4 }
qwen36.c:1582:54: note: ------>vectorizing SLP node starting from: _471 = _467 >> 4;
qwen36.c:1582:54: note: vector/scalar shift/rotate found.
qwen36.c:1582:54: note: transform binary/unary operation.
qwen36.c:1582:54: note: operand 1 using scalar mode.
qwen36.c:1582:54: note: add new stmt: vect__471.2216_828 = _827 >> 4;
qwen36.c:1582:54: note: ------>vectorizing SLP node starting from: *_470 = _471;
qwen36.c:1582:54: note: vect_is_simple_use: operand _467 >> 4, type of def: internal
qwen36.c:1582:54: note: vect_is_simple_use: operand byte.146_466 >> 4, type of def: internal
qwen36.c:1582:54: note: transform store. ncopies = 1
qwen36.c:1582:54: note: create vector_type-pointer variable to type: vector(2) signed char  vectorizing a pointer ref: *_470
qwen36.c:1582:54: note: created vectp.2218_829
qwen36.c:1582:54: note: add new stmt: MEM <vector(2) signed char> [(int8_t *)vectp.2218_829] = vect__471.2216_828;
qwen36.c:1582:54: note: vectorizing stmts using SLP.
qwen36.c:1582:54: optimized: basic block part vectorized using 32 byte vectors
qwen36.c:1582:54: note: Vectorizing SLP tree:
qwen36.c:1582:54: note: node 0x3af22fa8 (max_nunits=2, refcnt=1) vector(2) signed char
qwen36.c:1582:54: note: op template: *_487 = _488;
qwen36.c:1582:54: note: 	stmt 0 *_487 = _488;
qwen36.c:1582:54: note: 	stmt 1 *_491 = _492;
qwen36.c:1582:54: note: 	children 0x3af23028
qwen36.c:1582:54: note: node 0x3af23028 (max_nunits=2, refcnt=1) vector(2) signed char
qwen36.c:1582:54: note: op template: _488 = _484 >> 4;
qwen36.c:1582:54: note: 	stmt 0 _488 = _484 >> 4;
qwen36.c:1582:54: note: 	stmt 1 _492 = byte.146_483 >> 4;
qwen36.c:1582:54: note: 	children 0x3af23128 0x3af231a8
qwen36.c:1582:54: note: node (external) 0x3af23128 (max_nunits=1, refcnt=1) vector(2) signed char
qwen36.c:1582:54: note: 	{ _484, byte.146_483 }
qwen36.c:1582:54: note: node (constant) 0x3af231a8 (max_nunits=1, refcnt=1)
qwen36.c:1582:54: note: 	{ 4, 4 }
qwen36.c:1582:54: note: ------>vectorizing SLP node starting from: _488 = _484 >> 4;
qwen36.c:1582:54: note: vector/scalar shift/rotate found.
qwen36.c:1582:54: note: transform binary/unary operation.
qwen36.c:1582:54: note: operand 1 using scalar mode.
qwen36.c:1582:54: note: add new stmt: vect__488.2219_832 = _831 >> 4;
qwen36.c:1582:54: note: ------>vectorizing SLP node starting from: *_487 = _488;
qwen36.c:1582:54: note: vect_is_simple_use: operand _484 >> 4, type of def: internal
qwen36.c:1582:54: note: vect_is_simple_use: operand byte.146_483 >> 4, type of def: internal
qwen36.c:1582:54: note: transform store. ncopies = 1
qwen36.c:1582:54: note: create vector_type-pointer variable to type: vector(2) signed char  vectorizing a pointer ref: *_487
qwen36.c:1582:54: note: created vectp.2221_833
qwen36.c:1582:54: note: add new stmt: MEM <vector(2) signed char> [(int8_t *)vectp.2221_833] = vect__488.2219_832;
qwen36.c:1582:54: note: vectorizing stmts using SLP.
qwen36.c:1582:54: optimized: basic block part vectorized using 32 byte vectors
qwen36.c:1582:54: note: Vectorizing SLP tree:
qwen36.c:1582:54: note: node 0x3af23228 (max_nunits=2, refcnt=1) vector(2) signed char
qwen36.c:1582:54: note: op template: *_504 = _505;
qwen36.c:1582:54: note: 	stmt 0 *_504 = _505;
qwen36.c:1582:54: note: 	stmt 1 *_508 = _509;
qwen36.c:1582:54: note: 	children 0x3af232a8
qwen36.c:1582:54: note: node 0x3af232a8 (max_nunits=2, refcnt=1) vector(2) signed char
qwen36.c:1582:54: note: op template: _505 = _501 >> 4;
qwen36.c:1582:54: note: 	stmt 0 _505 = _501 >> 4;
qwen36.c:1582:54: note: 	stmt 1 _509 = byte.146_500 >> 4;
qwen36.c:1582:54: note: 	children 0x3af233a8 0x3af23428
qwen36.c:1582:54: note: node (external) 0x3af233a8 (max_nunits=1, refcnt=1) vector(2) signed char
qwen36.c:1582:54: note: 	{ _501, byte.146_500 }
qwen36.c:1582:54: note: node (constant) 0x3af23428 (max_nunits=1, refcnt=1)
qwen36.c:1582:54: note: 	{ 4, 4 }
qwen36.c:1582:54: note: ------>vectorizing SLP node starting from: _505 = _501 >> 4;
qwen36.c:1582:54: note: vector/scalar shift/rotate found.
qwen36.c:1582:54: note: transform binary/unary operation.
qwen36.c:1582:54: note: operand 1 using scalar mode.
qwen36.c:1582:54: note: add new stmt: vect__505.2222_836 = _835 >> 4;
qwen36.c:1582:54: note: ------>vectorizing SLP node starting from: *_504 = _505;
qwen36.c:1582:54: note: vect_is_simple_use: operand _501 >> 4, type of def: internal
qwen36.c:1582:54: note: vect_is_simple_use: operand byte.146_500 >> 4, type of def: internal
qwen36.c:1582:54: note: transform store. ncopies = 1
qwen36.c:1582:54: note: create vector_type-pointer variable to type: vector(2) signed char  vectorizing a pointer ref: *_504
qwen36.c:1582:54: note: created vectp.2224_837
qwen36.c:1582:54: note: add new stmt: MEM <vector(2) signed char> [(int8_t *)vectp.2224_837] = vect__505.2222_836;
qwen36.c:1582:54: note: vectorizing stmts using SLP.
qwen36.c:1582:54: optimized: basic block part vectorized using 32 byte vectors
qwen36.c:1582:54: note: Vectorizing SLP tree:
qwen36.c:1582:54: note: node 0x3af234a8 (max_nunits=2, refcnt=1) vector(2) signed char
qwen36.c:1582:54: note: op template: *_521 = _522;
qwen36.c:1582:54: note: 	stmt 0 *_521 = _522;
qwen36.c:1582:54: note: 	stmt 1 *_525 = _526;
qwen36.c:1582:54: note: 	children 0x3af23528
qwen36.c:1582:54: note: node 0x3af23528 (max_nunits=2, refcnt=1) vector(2) signed char
qwen36.c:1582:54: note: op template: _522 = _518 >> 4;
qwen36.c:1582:54: note: 	stmt 0 _522 = _518 >> 4;
qwen36.c:1582:54: note: 	stmt 1 _526 = byte.146_517 >> 4;
qwen36.c:1582:54: note: 	children 0x3af23628 0x3af236a8
qwen36.c:1582:54: note: node (external) 0x3af23628 (max_nunits=1, refcnt=1) vector(2) signed char
qwen36.c:1582:54: note: 	{ _518, byte.146_517 }
qwen36.c:1582:54: note: node (constant) 0x3af236a8 (max_nunits=1, refcnt=1)
qwen36.c:1582:54: note: 	{ 4, 4 }
qwen36.c:1582:54: note: ------>vectorizing SLP node starting from: _522 = _518 >> 4;
qwen36.c:1582:54: note: vector/scalar shift/rotate found.
qwen36.c:1582:54: note: transform binary/unary operation.
qwen36.c:1582:54: note: operand 1 using scalar mode.
qwen36.c:1582:54: note: add new stmt: vect__522.2225_840 = _839 >> 4;
qwen36.c:1582:54: note: ------>vectorizing SLP node starting from: *_521 = _522;
qwen36.c:1582:54: note: vect_is_simple_use: operand _518 >> 4, type of def: internal
qwen36.c:1582:54: note: vect_is_simple_use: operand byte.146_517 >> 4, type of def: internal
qwen36.c:1582:54: note: transform store. ncopies = 1
qwen36.c:1582:54: note: create vector_type-pointer variable to type: vector(2) signed char  vectorizing a pointer ref: *_521
qwen36.c:1582:54: note: created vectp.2227_841
qwen36.c:1582:54: note: add new stmt: MEM <vector(2) signed char> [(int8_t *)vectp.2227_841] = vect__522.2225_840;
qwen36.c:1582:54: note: vectorizing stmts using SLP.
qwen36.c:1582:54: optimized: basic block part vectorized using 32 byte vectors
qwen36.c:1582:54: note: Vectorizing SLP tree:
qwen36.c:1582:54: note: node 0x3af23728 (max_nunits=2, refcnt=1) vector(2) signed char
qwen36.c:1582:54: note: op template: *_212 = _211;
qwen36.c:1582:54: note: 	stmt 0 *_212 = _211;
qwen36.c:1582:54: note: 	stmt 1 *_208 = _207;
qwen36.c:1582:54: note: 	children 0x3af237a8
qwen36.c:1582:54: note: node 0x3af237a8 (max_nunits=2, refcnt=1) vector(2) signed char
qwen36.c:1582:54: note: op template: _211 = _215 >> 4;
qwen36.c:1582:54: note: 	stmt 0 _211 = _215 >> 4;
qwen36.c:1582:54: note: 	stmt 1 _207 = byte.146_216 >> 4;
qwen36.c:1582:54: note: 	children 0x3af238a8 0x3af23928
qwen36.c:1582:54: note: node (external) 0x3af238a8 (max_nunits=1, refcnt=1) vector(2) signed char
qwen36.c:1582:54: note: 	{ _215, byte.146_216 }
qwen36.c:1582:54: note: node (constant) 0x3af23928 (max_nunits=1, refcnt=1)
qwen36.c:1582:54: note: 	{ 4, 4 }
qwen36.c:1582:54: note: ------>vectorizing SLP node starting from: _211 = _215 >> 4;
qwen36.c:1582:54: note: vector/scalar shift/rotate found.
qwen36.c:1582:54: note: transform binary/unary operation.
qwen36.c:1582:54: note: operand 1 using scalar mode.
qwen36.c:1582:54: note: add new stmt: vect__211.2228_844 = _843 >> 4;
qwen36.c:1582:54: note: ------>vectorizing SLP node starting from: *_212 = _211;
qwen36.c:1582:54: note: vect_is_simple_use: operand _215 >> 4, type of def: internal
qwen36.c:1582:54: note: vect_is_simple_use: operand byte.146_216 >> 4, type of def: internal
qwen36.c:1582:54: note: transform store. ncopies = 1
qwen36.c:1582:54: note: create vector_type-pointer variable to type: vector(2) signed char  vectorizing a pointer ref: *_212
qwen36.c:1582:54: note: created vectp.2230_845
qwen36.c:1582:54: note: add new stmt: MEM <vector(2) signed char> [(int8_t *)vectp.2230_845] = vect__211.2228_844;
qwen36.c:1582:54: note: vectorizing stmts using SLP.
qwen36.c:1582:54: optimized: basic block part vectorized using 32 byte vectors
qwen36.c:1582:54: note: Vectorizing SLP tree:
qwen36.c:1582:54: note: node 0x3af23a28 (max_nunits=2, refcnt=1) vector(2) long unsigned int
qwen36.c:1582:54: note: op template: s_56(D)->g4 = 0B;
qwen36.c:1582:54: note: 	stmt 0 s_56(D)->g4 = 0B;
qwen36.c:1582:54: note: 	stmt 1 s_56(D)->u4 = 0B;
qwen36.c:1582:54: note: 	children 0x3af23aa8
qwen36.c:1582:54: note: node (constant) 0x3af23aa8 (max_nunits=1, refcnt=1) vector(2) long unsigned int
qwen36.c:1582:54: note: 	{ 0B, 0B }
qwen36.c:1582:54: note: ------>vectorizing SLP node starting from: s_56(D)->g4 = 0B;
qwen36.c:1582:54: note: vect_is_simple_use: operand 0B, type of def: constant
qwen36.c:1582:54: note: transform store. ncopies = 1
qwen36.c:1582:54: note: create vector_type-pointer variable to type: vector(2) long unsigned int  vectorizing a pointer ref: s_56(D)->g4
qwen36.c:1582:54: note: created vectp.2232_847
qwen36.c:1582:54: note: add new stmt: MEM <vector(2) long unsigned int> [(uint8_t * *)vectp.2232_847] = { 0, 0 };
qwen36.c:1582:54: note: vectorizing stmts using SLP.
qwen36.c:1582:54: optimized: basic block part vectorized using 32 byte vectors
qwen36.c:1582:54: note: ***** The result for vector mode V32QI would be the same
qwen36.c:1863:17: missed: couldn't vectorize loop
qwen36.c:1863:17: missed: not vectorized: loop nest containing two or more consecutive inner loops cannot be vectorized
qwen36.c:1879:31: missed: couldn't vectorize loop
qwen36.c:1881:85: missed: not vectorized: complicated access pattern.
qwen36.c:1881:54: optimized: loop vectorized using 32 byte vectors
qwen36.c:1881:54: optimized:  loop versioned for vectorization because of possible aliasing
qwen36.c:1881:54: optimized: loop vectorized using 16 byte vectors
qwen36.c:1131:23: optimized: loop vectorized using 32 byte vectors
qwen36.c:1131:23: optimized: loop vectorized using 16 byte vectors
qwen36.c:1130:36: missed: couldn't vectorize loop
qwen36.c:1130:55: missed: statement clobbers memory: _159 = expf (_158);
qwen36.c:1129:41: missed: couldn't vectorize loop
qwen36.c:1860:13: missed: not vectorized: unsupported use in stmt.
qwen36.c:1129:41: note: ***** Analysis failed with vector mode V8SF
qwen36.c:1129:41: note: ***** Skipping vector mode V32QI, which would repeat the analysis for V8SF
qwen36.c:1871:31: missed: couldn't vectorize loop
qwen36.c:1871:31: missed: not vectorized: control flow in loop.
qwen36.c:1873:52: optimized: loop vectorized using 32 byte vectors
qwen36.c:1873:52: optimized: loop vectorized using 16 byte vectors
qwen36.c:1860:13: note: vectorized 3 loops in function.
qwen36.c:1130:55: missed: statement clobbers memory: _159 = expf (_158);
qwen36.c:1878:53: missed: statement clobbers memory: __builtin_memset (cx_15, 0, _338);
qwen36.c:1860:13: note: ***** Analysis failed with vector mode V8SI
qwen36.c:1860:13: note: ***** The result for vector mode V32QI would be the same
qwen36.c:1860:13: note: ***** Re-trying analysis with vector mode V16QI
qwen36.c:1860:13: note: ***** Analysis failed with vector mode V16QI
qwen36.c:1860:13: note: ***** Re-trying analysis with vector mode V8QI
qwen36.c:1860:13: note: ***** Analysis failed with vector mode V8QI
qwen36.c:1860:13: note: ***** Re-trying analysis with vector mode V4QI
qwen36.c:1860:13: note: ***** Analysis failed with vector mode V4QI
qwen36.c:1059:18: missed: couldn't vectorize loop
qwen36.c:1059:18: missed: not vectorized: number of iterations cannot be computed.
qwen36.c:1057:13: note: vectorized 0 loops in function.
qwen36.c:1060:9: missed: statement clobbers memory: p40_qwen_dn_tensor_free (_8);
qwen36.c:1063:5: missed: statement clobbers memory: p40_qwen_dn_shutdown ();
qwen36.c:1065:30: note: ***** Analysis failed with vector mode V8SI
qwen36.c:1065:30: note: ***** Skipping vector mode V32QI, which would repeat the analysis for V8SI
qwen36.c:1040:48: missed: statement clobbers memory: e_22 = getenv ("COLI_CUDA_DN_CPUORDER");
qwen36.c:1040:94: missed: statement clobbers memory: _23 = strcmp (e_22, "1");
qwen36.c:1041:52: missed: statement clobbers memory: e_25 = getenv ("COLI_CUDA_LMHEAD_CPUORDER");
qwen36.c:1041:102: missed: statement clobbers memory: _26 = strcmp (e_25, "1");
qwen36.c:1042:50: missed: statement clobbers memory: e_28 = getenv ("COLI_CUDA_ATTN_CPUORDER");
qwen36.c:1042:98: missed: statement clobbers memory: _29 = strcmp (e_28, "1");
qwen36.c:1043:52: missed: statement clobbers memory: e_31 = getenv ("COLI_CUDA_SHARED_CPUORDER");
qwen36.c:1043:102: missed: statement clobbers memory: _32 = strcmp (e_31, "1");
qwen36.c:1054:64: note: ***** Analysis failed with vector mode VOID
st.h:843:20: missed: statement clobbers memory: t_3 = st_find.constprop (name_2(D));
qwen36.c:752:46: missed: statement clobbers memory: p_20 = malloc (_19);
qwen36.c:1331:5: missed: statement clobbers memory: st_read_f32.constprop.isra (&m.S, name_2(D), p_20);
/usr/include/x86_64-linux-gnu/bits/stdio2.h:79:10: missed: statement clobbers memory: __fprintf_chk (stderr.124_21, 2, "OOM %ld\n", iftmp.395_4);
qwen36.c:752:114: missed: statement clobbers memory: exit (1);
/usr/include/x86_64-linux-gnu/bits/stdio2.h:79:10: missed: statement clobbers memory: __fprintf_chk (stderr.394_9, 2, "%s: %lld elements, config implies %lld -- refusing\n", name_2(D), iftmp.395_4, want_5(D));
qwen36.c:1328:55: missed: statement clobbers memory: exit (1);
/usr/include/x86_64-linux-gnu/bits/stdio2.h:79:10: missed: statement clobbers memory: __fprintf_chk (stderr.393_17, 2, "missing %s\n", name_2(D));
qwen36.c:1325:57: missed: statement clobbers memory: exit (1);
qwen36.c:1326:18: note: ***** Analysis failed with vector mode V4DI
qwen36.c:1326:18: note: ***** The result for vector mode V32QI would be the same
qwen36.c:1326:18: note: ***** Re-trying analysis with vector mode V16QI
qwen36.c:1326:18: note: ***** Analysis failed with vector mode V16QI
qwen36.c:1326:18: note: ***** Re-trying analysis with vector mode V8QI
qwen36.c:1326:18: note: ***** Analysis failed with vector mode V8QI
qwen36.c:1326:18: note: ***** Re-trying analysis with vector mode V4QI
qwen36.c:1326:18: note: ***** Analysis failed with vector mode V4QI
qwen36.c:1479:23: missed: statement clobbers memory: w_block_9 = malloc (_8);
qwen36.c:752:46: missed: statement clobbers memory: p_80 = malloc (_78);
qwen36.c:752:46: missed: statement clobbers memory: p_56 = malloc (_72);
/usr/include/x86_64-linux-gnu/bits/stdio2.h:79:10: missed: statement clobbers memory: __fprintf_chk (stderr.124_68, 2, "OOM %ld\n", _81);
qwen36.c:752:114: missed: statement clobbers memory: exit (1);
/usr/include/x86_64-linux-gnu/bits/stdio2.h:79:10: missed: statement clobbers memory: __builtin_fwrite ("Error: OOM allocating slot weights\n", 1, 35, stderr.119_10);
qwen36.c:1480:78: missed: statement clobbers memory: exit (1);
qwen36.c:1485:11: note: ***** Analysis succeeded with vector mode V8SI
qwen36.c:1485:11: note: SLPing BB part
qwen36.c:1481:10: note: Costing subgraph: 
qwen36.c:1481:10: note: node 0x3af75a08 (max_nunits=2, refcnt=1) vector(2) long unsigned int
qwen36.c:1481:10: note: op template: s_11(D)->g = w_block_9;
qwen36.c:1481:10: note: 	stmt 0 s_11(D)->g = w_block_9;
qwen36.c:1481:10: note: 	stmt 1 s_11(D)->u = _13;
qwen36.c:1481:10: note: 	children 0x3af75b08
qwen36.c:1481:10: note: node (external) 0x3af75b08 (max_nunits=1, refcnt=1) vector(2) long unsigned int
qwen36.c:1481:10: note: 	{ w_block_9, _13 }
qwen36.c:1481:10: note: Cost model analysis: 
qwen36.c:1481:10: note: Cost model analysis for part in loop 0:
  Vector cost: 20
  Scalar cost: 24
qwen36.c:1488:15: note: Costing subgraph: 
qwen36.c:1488:15: note: node 0x3af75b88 (max_nunits=2, refcnt=1) vector(2) int
qwen36.c:1488:15: note: op template: s_11(D)->pinned = 0;
qwen36.c:1488:15: note: 	stmt 0 s_11(D)->pinned = 0;
qwen36.c:1488:15: note: 	stmt 1 s_11(D)->is_int4 = 0;
qwen36.c:1488:15: note: 	children 0x3af75c08
qwen36.c:1488:15: note: node (constant) 0x3af75c08 (max_nunits=1, refcnt=1) vector(2) int
qwen36.c:1488:15: note: 	{ 0, 0 }
qwen36.c:1488:15: note: Cost model analysis: 
qwen36.c:1488:15: note: Cost model analysis for part in loop 0:
  Vector cost: 24
  Scalar cost: 24
qwen36.c:1490:11: note: Costing subgraph: 
qwen36.c:1490:11: note: node 0x3af75d08 (max_nunits=2, refcnt=1) vector(2) long unsigned int
qwen36.c:1490:11: note: op template: s_11(D)->g4 = 0B;
qwen36.c:1490:11: note: 	stmt 0 s_11(D)->g4 = 0B;
qwen36.c:1490:11: note: 	stmt 1 s_11(D)->u4 = 0B;
qwen36.c:1490:11: note: 	children 0x3af75d88
qwen36.c:1490:11: note: node (constant) 0x3af75d88 (max_nunits=1, refcnt=1) vector(2) long unsigned int
qwen36.c:1490:11: note: 	{ 0B, 0B }
qwen36.c:1490:11: note: Cost model analysis: 
qwen36.c:1490:11: note: Cost model analysis for part in loop 0:
  Vector cost: 24
  Scalar cost: 24
qwen36.c:1485:11: note: Costing subgraph: 
qwen36.c:1485:11: note: node 0x3af75e88 (max_nunits=2, refcnt=1) vector(2) long unsigned int
qwen36.c:1485:11: note: op template: s_11(D)->gs = _75;
qwen36.c:1485:11: note: 	stmt 0 s_11(D)->gs = _75;
qwen36.c:1485:11: note: 	stmt 1 s_11(D)->us = _46;
qwen36.c:1485:11: note: 	children 0x3af75f88
qwen36.c:1485:11: note: node (external) 0x3af75f88 (max_nunits=1, refcnt=1) vector(2) long unsigned int
qwen36.c:1485:11: note: 	{ _75, _46 }
qwen36.c:1485:11: note: Cost model analysis: 
qwen36.c:1485:11: note: Cost model analysis for part in loop 0:
  Vector cost: 20
  Scalar cost: 24
qwen36.c:1485:11: note: Basic block will be vectorized using SLP
qwen36.c:1485:11: note: Vectorizing SLP tree:
qwen36.c:1485:11: note: node 0x3af75a08 (max_nunits=2, refcnt=1) vector(2) long unsigned int
qwen36.c:1485:11: note: op template: s_11(D)->g = w_block_9;
qwen36.c:1485:11: note: 	stmt 0 s_11(D)->g = w_block_9;
qwen36.c:1485:11: note: 	stmt 1 s_11(D)->u = _13;
qwen36.c:1485:11: note: 	children 0x3af75b08
qwen36.c:1485:11: note: node (external) 0x3af75b08 (max_nunits=1, refcnt=1) vector(2) long unsigned int
qwen36.c:1485:11: note: 	{ w_block_9, _13 }
qwen36.c:1485:11: note: ------>vectorizing SLP node starting from: s_11(D)->g = w_block_9;
qwen36.c:1485:11: note: vect_is_simple_use: operand w_block_9 + ng.120_12, type of def: internal
qwen36.c:1485:11: note: transform store. ncopies = 1
qwen36.c:1485:11: note: create vector_type-pointer variable to type: vector(2) long unsigned int  vectorizing a pointer ref: s_11(D)->g
qwen36.c:1485:11: note: created vectp.2412_37
qwen36.c:1485:11: note: add new stmt: MEM <vector(2) long unsigned int> [(int8_t * *)vectp.2412_37] = _36;
qwen36.c:1485:11: note: vectorizing stmts using SLP.
qwen36.c:1485:11: optimized: basic block part vectorized using 32 byte vectors
qwen36.c:1485:11: note: Vectorizing SLP tree:
qwen36.c:1485:11: note: node 0x3af75b88 (max_nunits=2, refcnt=1) vector(2) int
qwen36.c:1485:11: note: op template: s_11(D)->pinned = 0;
qwen36.c:1485:11: note: 	stmt 0 s_11(D)->pinned = 0;
qwen36.c:1485:11: note: 	stmt 1 s_11(D)->is_int4 = 0;
qwen36.c:1485:11: note: 	children 0x3af75c08
qwen36.c:1485:11: note: node (constant) 0x3af75c08 (max_nunits=1, refcnt=1) vector(2) int
qwen36.c:1485:11: note: 	{ 0, 0 }
qwen36.c:1485:11: note: ------>vectorizing SLP node starting from: s_11(D)->pinned = 0;
qwen36.c:1485:11: note: vect_is_simple_use: operand 0, type of def: constant
qwen36.c:1485:11: note: transform store. ncopies = 1
qwen36.c:1485:11: note: create vector_type-pointer variable to type: vector(2) int  vectorizing a pointer ref: s_11(D)->pinned
qwen36.c:1485:11: note: created vectp.2414_39
qwen36.c:1485:11: note: add new stmt: MEM <vector(2) int> [(int *)vectp.2414_39] = { 0, 0 };
qwen36.c:1485:11: note: vectorizing stmts using SLP.
qwen36.c:1485:11: optimized: basic block part vectorized using 32 byte vectors
qwen36.c:1485:11: note: Vectorizing SLP tree:
qwen36.c:1485:11: note: node 0x3af75d08 (max_nunits=2, refcnt=1) vector(2) long unsigned int
qwen36.c:1485:11: note: op template: s_11(D)->g4 = 0B;
qwen36.c:1485:11: note: 	stmt 0 s_11(D)->g4 = 0B;
qwen36.c:1485:11: note: 	stmt 1 s_11(D)->u4 = 0B;
qwen36.c:1485:11: note: 	children 0x3af75d88
qwen36.c:1485:11: note: node (constant) 0x3af75d88 (max_nunits=1, refcnt=1) vector(2) long unsigned int
qwen36.c:1485:11: note: 	{ 0B, 0B }
qwen36.c:1485:11: note: ------>vectorizing SLP node starting from: s_11(D)->g4 = 0B;
qwen36.c:1485:11: note: vect_is_simple_use: operand 0B, type of def: constant
qwen36.c:1485:11: note: transform store. ncopies = 1
qwen36.c:1485:11: note: create vector_type-pointer variable to type: vector(2) long unsigned int  vectorizing a pointer ref: s_11(D)->g4
qwen36.c:1485:11: note: created vectp.2416_66
qwen36.c:1485:11: note: add new stmt: MEM <vector(2) long unsigned int> [(uint8_t * *)vectp.2416_66] = { 0, 0 };
qwen36.c:1485:11: note: vectorizing stmts using SLP.
qwen36.c:1485:11: optimized: basic block part vectorized using 32 byte vectors
qwen36.c:1485:11: note: Vectorizing SLP tree:
qwen36.c:1485:11: note: node 0x3af75e88 (max_nunits=2, refcnt=1) vector(2) long unsigned int
qwen36.c:1485:11: note: op template: s_11(D)->gs = _75;
qwen36.c:1485:11: note: 	stmt 0 s_11(D)->gs = _75;
qwen36.c:1485:11: note: 	stmt 1 s_11(D)->us = _46;
qwen36.c:1485:11: note: 	children 0x3af75f88
qwen36.c:1485:11: note: node (external) 0x3af75f88 (max_nunits=1, refcnt=1) vector(2) long unsigned int
qwen36.c:1485:11: note: 	{ _75, _46 }
qwen36.c:1485:11: note: ------>vectorizing SLP node starting from: s_11(D)->gs = _75;
qwen36.c:1485:11: note: vect_is_simple_use: operand p_83 + _45, type of def: internal
qwen36.c:1485:11: note: transform store. ncopies = 1
qwen36.c:1485:11: note: create vector_type-pointer variable to type: vector(2) long unsigned int  vectorizing a pointer ref: s_11(D)->gs
qwen36.c:1485:11: note: created vectp.2418_29
qwen36.c:1485:11: note: add new stmt: MEM <vector(2) long unsigned int> [(float * *)vectp.2418_29] = _30;
qwen36.c:1485:11: note: vectorizing stmts using SLP.
qwen36.c:1485:11: optimized: basic block part vectorized using 32 byte vectors
qwen36.c:1485:11: note: ***** The result for vector mode V32QI would be the same
qwen36.c:2387:22: missed: couldn't vectorize loop
qwen36.c:2387:22: missed: not vectorized: loop nest containing two or more consecutive inner loops cannot be vectorized
qwen36.c:2372:27: missed: couldn't vectorize loop
qwen36.c:2384:14: missed: not vectorized: unsupported use in stmt.
qwen36.c:2384:14: note: vectorized 0 loops in function.
qwen36.c:2387:22: missed: statement clobbers memory: r_8 = __atomic_load_4 (&pilot_r, 2);
qwen36.c:2388:22: missed: statement clobbers memory: w_10 = __atomic_load_4 (&pilot_w, 2);
qwen36.c:2365:5: missed: statement clobbers memory: pthread_mutex_lock (&g_pilot_mx);
qwen36.c:2367:80: missed: statement clobbers memory: pthread_mutex_unlock (&g_pilot_mx);
qwen36.c:2373:64: missed: statement clobbers memory: pthread_mutex_unlock (&g_pilot_mx);
qwen36.c:2384:14: missed: statement clobbers memory: slot_ensure_allocated.part.0 (pilot_m.602_3, s_34);
qwen36.c:2377:5: missed: statement clobbers memory: pthread_mutex_unlock (&g_pilot_mx);
qwen36.c:2378:5: missed: statement clobbers memory: load_expert_merged (pilot_m.602_3, layer_11, eid_12, s_55);
qwen36.c:2379:5: missed: statement clobbers memory: pthread_mutex_lock (&g_pilot_mx);
qwen36.c:2381:47: missed: statement clobbers memory: pthread_mutex_unlock (&g_pilot_mx);
qwen36.c:2366:54: missed: statement clobbers memory: pthread_mutex_unlock (&g_pilot_mx);
qwen36.c:2392:9: missed: statement clobbers memory: __atomic_store_4 (&pilot_r, _4, 3);
qwen36.c:2389:23: missed: statement clobbers memory: usleep (1000);
qwen36.c:670:40: note: ***** Analysis failed with vector mode V8SI
qwen36.c:670:40: note: ***** The result for vector mode V32QI would be the same
qwen36.c:670:40: note: ***** Re-trying analysis with vector mode V16QI
qwen36.c:670:40: note: ***** Analysis failed with vector mode V16QI
qwen36.c:670:40: note: ***** Re-trying analysis with vector mode V8QI
qwen36.c:670:40: note: ***** Analysis failed with vector mode V8QI
qwen36.c:670:40: note: ***** Re-trying analysis with vector mode V4QI
qwen36.c:670:40: note: ***** Analysis failed with vector mode V4QI
qwen36.c:1673:20: missed: couldn't vectorize loop
qwen36.c:1673:20: missed: not vectorized: loop nest containing two or more consecutive inner loops cannot be vectorized
qwen36.c:1690:31: missed: couldn't vectorize loop
qwen36.c:1650:13: missed: not vectorized: unsupported use in stmt.
qwen36.c:1671:31: missed: couldn't vectorize loop
qwen36.c:1650:13: missed: not vectorized: unsupported use in stmt.
qwen36.c:1664:27: missed: couldn't vectorize loop
qwen36.c:1650:13: missed: not vectorized: unsupported use in stmt.
qwen36.c:1650:13: note: vectorized 0 loops in function.
qwen36.c:1652:5: missed: statement clobbers memory: pthread_mutex_lock (&g_pilot_mx);
qwen36.c:1656:9: missed: statement clobbers memory: pthread_mutex_unlock (&g_pilot_mx);
qwen36.c:1687:13: missed: statement clobbers memory: pthread_mutex_unlock (&g_pilot_mx);
qwen36.c:1688:13: missed: statement clobbers memory: usleep (1000);
qwen36.c:1689:13: missed: statement clobbers memory: pthread_mutex_lock (&g_pilot_mx);
qwen36.c:1650:13: missed: statement clobbers memory: slot_ensure_allocated.part.0 (&m, s_21);
qwen36.c:1698:5: missed: statement clobbers memory: pthread_mutex_unlock (&g_pilot_mx);
qwen36.c:1699:5: missed: statement clobbers memory: load_expert_merged (&m, layer_2(D), eid_6(D), s_71);
qwen36.c:1700:5: missed: statement clobbers memory: pthread_mutex_lock (&g_pilot_mx);
qwen36.c:1702:15: missed: statement clobbers memory: pthread_mutex_unlock (&g_pilot_mx);
qwen36.c:1655:30: note: ***** Analysis succeeded with vector mode V4DI
qwen36.c:1655:30: note: SLPing BB part
qwen36.c:1655:30: note: Costing subgraph: 
qwen36.c:1655:30: note: node 0x3af45958 (max_nunits=2, refcnt=1) vector(2) long unsigned int
qwen36.c:1655:30: note: op template: m.clock = _11;
qwen36.c:1655:30: note: 	stmt 0 m.clock = _11;
qwen36.c:1655:30: note: 	stmt 1 m.hits = _9;
qwen36.c:1655:30: note: 	children 0x3af459d8
qwen36.c:1655:30: note: node 0x3af459d8 (max_nunits=2, refcnt=1) vector(2) long unsigned int
qwen36.c:1655:30: note: op template: _11 = _10 + 1;
qwen36.c:1655:30: note: 	stmt 0 _11 = _10 + 1;
qwen36.c:1655:30: note: 	stmt 1 _9 = _8 + 1;
qwen36.c:1655:30: note: 	children 0x3af45a58 0x3af45ad8
qwen36.c:1655:30: note: node 0x3af45a58 (max_nunits=2, refcnt=1) vector(2) long unsigned int
qwen36.c:1655:30: note: op template: _10 = m.clock;
qwen36.c:1655:30: note: 	stmt 0 _10 = m.clock;
qwen36.c:1655:30: note: 	stmt 1 _8 = m.hits;
qwen36.c:1655:30: note: node (constant) 0x3af45ad8 (max_nunits=1, refcnt=1) vector(2) long unsigned int
qwen36.c:1655:30: note: 	{ 1, 1 }
qwen36.c:1655:30: note: Cost model analysis: 
qwen36.c:1655:30: note: Cost model analysis for part in loop 0:
  Vector cost: 44
  Scalar cost: 48
qwen36.c:1655:30: note: Basic block will be vectorized using SLP
qwen36.c:1655:30: note: Vectorizing SLP tree:
qwen36.c:1655:30: note: node 0x3af45958 (max_nunits=2, refcnt=1) vector(2) long unsigned int
qwen36.c:1655:30: note: op template: m.clock = _11;
qwen36.c:1655:30: note: 	stmt 0 m.clock = _11;
qwen36.c:1655:30: note: 	stmt 1 m.hits = _9;
qwen36.c:1655:30: note: 	children 0x3af459d8
qwen36.c:1655:30: note: node 0x3af459d8 (max_nunits=2, refcnt=1) vector(2) long unsigned int
qwen36.c:1655:30: note: op template: _11 = _10 + 1;
qwen36.c:1655:30: note: 	stmt 0 _11 = _10 + 1;
qwen36.c:1655:30: note: 	stmt 1 _9 = _8 + 1;
qwen36.c:1655:30: note: 	children 0x3af45a58 0x3af45ad8
qwen36.c:1655:30: note: node 0x3af45a58 (max_nunits=2, refcnt=1) vector(2) long unsigned int
qwen36.c:1655:30: note: op template: _10 = m.clock;
qwen36.c:1655:30: note: 	stmt 0 _10 = m.clock;
qwen36.c:1655:30: note: 	stmt 1 _8 = m.hits;
qwen36.c:1655:30: note: node (constant) 0x3af45ad8 (max_nunits=1, refcnt=1) vector(2) long unsigned int
qwen36.c:1655:30: note: 	{ 1, 1 }
qwen36.c:1655:30: note: ------>vectorizing SLP node starting from: _10 = m.clock;
qwen36.c:1655:30: note: transform load. ncopies = 1
qwen36.c:1655:30: note: create vector_type-pointer variable to type: vector(2) long unsigned int  vectorizing a pointer ref: m.hits
qwen36.c:1655:30: note: created &m.hits
qwen36.c:1655:30: note: add new stmt: vect__10.2443_167 = MEM <vector(2) long unsigned int> [(long unsigned int *)&m + 28968B];
qwen36.c:1655:30: note: ------>vectorizing SLP node starting from: _11 = _10 + 1;
qwen36.c:1655:30: note: vect_is_simple_use: operand m.clock, type of def: internal
qwen36.c:1655:30: note: transform binary/unary operation.
qwen36.c:1655:30: note: add new stmt: vect__11.2444_157 = vect__10.2443_167 + { 1, 1 };
qwen36.c:1655:30: note: extracting lane for live stmt _11 = _10 + 1;
qwen36.c:1655:30: note: ------>vectorizing SLP node starting from: m.clock = _11;
qwen36.c:1655:30: note: vect_is_simple_use: operand _10 + 1, type of def: internal
qwen36.c:1655:30: note: vect_is_simple_use: operand _8 + 1, type of def: internal
qwen36.c:1655:30: note: transform store. ncopies = 1
qwen36.c:1655:30: note: create vector_type-pointer variable to type: vector(2) long unsigned int  vectorizing a pointer ref: m.clock
qwen36.c:1655:30: note: created &m.clock
qwen36.c:1655:30: note: add new stmt: MEM <vector(2) long unsigned int> [(long unsigned int *)&m + 28968B] = vect__11.2444_157;
qwen36.c:1655:30: note: vectorizing stmts using SLP.
qwen36.c:1655:30: optimized: basic block part vectorized using 32 byte vectors
qwen36.c:1655:30: note: ***** The result for vector mode V32QI would be the same
qwen36.c:2872:21: missed: couldn't vectorize loop
qwen36.c:2872:21: missed: not vectorized: control flow in loop.
qwen36.c:2874:33: missed: couldn't vectorize loop
qwen36.c:2874:33: missed: not vectorized: control flow in loop.
qwen36.c:2872:21: missed: couldn't vectorize loop
qwen36.c:2872:21: missed: not vectorized: control flow in loop.
qwen36.c:2874:33: missed: couldn't vectorize loop
qwen36.c:2874:33: missed: not vectorized: control flow in loop.
qwen36.c:2872:21: note: vectorized 0 loops in function.
qwen36.c:2872:21: missed: statement clobbers memory: _13 = __builtin_GOMP_loop_nonmonotonic_dynamic_start (0, _11, 1, 16, &.istart0.115, &.iend0.116);
qwen36.c:2875:26: missed: statement clobbers memory: expert_get.constprop (l_19, eidw_20, &e);
qwen36.c:2877:21: missed: statement clobbers memory: qt_note_planned (l_19, eidw_20, _26, _31, _30, _29, _28, _27);
qwen36.c:2882:43: missed: statement clobbers memory: free (_33);
qwen36.c:2872:21: missed: statement clobbers memory: _41 = __builtin_GOMP_loop_nonmonotonic_dynamic_next (&.istart0.115, &.iend0.116);
qwen36.c:2875:26: missed: statement clobbers memory: expert_get.constprop (l_49, eidw_48, &e);
qwen36.c:2877:21: missed: statement clobbers memory: qt_note_planned (l_49, eidw_48, _60, _65, _64, _63, _62, _61);
qwen36.c:2872:21: missed: statement clobbers memory: _78 = __builtin_GOMP_loop_nonmonotonic_dynamic_next (&.istart0.115, &.iend0.116);
qwen36.c:2872:21: missed: statement clobbers memory: __builtin_GOMP_loop_end_nowait ();
qwen36.c:2882:60: note: ***** Analysis succeeded with vector mode V8SI
qwen36.c:2882:60: note: SLPing BB part
qwen36.c:2882:60: note: Costing subgraph: 
qwen36.c:2882:60: note: node 0x3ae43178 (max_nunits=2, refcnt=1) vector(2) long unsigned int
qwen36.c:2882:60: note: op template: *e.47_25.g = 0B;
qwen36.c:2882:60: note: 	stmt 0 *e.47_25.g = 0B;
qwen36.c:2882:60: note: 	stmt 1 *e.47_25.u = 0B;
qwen36.c:2882:60: note: 	children 0x3ae431f8
qwen36.c:2882:60: note: node (constant) 0x3ae431f8 (max_nunits=1, refcnt=1) vector(2) long unsigned int
qwen36.c:2882:60: note: 	{ 0B, 0B }
qwen36.c:2882:60: note: Cost model analysis: 
qwen36.c:2882:60: note: Cost model analysis for part in loop 2:
  Vector cost: 24
  Scalar cost: 24
qwen36.c:2882:60: note: Basic block will be vectorized using SLP
qwen36.c:2882:60: note: Vectorizing SLP tree:
qwen36.c:2882:60: note: node 0x3ae43178 (max_nunits=2, refcnt=1) vector(2) long unsigned int
qwen36.c:2882:60: note: op template: *e.47_25.g = 0B;
qwen36.c:2882:60: note: 	stmt 0 *e.47_25.g = 0B;
qwen36.c:2882:60: note: 	stmt 1 *e.47_25.u = 0B;
qwen36.c:2882:60: note: 	children 0x3ae431f8
qwen36.c:2882:60: note: node (constant) 0x3ae431f8 (max_nunits=1, refcnt=1) vector(2) long unsigned int
qwen36.c:2882:60: note: 	{ 0B, 0B }
qwen36.c:2882:60: note: ------>vectorizing SLP node starting from: *e.47_25.g = 0B;
qwen36.c:2882:60: note: vect_is_simple_use: operand 0B, type of def: constant
qwen36.c:2882:60: note: transform store. ncopies = 1
qwen36.c:2882:60: note: create vector_type-pointer variable to type: vector(2) long unsigned int  vectorizing a pointer ref: *e.47_25.g
qwen36.c:2882:60: note: created vectp.2470_73
qwen36.c:2882:60: note: add new stmt: MEM <vector(2) long unsigned int> [(int8_t * *)vectp.2470_73] = { 0, 0 };
qwen36.c:2882:60: note: vectorizing stmts using SLP.
qwen36.c:2882:60: optimized: basic block part vectorized using 32 byte vectors
qwen36.c:2882:60: note: ***** The result for vector mode V32QI would be the same
json.h:46:45: missed: couldn't vectorize loop
json.h:46:45: missed: not vectorized: loop nest containing two or more consecutive inner loops cannot be vectorized
json.h:46:48: missed: couldn't vectorize loop
json.h:46:48: missed: not vectorized: control flow in loop.
json.h:46:48: missed: couldn't vectorize loop
json.h:46:48: missed: not vectorized: control flow in loop.
json.h:46:48: missed: couldn't vectorize loop
json.h:46:48: missed: not vectorized: control flow in loop.
json.h:46:48: missed: couldn't vectorize loop
json.h:46:48: missed: not vectorized: control flow in loop.
json.h:148:25: missed: couldn't vectorize loop
json.h:148:25: missed: not vectorized: control flow in loop.
json.h:46:48: missed: couldn't vectorize loop
json.h:46:48: missed: not vectorized: control flow in loop.
json.h:46:48: missed: couldn't vectorize loop
json.h:46:48: missed: not vectorized: control flow in loop.
json.h:46:48: missed: couldn't vectorize loop
json.h:46:48: missed: not vectorized: control flow in loop.
json.h:103:14: note: vectorized 0 loops in function.
json.h:164:22: missed: statement clobbers memory: _69 = strncmp (_68, "null", 4);
json.h:49:23: missed: statement clobbers memory: v_166 = calloc (1, 56);
json.h:163:22: missed: statement clobbers memory: _66 = strncmp (_68, "false", 5);
json.h:49:23: missed: statement clobbers memory: v_165 = calloc (1, 56);
json.h:162:22: missed: statement clobbers memory: _63 = strncmp (_68, "true", 4);
json.h:166:29: missed: statement clobbers memory: d_96 = strtod (_323, &end);
json.h:49:23: missed: statement clobbers memory: v_167 = calloc (1, 56);
json.h:49:23: missed: statement clobbers memory: v_164 = calloc (1, 56);
json.h:49:23: missed: statement clobbers memory: v_163 = calloc (1, 56);
json.h:143:19: missed: statement clobbers memory: _41 = malloc (64);
json.h:148:25: missed: statement clobbers memory: val_106 = j_parse_val (p_87(D));
json.h:150:37: missed: statement clobbers memory: nc_109 = realloc (_49, _48);
/usr/include/x86_64-linux-gnu/bits/stdio2.h:79:10: missed: statement clobbers memory: __builtin_fwrite ("OOM parsing JSON array\n", 1, 23, stderr.213_50);
json.h:151:73: missed: statement clobbers memory: exit (1);
/usr/include/x86_64-linux-gnu/bits/stdio2.h:79:10: missed: statement clobbers memory: __builtin_fwrite ("OOM parsing JSON array\n", 1, 23, stderr.212_42);
json.h:144:70: missed: statement clobbers memory: exit (1);
json.h:49:23: missed: statement clobbers memory: v_162 = calloc (1, 56);
json.h:49:23: missed: statement clobbers memory: v_161 = calloc (1, 56);
json.h:111:19: missed: statement clobbers memory: _6 = malloc (64);
json.h:113:19: missed: statement clobbers memory: _8 = malloc (64);
json.h:120:25: missed: statement clobbers memory: key_131 = j_parse_str_raw (p_87(D));
json.h:122:25: missed: statement clobbers memory: val_135 = j_parse_val (p_87(D));
json.h:124:37: missed: statement clobbers memory: nk_138 = realloc (_21, _20);
json.h:127:37: missed: statement clobbers memory: nc_141 = realloc (_23, _20);
/usr/include/x86_64-linux-gnu/bits/stdio2.h:79:10: missed: statement clobbers memory: __builtin_fwrite ("OOM parsing JSON object\n", 1, 24, stderr.211_24);
json.h:128:74: missed: statement clobbers memory: exit (1);
/usr/include/x86_64-linux-gnu/bits/stdio2.h:79:10: missed: statement clobbers memory: __builtin_fwrite ("OOM parsing JSON object\n", 1, 24, stderr.210_22);
json.h:125:74: missed: statement clobbers memory: exit (1);
/usr/include/x86_64-linux-gnu/bits/stdio2.h:79:10: missed: statement clobbers memory: __builtin_fwrite ("OOM parsing JSON object\n", 1, 24, stderr.209_9);
json.h:114:71: missed: statement clobbers memory: exit (1);
/usr/include/x86_64-linux-gnu/bits/stdio2.h:79:10: missed: statement clobbers memory: __builtin_fwrite ("OOM parsing JSON object\n", 1, 24, stderr.208_7);
json.h:112:71: missed: statement clobbers memory: exit (1);
json.h:49:23: missed: statement clobbers memory: v_160 = calloc (1, 56);
json.h:49:23: missed: statement clobbers memory: v_159 = calloc (1, 56);
json.h:106:54: missed: statement clobbers memory: _2 = j_parse_str_raw (p_87(D));
json.h:106:52: note: ***** Analysis failed with vector mode V4DI
json.h:106:52: note: ***** Skipping vector mode V32QI, which would repeat the analysis for V4DI
json.h:172:15: missed: statement clobbers memory: v_2 = j_parse_val (&p);
json.h:171:13: note: ***** Analysis succeeded with vector mode V4DI
json.h:171:13: note: SLPing BB part
json.h:171:13: note: Costing subgraph: 
json.h:171:13: note: node 0x3af359c8 (max_nunits=2, refcnt=1) vector(2) long unsigned int
json.h:171:13: note: op template: p.acap = 0;
json.h:171:13: note: 	stmt 0 p.acap = 0;
json.h:171:13: note: 	stmt 1 p.aoff = 0;
json.h:171:13: note: 	children 0x3af35a48
json.h:171:13: note: node (constant) 0x3af35a48 (max_nunits=1, refcnt=1) vector(2) long unsigned int
json.h:171:13: note: 	{ 0, 0 }
json.h:171:13: note: Cost model analysis: 
json.h:171:13: note: Cost model analysis for part in loop 0:
  Vector cost: 24
  Scalar cost: 24
json.h:171:13: note: Basic block will be vectorized using SLP
json.h:171:13: note: Vectorizing SLP tree:
json.h:171:13: note: node 0x3af359c8 (max_nunits=2, refcnt=1) vector(2) long unsigned int
json.h:171:13: note: op template: p.acap = 0;
json.h:171:13: note: 	stmt 0 p.acap = 0;
json.h:171:13: note: 	stmt 1 p.aoff = 0;
json.h:171:13: note: 	children 0x3af35a48
json.h:171:13: note: node (constant) 0x3af35a48 (max_nunits=1, refcnt=1) vector(2) long unsigned int
json.h:171:13: note: 	{ 0, 0 }
json.h:171:13: note: ------>vectorizing SLP node starting from: p.acap = 0;
json.h:171:13: note: vect_is_simple_use: operand 0, type of def: constant
json.h:171:13: note: transform store. ncopies = 1
json.h:171:13: note: create vector_type-pointer variable to type: vector(2) long unsigned int  vectorizing a pointer ref: p.acap
json.h:171:13: note: created &p.acap
json.h:171:13: note: add new stmt: MEM <vector(2) long unsigned int> [(long unsigned int *)&p + 16B] = { 0, 0 };
json.h:171:13: note: vectorizing stmts using SLP.
json.h:171:13: optimized: basic block part vectorized using 32 byte vectors
json.h:171:13: note: ***** The result for vector mode V32QI would be the same
qwen36.c:121:211: note: ***** Analysis failed with vector mode V8SI
qwen36.c:121:211: note: ***** The result for vector mode V32QI would be the same
qwen36.c:121:211: note: ***** Re-trying analysis with vector mode V16QI
qwen36.c:121:211: note: ***** Analysis failed with vector mode V16QI
qwen36.c:121:211: note: ***** Re-trying analysis with vector mode V8QI
qwen36.c:121:211: note: ***** Analysis failed with vector mode V8QI
qwen36.c:121:211: note: ***** Re-trying analysis with vector mode V4QI
qwen36.c:121:211: note: ***** Analysis failed with vector mode V4QI
qwen36.c:2491:23: missed: couldn't vectorize loop
qwen36.c:2491:23: missed: not vectorized: control flow in loop.
qwen36.c:2486:27: missed: couldn't vectorize loop
qwen36.c:2486:27: missed: not vectorized: control flow in loop.
qwen36.c:2482:13: note: vectorized 0 loops in function.
qwen36.c:2486:61: missed: statement clobbers memory: free (_10);
qwen36.c:2486:89: missed: statement clobbers memory: free (_13);
qwen36.c:2487:9: missed: statement clobbers memory: free (prephitmp_147);
qwen36.c:2487:21: missed: statement clobbers memory: free (_17);
qwen36.c:2489:12: missed: statement clobbers memory: _20 = calloc (_19, 8);
qwen36.c:2489:64: missed: statement clobbers memory: _21 = calloc (_19, 8);
qwen36.c:752:46: missed: statement clobbers memory: p_103 = malloc (_102);
qwen36.c:752:46: missed: statement clobbers memory: p_99 = malloc (_102);
qwen36.c:2500:5: missed: statement clobbers memory: free (_57);
qwen36.c:2503:22: missed: statement clobbers memory: _58 = omp_get_max_threads ();
qwen36.c:752:46: missed: statement clobbers memory: p_107 = malloc (_106);
/usr/include/x86_64-linux-gnu/bits/stdio2.h:79:10: missed: statement clobbers memory: __fprintf_chk (stderr.124_108, 2, "OOM %ld\n", _63);
qwen36.c:752:114: missed: statement clobbers memory: exit (1);
/usr/include/x86_64-linux-gnu/bits/stdio2.h:79:10: missed: statement clobbers memory: __fprintf_chk (stderr.124_100, 2, "OOM %ld\n", _46);
qwen36.c:752:114: missed: statement clobbers memory: exit (1);
/usr/include/x86_64-linux-gnu/bits/stdio2.h:79:10: missed: statement clobbers memory: __fprintf_chk (stderr.124_104, 2, "OOM %ld\n", _92);
qwen36.c:752:114: missed: statement clobbers memory: exit (1);
qwen36.c:752:114: note: ***** Analysis failed with vector mode V8SI
qwen36.c:752:114: note: ***** Skipping vector mode V32QI, which would repeat the analysis for V8SI
st.h:657:23: missed: couldn't vectorize loop
st.h:657:23: missed: not vectorized: loop nest containing two or more consecutive inner loops cannot be vectorized
st.h:659:27: missed: couldn't vectorize loop
st.h:659:27: missed: not vectorized: number of iterations cannot be computed.
st.h:78:11: missed: couldn't vectorize loop
st.h:78:11: missed: not vectorized: number of iterations cannot be computed.
st.h:163:48: missed: couldn't vectorize loop
st.h:163:48: missed: not vectorized: control flow in loop.
st.h:516:37: missed: couldn't vectorize loop
st.h:516:37: missed: not vectorized: loop nest containing two or more consecutive inner loops cannot be vectorized
st.h:540:36: missed: couldn't vectorize loop
st.h:540:36: missed: not vectorized: loop nest containing two or more consecutive inner loops cannot be vectorized
st.h:636:31: missed: couldn't vectorize loop
st.h:636:79: missed: not vectorized: no vectype for stmt: _286 = *_285;
 scalar_type: struct jval *
st.h:634:34: missed: couldn't vectorize loop
st.h:634:34: missed: not vectorized: number of iterations cannot be computed.
st.h:78:11: missed: couldn't vectorize loop
st.h:78:11: missed: not vectorized: number of iterations cannot be computed.
st.h:618:37: missed: couldn't vectorize loop
st.h:618:37: missed: not vectorized: loop nest containing two or more consecutive inner loops cannot be vectorized
st.h:621:36: missed: couldn't vectorize loop
st.h:621:36: missed: not vectorized: number of iterations cannot be computed.
st.h:78:11: missed: couldn't vectorize loop
st.h:78:11: missed: not vectorized: number of iterations cannot be computed.
st.h:594:45: missed: couldn't vectorize loop
st.h:594:45: missed: not vectorized: control flow in loop.
st.h:78:11: missed: couldn't vectorize loop
st.h:78:11: missed: not vectorized: number of iterations cannot be computed.
st.h:575:38: missed: couldn't vectorize loop
st.h:575:38: missed: not vectorized: control flow in loop.
json.h:179:56: missed: couldn't vectorize loop
json.h:179:56: missed: not vectorized: control flow in loop.
json.h:179:56: missed: couldn't vectorize loop
json.h:179:56: missed: not vectorized: control flow in loop.
json.h:179:56: missed: couldn't vectorize loop
json.h:179:56: missed: not vectorized: control flow in loop.
st.h:340:24: missed: couldn't vectorize loop
st.h:340:24: missed: not vectorized: control flow in loop.
st.h:365:36: missed: couldn't vectorize loop
st.h:365:36: missed: not vectorized: control flow in loop.
json.h:179:56: missed: couldn't vectorize loop
json.h:179:56: missed: not vectorized: control flow in loop.
json.h:179:56: missed: couldn't vectorize loop
json.h:179:56: missed: not vectorized: control flow in loop.
st.h:163:48: missed: couldn't vectorize loop
st.h:163:48: missed: not vectorized: control flow in loop.
st.h:142:58: missed: couldn't vectorize loop
st.h:142:58: missed: not vectorized: control flow in loop.
st.h:512:23: missed: couldn't vectorize loop
st.h:512:23: missed: not vectorized: control flow in loop.
st.h:512:54: missed: couldn't vectorize loop
st.h:512:54: missed: not vectorized: control flow in loop.
st.h:438:17: missed: couldn't vectorize loop
st.h:438:17: missed: not vectorized: control flow in loop.
st.h:443:46: missed: couldn't vectorize loop
st.h:443:46: missed: not vectorized: control flow in loop.
st.h:485:37: optimized: loop vectorized using 32 byte vectors
st.h:485:37: optimized: loop vectorized using 16 byte vectors
st.h:465:13: note: vectorized 1 loops in function.
/usr/include/x86_64-linux-gnu/bits/string_fortified.h:59:10: missed: statement clobbers memory: __builtin_memset (&MEM <struct Model> [(void *)&m + 144B], 0, 28752);
st.h:467:27: missed: statement clobbers memory: _2 = calloc (4096, 120);
st.h:486:26: missed: statement clobbers memory: dup_idx_8 = malloc (32768);
st.h:489:54: missed: statement clobbers memory: __builtin_memset (dup_idx_8, 255, 32768);
st.h:435:14: missed: statement clobbers memory: d_478 = opendir (snap_dir_15(D));
st.h:438:17: missed: statement clobbers memory: e_480 = readdir (d_478);
st.h:455:5: missed: statement clobbers memory: closedir (d_478);
st.h:513:13: missed: statement clobbers memory: _51 = strcmp (_50, _49);
/usr/include/x86_64-linux-gnu/bits/string_fortified.h:29:10: missed: not vectorized: more than one data ref in stmt: MEM <unsigned char[1024]> [(char * {ref-all})&tmp] = MEM <unsigned char[1024]> [(char * {ref-all})_50];
/usr/include/x86_64-linux-gnu/bits/string_fortified.h:29:10: missed: statement clobbers memory: __builtin___memcpy_chk (_50, _49, 1024, _791);
/usr/include/x86_64-linux-gnu/bits/string_fortified.h:29:10: missed: statement clobbers memory: __builtin___memcpy_chk (_49, &tmp, 1024, _794);
st.h:142:43: missed: statement clobbers memory: _506 = strcmp (_505, _57);
/usr/include/x86_64-linux-gnu/bits/fcntl2.h:53:14: missed: statement clobbers memory: _511 = __open_alias (_57, 0);
st.h:146:9: missed: statement clobbers memory: _512 = fstat (_511, &sb);
st.h:147:24: missed: statement clobbers memory: _514 = strdup (_57);
/usr/include/x86_64-linux-gnu/bits/fcntl2.h:53:14: missed: statement clobbers memory: _516 = __open_alias (_57, 16384);
st.h:146:32: missed: statement clobbers memory: perror ("fstat shard");
st.h:146:55: missed: statement clobbers memory: close (_150);
st.h:146:66: missed: statement clobbers memory: exit (1);
st.h:144:19: missed: statement clobbers memory: perror (_442);
st.h:144:33: missed: statement clobbers memory: exit (1);
/usr/include/x86_64-linux-gnu/bits/stdio2.h:79:10: missed: statement clobbers memory: __fprintf_chk (stderr.357_64, 2, "%s: indexed shard fd is missing\n", _59);
st.h:518:90: missed: statement clobbers memory: exit (1);
st.h:521:9: missed: statement clobbers memory: st_pread_full (_519, &hlen, 8, 0, "pread hlen");
st.h:529:21: missed: statement clobbers memory: hdr_75 = malloc (_74);
st.h:531:9: missed: statement clobbers memory: st_pread_full (_519, hdr_75, hlen.364_76, 8, "pread hdr");
json.h:172:15: missed: statement clobbers memory: v_520 = j_parse_val (&p);
json.h:179:42: missed: statement clobbers memory: _618 = strcmp (_617, "__metadata__");
json.h:179:42: missed: statement clobbers memory: _632 = strcmp (_631, "colibri.fmt");
json.h:172:15: missed: statement clobbers memory: v_640 = j_parse_val (&p);
st.h:365:18: missed: statement clobbers memory: _554 = strcmp (_553, _547);
st.h:380:33: missed: statement clobbers memory: nn_580 = realloc (prephitmp_1126, prephitmp_1130);
st.h:384:33: missed: statement clobbers memory: nv_587 = realloc (_586, _585);
st.h:396:20: missed: statement clobbers memory: sn_593 = strdup (prephitmp_1139);
st.h:396:50: missed: statement clobbers memory: sv_595 = strdup (_594);
/usr/include/x86_64-linux-gnu/bits/stdio2.h:79:10: missed: statement clobbers memory: __fprintf_chk (stderr.390_599, 2, "%s: OOM duplicating __metadata__[\"colibri.fmt\"] stamp for tensor \'%s\' -- refusing (a dropped stamp would silently disable format verification for this tensor)\n", _741, prephitmp_1245);
st.h:399:85: missed: statement clobbers memory: exit (1);
/usr/include/x86_64-linux-gnu/bits/stdio2.h:79:10: missed: statement clobbers memory: __fprintf_chk (stderr.389_589, 2, "%s: OOM reallocating format-stamp table (fmt_val, %d entries)\n", _271, _588);
st.h:386:50: missed: statement clobbers memory: exit (1);
/usr/include/x86_64-linux-gnu/bits/stdio2.h:79:10: missed: statement clobbers memory: __fprintf_chk (stderr.388_582, 2, "%s: OOM reallocating format-stamp table (fmt_name, %d entries)\n", _42, _581);
st.h:382:50: missed: statement clobbers memory: exit (1);
/usr/include/x86_64-linux-gnu/bits/stdio2.h:79:10: missed: statement clobbers memory: __fprintf_chk (stderr.386_573, 2, "%s: __metadata__[\"colibri.fmt\"] stamps more than %d tensor names across this container\'s shards -- stamps are a resident-tensor convention (docs/FORMATS.md), not a bulk migration path; a container stamping this many names is malformed, refusing (untrusted container)\n", _168, 4096);
st.h:377:52: missed: statement clobbers memory: exit (1);
st.h:367:18: missed: statement clobbers memory: _564 = strcmp (_563, _558);
/usr/include/x86_64-linux-gnu/bits/stdio2.h:79:10: missed: statement clobbers memory: __fprintf_chk (stderr.385_569, 2, "%s: __metadata__[\"colibri.fmt\"] stamps tensor \'%s\' as \'%s\', but an earlier shard\'s map already stamped it \'%s\' -- conflicting format claims, refusing (untrusted container)\n", _263, _1251, _1250, _1249);
st.h:371:75: missed: statement clobbers memory: exit (1);
st.h:404:5: missed: statement clobbers memory: json_free (v_640);
st.h:405:5: missed: statement clobbers memory: free (_641);
/usr/include/x86_64-linux-gnu/bits/stdio2.h:79:10: missed: statement clobbers memory: __fprintf_chk (stderr.384_544, 2, "%s: colibri.fmt entry \'%s\' is not a string -- malformed stamp, refusing (untrusted container)\n", _344, _543);
st.h:343:50: missed: statement clobbers memory: exit (1);
/usr/include/x86_64-linux-gnu/bits/stdio2.h:79:10: missed: statement clobbers memory: __fprintf_chk (stderr.383_532, 2, "%s: __metadata__[\"colibri.fmt\"] does not parse as a JSON object -- malformed stamp, refusing (untrusted container)\n", _556);
st.h:338:30: missed: statement clobbers memory: exit (1);
/usr/include/x86_64-linux-gnu/bits/stdio2.h:79:10: missed: statement clobbers memory: __fprintf_chk (stderr.382_528, 2, "%s: __metadata__[\"colibri.fmt\"] is not a JSON string -- malformed stamp, refusing (untrusted container)\n", _712);
st.h:333:30: missed: statement clobbers memory: exit (1);
st.h:541:18: missed: statement clobbers memory: _91 = strcmp (name_90, "__metadata__");
json.h:179:42: missed: statement clobbers memory: _649 = strcmp (_648, "dtype");
json.h:179:42: missed: statement clobbers memory: _663 = strcmp (_662, "data_offsets");
json.h:179:42: missed: statement clobbers memory: _677 = strcmp (_676, "shape");
st.h:594:26: missed: statement clobbers memory: _176 = strcmp (_175, name_90);
st.h:608:45: missed: statement clobbers memory: nt_201 = realloc (pretmp_1292, _199);
st.h:614:35: missed: statement clobbers memory: ndup_206 = malloc (_205);
st.h:617:67: missed: statement clobbers memory: __builtin_memset (ndup_206, 255, _1221);
st.h:624:17: missed: statement clobbers memory: free (dup_idx_73);
/usr/include/x86_64-linux-gnu/bits/string_fortified.h:59:10: missed: statement clobbers memory: __builtin_memset (t_248, 0, 120);
st.h:628:23: missed: statement clobbers memory: _250 = strdup (name_90);
st.h:83:10: missed: statement clobbers memory: _685 = strcmp (_253, "BF16");
st.h:84:10: missed: statement clobbers memory: _686 = strcmp (_253, "F16");
st.h:85:10: missed: statement clobbers memory: _687 = strcmp (_253, "F32");
st.h:86:10: missed: statement clobbers memory: _688 = strcmp (_253, "U8");
st.h:87:10: missed: statement clobbers memory: _689 = strcmp (_253, "I8");
st.h:94:10: missed: statement clobbers memory: _690 = strcmp (_253, "F8_E4M3");
st.h:94:35: missed: statement clobbers memory: _691 = strcmp (_253, "F8_E4M3FN");
st.h:95:10: missed: statement clobbers memory: _692 = strcmp (_253, "float8_e4m3fn");
st.h:96:10: missed: statement clobbers memory: _693 = strcmp (_253, "F8_E8M0");
st.h:96:35: missed: statement clobbers memory: _694 = strcmp (_253, "F8_E8M0FNU");
st.h:97:10: missed: statement clobbers memory: _695 = strcmp (_253, "I64");
st.h:97:31: missed: statement clobbers memory: _696 = strcmp (_253, "U64");
/usr/include/x86_64-linux-gnu/bits/stdio2.h:79:10: missed: statement clobbers memory: __fprintf_chk (stderr.392_697, 2, "unsupported dtype: %s\n", _1279);
st.h:98:52: missed: statement clobbers memory: exit (1);
/usr/include/x86_64-linux-gnu/bits/stdio2.h:79:10: missed: statement clobbers memory: __fprintf_chk (stderr.377_300, 2, "%s: tensor \'%s\' numel %lld disagrees with byte span %lld (esz %d)\n", _566, name_1284, numel_1274, _1280, _1278);
st.h:646:90: missed: statement clobbers memory: exit (1);
/usr/include/x86_64-linux-gnu/bits/stdio2.h:79:10: missed: statement clobbers memory: __fprintf_chk (stderr.376_207, 2, "OOM growing duplicate-tensor-name detector (%d entries)\n", new_dup_cap_1281);
st.h:616:43: missed: statement clobbers memory: exit (1);
/usr/include/x86_64-linux-gnu/bits/stdio2.h:79:10: missed: statement clobbers memory: __builtin_fwrite ("OOM reallocating shard tensor array\n", 1, 36, stderr.375_202);
st.h:609:86: missed: statement clobbers memory: exit (1);
/usr/include/x86_64-linux-gnu/bits/stdio2.h:79:10: missed: statement clobbers memory: __fprintf_chk (stderr.374_185, 2, "%s: tensor \'%s\' is also indexed from shard \'%s\' -- duplicate tensor name across indexed shards, refusing (a directory holding both would silently read one shard\'s bytes for this name while any __metadata__[\"colibri.fmt\"] stamp for it still applies uniformly)\n", _779, name_1285, iftmp.373_188);
st.h:601:25: missed: statement clobbers memory: exit (1);
/usr/include/x86_64-linux-gnu/bits/stdio2.h:79:10: missed: statement clobbers memory: __fprintf_chk (stderr.372_154, 2, "%s: tensor \'%s\' shape overflows int64 \xe2\x80\x94 refusing (hostile or corrupt file)\n", _310, name_1286);
st.h:585:43: missed: statement clobbers memory: exit (1);
/usr/include/x86_64-linux-gnu/bits/stdio2.h:79:10: missed: statement clobbers memory: __fprintf_chk (stderr.371_132, 2, "%s: tensor \'%s\' data_offsets [%lld,%lld] out of file bounds (%lld)\n", _524, name_1287, a0_1283, b0_1282, fsz_99);
st.h:568:89: missed: statement clobbers memory: exit (1);
/usr/include/x86_64-linux-gnu/bits/stdio2.h:79:10: missed: statement clobbers memory: __fprintf_chk (stderr.370_125, 2, "%s: tensor \'%s\' has invalid data_offsets\n", _474, name_1288);
st.h:560:43: missed: statement clobbers memory: exit (1);
/usr/include/x86_64-linux-gnu/bits/stdio2.h:79:10: missed: statement clobbers memory: __fprintf_chk (stderr.369_108, 2, "%s: tensor \'%s\' has malformed dtype/data_offsets/shape\n", _27, name_1289);
st.h:552:43: missed: statement clobbers memory: exit (1);
st.h:648:9: missed: statement clobbers memory: json_free (v_520);
st.h:649:9: missed: statement clobbers memory: free (_521);
st.h:650:9: missed: statement clobbers memory: free (hdr_75);
st.h:652:5: missed: statement clobbers memory: free (dup_idx_400);
st.h:655:15: missed: statement clobbers memory: _318 = malloc (_317);
/usr/include/x86_64-linux-gnu/bits/stdio2.h:79:10: missed: statement clobbers memory: __fprintf_chk (stderr.368_83, 2, "%s: safetensors header is not a JSON object\n", _86);
st.h:537:90: missed: statement clobbers memory: exit (1);
st.h:530:21: missed: statement clobbers memory: perror ("malloc safetensors header");
st.h:530:58: missed: statement clobbers memory: exit (1);
/usr/include/x86_64-linux-gnu/bits/stdio2.h:79:10: missed: statement clobbers memory: __fprintf_chk (stderr.361_71, 2, "%s: bad safetensors header length %llu (file %lld bytes)\n", _241, hlen.360_70, fsz_364);
st.h:528:75: missed: statement clobbers memory: exit (1);
st.h:439:27: missed: statement clobbers memory: dot_482 = strrchr (_481, 46);
st.h:440:21: missed: statement clobbers memory: _483 = strcmp (dot_482, ".safetensors");
st.h:443:33: missed: statement clobbers memory: b_488 = strrchr (_487, 47);
st.h:448:22: missed: statement clobbers memory: _491 = strcmp (iftmp.380_490, _481);
/usr/include/x86_64-linux-gnu/bits/stdio2.h:54:10: missed: statement clobbers memory: __builtin___snprintf_chk (_500, 1024, 2, _1, "%s/%s", snap_dir_15(D), _481);
/usr/include/x86_64-linux-gnu/bits/stdio2.h:79:10: missed: statement clobbers memory: __fprintf_chk (stderr.381_496, 2, "too many shards (>%d): raise ST_MAX_SHARDS\n", 512);
st.h:451:121: missed: statement clobbers memory: exit (1);
st.h:436:15: missed: statement clobbers memory: perror (snap_dir_15(D));
st.h:436:28: missed: statement clobbers memory: exit (1);
/usr/include/x86_64-linux-gnu/bits/stdio2.h:79:10: missed: statement clobbers memory: __fprintf_chk (stderr.348_9, 2, "OOM allocating duplicate-tensor-name detector (%d entries)\n", 8192);
st.h:488:27: missed: statement clobbers memory: exit (1);
st.h:628:56: note: ***** Analysis succeeded with vector mode V8SI
st.h:628:56: note: SLPing BB part
json.h:171:13: note: Costing subgraph: 
json.h:171:13: note: node 0x3ae53188 (max_nunits=2, refcnt=1) vector(2) long unsigned int
json.h:171:13: note: op template: p.acap = 0;
json.h:171:13: note: 	stmt 0 p.acap = 0;
json.h:171:13: note: 	stmt 1 p.aoff = 0;
json.h:171:13: note: 	children 0x3ae53208
json.h:171:13: note: node (constant) 0x3ae53208 (max_nunits=1, refcnt=1) vector(2) long unsigned int
json.h:171:13: note: 	{ 0, 0 }
json.h:171:13: note: Cost model analysis: 
json.h:171:13: note: Cost model analysis for part in loop 7:
  Vector cost: 24
  Scalar cost: 24
json.h:171:13: note: Costing subgraph: 
json.h:171:13: note: node 0x3ae53308 (max_nunits=2, refcnt=1) vector(2) long unsigned int
json.h:171:13: note: op template: p.acap = 0;
json.h:171:13: note: 	stmt 0 p.acap = 0;
json.h:171:13: note: 	stmt 1 p.aoff = 0;
json.h:171:13: note: 	children 0x3ae53388
json.h:171:13: note: node (constant) 0x3ae53388 (max_nunits=1, refcnt=1) vector(2) long unsigned int
json.h:171:13: note: 	{ 0, 0 }
json.h:171:13: note: Cost model analysis: 
json.h:171:13: note: Cost model analysis for part in loop 7:
  Vector cost: 24
  Scalar cost: 24
st.h:628:56: note: Costing subgraph: 
st.h:628:56: note: node 0x3ae53408 (max_nunits=2, refcnt=1) vector(2) long int
st.h:628:56: note: op template: t_248->off = _251;
st.h:628:56: note: 	stmt 0 t_248->off = _251;
st.h:628:56: note: 	stmt 1 t_248->nbytes = _252;
st.h:628:56: note: 	children 0x3ae53488
st.h:628:56: note: node 0x3ae53488 (max_nunits=2, refcnt=1) vector(2) long int
st.h:628:56: note: op: VEC_PERM_EXPR
st.h:628:56: note: 	stmt 0 _251 = data_start_80 + a0_128;
st.h:628:56: note: 	stmt 1 _252 = b0_129 - a0_128;
st.h:628:56: note: 	lane permutation { 0[0] 1[1] }
st.h:628:56: note: 	children 0x3ae53808 0x3ae53888
st.h:628:56: note: node 0x3ae53808 (max_nunits=1, refcnt=1) vector(2) long int
st.h:628:56: note: op template: _251 = data_start_80 + a0_128;
st.h:628:56: note: 	{ }
st.h:628:56: note: 	children 0x3ae53588 0x3ae53788
st.h:628:56: note: node (external) 0x3ae53588 (max_nunits=2, refcnt=2) vector(2) long int
st.h:628:56: note: 	stmt 0 a0_128 = (int64_t) _119;
st.h:628:56: note: 	stmt 1 b0_129 = (int64_t) _121;
st.h:628:56: note: 	children 0x3ae53688
st.h:628:56: note: node (external) 0x3ae53688 (max_nunits=1, refcnt=1)
st.h:628:56: note: 	{ _119, _121 }
st.h:628:56: note: node (external) 0x3ae53788 (max_nunits=1, refcnt=2) vector(2) long int
st.h:628:56: note: 	{ data_start_80, a0_128 }
st.h:628:56: note: node 0x3ae53888 (max_nunits=1, refcnt=1) vector(2) long int
st.h:628:56: note: op template: _252 = b0_129 - a0_128;
st.h:628:56: note: 	{ }
st.h:628:56: note: 	children 0x3ae53588 0x3ae53788
st.h:628:56: note: Cost model analysis: 
st.h:628:56: note: Cost model analysis for part in loop 8:
  Vector cost: 44
  Scalar cost: 32
st.h:628:56: missed: not vectorized: vectorization is not profitable.
st.h:628:56: note: Basic block will be vectorized using SLP
st.h:628:56: note: Vectorizing SLP tree:
st.h:628:56: note: node 0x3ae53188 (max_nunits=2, refcnt=1) vector(2) long unsigned int
st.h:628:56: note: op template: p.acap = 0;
st.h:628:56: note: 	stmt 0 p.acap = 0;
st.h:628:56: note: 	stmt 1 p.aoff = 0;
st.h:628:56: note: 	children 0x3ae53208
st.h:628:56: note: node (constant) 0x3ae53208 (max_nunits=1, refcnt=1) vector(2) long unsigned int
st.h:628:56: note: 	{ 0, 0 }
st.h:628:56: note: ------>vectorizing SLP node starting from: p.acap = 0;
st.h:628:56: note: vect_is_simple_use: operand 0, type of def: constant
st.h:628:56: note: transform store. ncopies = 1
st.h:628:56: note: create vector_type-pointer variable to type: vector(2) long unsigned int  vectorizing a pointer ref: p.acap
st.h:628:56: note: created &p.acap
st.h:628:56: note: add new stmt: MEM <vector(2) long unsigned int> [(long unsigned int *)&p + 16B] = { 0, 0 };
st.h:628:56: note: vectorizing stmts using SLP.
st.h:628:56: optimized: basic block part vectorized using 32 byte vectors
st.h:628:56: note: Vectorizing SLP tree:
st.h:628:56: note: node 0x3ae53308 (max_nunits=2, refcnt=1) vector(2) long unsigned int
st.h:628:56: note: op template: p.acap = 0;
st.h:628:56: note: 	stmt 0 p.acap = 0;
st.h:628:56: note: 	stmt 1 p.aoff = 0;
st.h:628:56: note: 	children 0x3ae53388
st.h:628:56: note: node (constant) 0x3ae53388 (max_nunits=1, refcnt=1) vector(2) long unsigned int
st.h:628:56: note: 	{ 0, 0 }
st.h:628:56: note: ------>vectorizing SLP node starting from: p.acap = 0;
st.h:628:56: note: vect_is_simple_use: operand 0, type of def: constant
st.h:628:56: note: transform store. ncopies = 1
st.h:628:56: note: create vector_type-pointer variable to type: vector(2) long unsigned int  vectorizing a pointer ref: p.acap
st.h:628:56: note: created &p.acap
st.h:628:56: note: add new stmt: MEM <vector(2) long unsigned int> [(long unsigned int *)&p + 16B] = { 0, 0 };
st.h:628:56: note: vectorizing stmts using SLP.
st.h:628:56: optimized: basic block part vectorized using 32 byte vectors
st.h:628:56: note: ***** The result for vector mode V32QI would be the same
qwen36.c:1440:23: missed: couldn't vectorize loop
qwen36.c:1440:23: missed: not vectorized: control flow in loop.
qwen36.c:1430:17: missed: couldn't vectorize loop
qwen36.c:1430:17: missed: not vectorized: control flow in loop.
qwen36.c:1373:30: missed: couldn't vectorize loop
qwen36.c:1373:30: missed: not vectorized: control flow in loop.
qwen36.c:1370:23: optimized: loop vectorized using 32 byte vectors
qwen36.c:1370:23: optimized: loop vectorized using 16 byte vectors
qwen36.c:1175:23: missed: couldn't vectorize loop
qwen36.c:1175:23: missed: not vectorized: number of iterations cannot be computed.
qwen36.c:1335:13: note: vectorized 1 loops in function.
/usr/include/x86_64-linux-gnu/bits/string_fortified.h:59:10: missed: statement clobbers memory: __builtin_memset (&m, 0, 29136);
/usr/include/x86_64-linux-gnu/bits/stdio2.h:54:10: missed: statement clobbers memory: __builtin___snprintf_chk (&path, 2048, 2, 2048, "%s/config.json", snap_4(D));
qwen36.c:1145:15: missed: statement clobbers memory: f_829 = fopen (&path, "rb");
qwen36.c:1146:5: missed: statement clobbers memory: fseek (f_829, 0, 2);
qwen36.c:1146:33: missed: statement clobbers memory: n_830 = ftell (f_829);
qwen36.c:1146:43: missed: statement clobbers memory: fseek (f_829, 0, 0);
qwen36.c:1148:17: missed: statement clobbers memory: buf_834 = malloc (_833);
/usr/include/x86_64-linux-gnu/bits/stdio2.h:212:12: missed: statement clobbers memory: _841 = __fread_alias (buf_834, 1, n.272_831, f_829);
qwen36.c:1149:108: missed: statement clobbers memory: fclose (f_829);
qwen36.c:1150:33: missed: statement clobbers memory: r_847 = json_parse.constprop (buf_834, &arena);
qwen36.c:1151:25: missed: statement clobbers memory: _848 = req_num (r_847, "hidden_size");
qwen36.c:1152:25: missed: statement clobbers memory: _850 = req_num (r_847, "num_hidden_layers");
qwen36.c:1153:25: missed: statement clobbers memory: _852 = req_num (r_847, "vocab_size");
qwen36.c:1154:27: missed: statement clobbers memory: _854 = req_num (r_847, "rms_norm_eps");
qwen36.c:1335:13: missed: statement clobbers memory: _857 = json_get.part.0 (r_847, "rope_theta");
qwen36.c:1156:5: missed: statement clobbers memory: free (buf_834);
qwen36.c:1156:16: missed: statement clobbers memory: free (arena.281_861);
qwen36.c:1174:18: missed: statement clobbers memory: _880 = calloc (_879, 1);
/usr/include/x86_64-linux-gnu/bits/stdio2.h:54:10: missed: statement clobbers memory: __builtin___snprintf_chk (&path, 2048, 2, 2048, "%s/qwen36_meta.json", snap_4(D));
qwen36.c:1251:15: missed: statement clobbers memory: f_620 = fopen (&path, "rb");
qwen36.c:1252:5: missed: statement clobbers memory: fseek (f_620, 0, 2);
qwen36.c:1252:33: missed: statement clobbers memory: n_621 = ftell (f_620);
qwen36.c:1252:43: missed: statement clobbers memory: fseek (f_620, 0, 0);
qwen36.c:1253:17: missed: statement clobbers memory: buf_624 = malloc (_623);
/usr/include/x86_64-linux-gnu/bits/stdio2.h:215:10: missed: statement clobbers memory: _632 = __fread_chk (buf_624, _623, 1, n.286_622, f_620);
qwen36.c:1254:88: missed: statement clobbers memory: fclose (f_620);
qwen36.c:1255:33: missed: statement clobbers memory: r_635 = json_parse.constprop (buf_624, &arena);
qwen36.c:1335:13: missed: statement clobbers memory: _637 = json_get.part.0 (r_635, "hidden");
qwen36.c:1335:13: missed: statement clobbers memory: _641 = json_get.part.0 (r_635, "n_layers");
qwen36.c:1335:13: missed: statement clobbers memory: _645 = json_get.part.0 (r_635, "n_active");
qwen36.c:1335:13: missed: statement clobbers memory: _649 = json_get.part.0 (r_635, "q_heads");
qwen36.c:1335:13: missed: statement clobbers memory: _653 = json_get.part.0 (r_635, "kv_heads");
qwen36.c:1335:13: missed: statement clobbers memory: _657 = json_get.part.0 (r_635, "head_dim");
qwen36.c:1335:13: missed: statement clobbers memory: _661 = json_get.part.0 (r_635, "q_head_dim");
qwen36.c:1335:13: missed: statement clobbers memory: _665 = json_get.part.0 (r_635, "k_head_dim");
qwen36.c:1335:13: missed: statement clobbers memory: _669 = json_get.part.0 (r_635, "v_head_dim");
qwen36.c:1335:13: missed: statement clobbers memory: _673 = json_get.part.0 (r_635, "o_in");
qwen36.c:1335:13: missed: statement clobbers memory: _677 = json_get.part.0 (r_635, "rope_dim");
qwen36.c:1335:13: missed: statement clobbers memory: _681 = json_get.part.0 (r_635, "qk_rope_head_dim");
qwen36.c:1335:13: missed: statement clobbers memory: _685 = json_get.part.0 (r_635, "expert_gs");
qwen36.c:1335:13: missed: statement clobbers memory: _689 = json_get.part.0 (r_635, "num_experts");
qwen36.c:1335:13: missed: statement clobbers memory: _693 = json_get.part.0 (r_635, "topk");
qwen36.c:1335:13: missed: statement clobbers memory: _697 = json_get.part.0 (r_635, "moe_inter");
qwen36.c:1335:13: missed: statement clobbers memory: _701 = json_get.part.0 (r_635, "shared_inter");
qwen36.c:1335:13: missed: statement clobbers memory: _705 = json_get.part.0 (r_635, "n_group");
qwen36.c:1335:13: missed: statement clobbers memory: _709 = json_get.part.0 (r_635, "topk_group");
qwen36.c:1335:13: missed: statement clobbers memory: _713 = json_get.part.0 (r_635, "dn_vheads");
qwen36.c:1335:13: missed: statement clobbers memory: _717 = json_get.part.0 (r_635, "dn_kheads");
qwen36.c:1335:13: missed: statement clobbers memory: _721 = json_get.part.0 (r_635, "dn_kdim");
qwen36.c:1335:13: missed: statement clobbers memory: _725 = json_get.part.0 (r_635, "dn_vdim");
qwen36.c:1335:13: missed: statement clobbers memory: _729 = json_get.part.0 (r_635, "dn_convk");
qwen36.c:1335:13: missed: statement clobbers memory: _733 = json_get.part.0 (r_635, "dn_conv_dim");
qwen36.c:1335:13: missed: statement clobbers memory: _742 = json_get.part.0 (r_635, "partial_rotary_factor");
qwen36.c:1335:13: missed: statement clobbers memory: _746 = json_get.part.0 (r_635, "rope_theta");
qwen36.c:1335:13: missed: statement clobbers memory: _750 = json_get.part.0 (r_635, "rms_eps");
qwen36.c:1335:13: missed: statement clobbers memory: _754 = json_get.part.0 (r_635, "attn_output_gate");
qwen36.c:1335:13: missed: statement clobbers memory: _757 = json_get.part.0 (r_635, "norm_topk_prob");
qwen36.c:1335:13: missed: statement clobbers memory: _760 = json_get.part.0 (r_635, "has_bias");
qwen36.c:1335:13: missed: statement clobbers memory: _763 = json_get.part.0 (r_635, "has_qk_norm");
qwen36.c:1335:13: missed: statement clobbers memory: _779 = json_get.part.0 (r_635, "layer_types");
qwen36.c:1306:5: missed: statement clobbers memory: free (buf_624);
qwen36.c:1306:16: missed: statement clobbers memory: free (arena.294_804);
/usr/include/x86_64-linux-gnu/bits/stdio2.h:79:10: missed: statement clobbers memory: __fprintf_chk (stderr.295_821, 2, "[meta] loaded: q_heads=%d kv_heads=%d head_dim=%d q_head_dim=%d k_head_dim=%d v_head_dim=%d o_in=%d rotary_dim=%d n_experts=%d topk=%d inter=%d shared_inter=%d n_group=%d topk_group=%d attn_output_gate=%d n_active=%d\n", _820, _819, _818, _817, _816, _815, _814, _813, _812, _811, _810, _809, _808, _807, _806, _805);
/usr/include/x86_64-linux-gnu/bits/stdio2.h:79:10: missed: statement clobbers memory: __fprintf_chk (stderr.296_828, 2, "[meta] DeltaNet: vheads=%d kheads=%d kdim=%d vdim=%d convk=%d conv_dim=%d\n", _822, _827, _826, _825, _824, _823);
qwen36.c:1302:26: missed: statement clobbers memory: _796 = strcmp (iftmp.293_794, "full_attention");
/usr/include/x86_64-linux-gnu/bits/stdio2.h:79:10: missed: statement clobbers memory: __builtin_fwrite ("[cfg] ", 1, 6, stderr.290_738);
/usr/include/x86_64-linux-gnu/bits/stdio2.h:79:10: missed: statement clobbers memory: __fprintf_chk (stderr.291_740, 2, "config.json says %d layers, qwen36_meta.json says %d", _1412, _739);
/usr/include/x86_64-linux-gnu/bits/stdio2.h:79:10: missed: statement clobbers memory: __builtin_fwrite (" -- refusing\n", 1, 13, stderr.292_741);
qwen36.c:1277:9: missed: statement clobbers memory: exit (1);
qwen36.c:1254:46: missed: statement clobbers memory: free (buf_624);
qwen36.c:1254:57: missed: statement clobbers memory: fclose (f_620);
qwen36.c:1253:47: missed: statement clobbers memory: fclose (f_620);
/usr/include/x86_64-linux-gnu/bits/stdio2.h:86:10: missed: statement clobbers memory: __printf_chk (2, "[meta] %s not found; using i%%4==3 + defaults\n", &path);
st.h:665:56: missed: statement clobbers memory: st_init_multi.constprop (snap_4(D));
qwen36.c:701:48: missed: statement clobbers memory: clock_gettime (1, &t);
qwen36.c:1361:25: missed: statement clobbers memory: _29 = load_t_n.constprop ("model.embed_tokens.weight", _28);
qwen36.c:1362:25: missed: statement clobbers memory: _35 = load_t_n.constprop ("lm_head.weight", _34);
qwen36.c:1363:25: missed: statement clobbers memory: _38 = load_t_n.constprop ("model.norm.weight", _37);
qwen36.c:1365:12: missed: statement clobbers memory: _41 = calloc (_40, 184);
qwen36.c:1369:20: missed: statement clobbers memory: _43 = malloc (_42);
/usr/include/x86_64-linux-gnu/bits/stdio2.h:54:10: missed: statement clobbers memory: __builtin___snprintf_chk (&nm, 256, 2, 256, "model.layers.%d.input_layernorm.weight", ai_55);
qwen36.c:1377:9: missed: statement clobbers memory: _61 = load_t_n.constprop (&nm, _60);
/usr/include/x86_64-linux-gnu/bits/stdio2.h:54:10: missed: statement clobbers memory: __builtin___snprintf_chk (&nm, 256, 2, 256, "model.layers.%d.post_attention_layernorm.weight", ai_55);
qwen36.c:1378:9: missed: statement clobbers memory: _64 = load_t_n.constprop (&nm, _63);
/usr/include/x86_64-linux-gnu/bits/stdio2.h:54:10: missed: statement clobbers memory: __builtin___snprintf_chk (&nm, 256, 2, 256, "model.layers.%d.mlp.gate.weight", ai_55);
qwen36.c:1379:9: missed: statement clobbers memory: _70 = load_t_n.constprop (&nm, _69);
/usr/include/x86_64-linux-gnu/bits/stdio2.h:54:10: missed: statement clobbers memory: __builtin___snprintf_chk (&nm, 256, 2, 256, "model.layers.%d.self_attn.q_norm.weight", ai_55);
st.h:705:57: missed: statement clobbers memory: _72 = st_find.constprop (&nm);
qwen36.c:1384:41: missed: statement clobbers memory: iftmp.262_75 = load_t_n.constprop (&nm, _74);
/usr/include/x86_64-linux-gnu/bits/stdio2.h:54:10: missed: statement clobbers memory: __builtin___snprintf_chk (&nm, 256, 2, 256, "model.layers.%d.self_attn.k_norm.weight", ai_55);
st.h:705:57: missed: statement clobbers memory: _77 = st_find.constprop (&nm);
qwen36.c:1386:41: missed: statement clobbers memory: iftmp.263_80 = load_t_n.constprop (&nm, _79);
/usr/include/x86_64-linux-gnu/bits/stdio2.h:54:10: missed: statement clobbers memory: __builtin___snprintf_chk (&nm, 256, 2, 256, "model.layers.%d.mlp.gate.e_score_correction_bias", ai_55);
st.h:705:57: missed: statement clobbers memory: _82 = st_find.constprop (&nm);
qwen36.c:752:46: missed: statement clobbers memory: p_892 = malloc (_891);
qwen36.c:1390:71: missed: statement clobbers memory: st_read_f32.constprop.isra (&m.S, &nm, p_892);
/usr/include/x86_64-linux-gnu/bits/stdio2.h:54:10: missed: statement clobbers memory: __builtin___snprintf_chk (&nm, 256, 2, 256, "model.layers.%d.mlp.shared_expert.gate_proj.weight", ai_55);
qwen36.c:1394:9: missed: statement clobbers memory: _91 = load_t_n.constprop (&nm, _90);
/usr/include/x86_64-linux-gnu/bits/stdio2.h:54:10: missed: statement clobbers memory: __builtin___snprintf_chk (&nm, 256, 2, 256, "model.layers.%d.mlp.shared_expert.up_proj.weight", ai_55);
qwen36.c:1395:9: missed: statement clobbers memory: _97 = load_t_n.constprop (&nm, _96);
/usr/include/x86_64-linux-gnu/bits/stdio2.h:54:10: missed: statement clobbers memory: __builtin___snprintf_chk (&nm, 256, 2, 256, "model.layers.%d.mlp.shared_expert.down_proj.weight", ai_55);
qwen36.c:1396:9: missed: statement clobbers memory: _103 = load_t_n.constprop (&nm, _102);
/usr/include/x86_64-linux-gnu/bits/stdio2.h:54:10: missed: statement clobbers memory: __builtin___snprintf_chk (&nm, 256, 2, 256, "model.layers.%d.mlp.shared_expert_gate.weight", ai_55);
st.h:705:57: missed: statement clobbers memory: _104 = st_find.constprop (&nm);
qwen36.c:1400:42: missed: statement clobbers memory: iftmp.264_107 = load_t_n.constprop (&nm, _106);
/usr/include/x86_64-linux-gnu/bits/stdio2.h:54:10: missed: statement clobbers memory: __builtin___snprintf_chk (&nm, 256, 2, 256, "model.layers.%d.linear_attn.in_proj_qkv.weight", ai_55);
qwen36.c:1416:13: missed: statement clobbers memory: _155 = load_t_n.constprop (&nm, _154);
/usr/include/x86_64-linux-gnu/bits/stdio2.h:54:10: missed: statement clobbers memory: __builtin___snprintf_chk (&nm, 256, 2, 256, "model.layers.%d.linear_attn.in_proj_z.weight", ai_55);
qwen36.c:1417:13: missed: statement clobbers memory: _159 = load_t_n.constprop (&nm, _158);
/usr/include/x86_64-linux-gnu/bits/stdio2.h:54:10: missed: statement clobbers memory: __builtin___snprintf_chk (&nm, 256, 2, 256, "model.layers.%d.linear_attn.in_proj_b.weight", ai_55);
qwen36.c:1418:13: missed: statement clobbers memory: _165 = load_t_n.constprop (&nm, _164);
/usr/include/x86_64-linux-gnu/bits/stdio2.h:54:10: missed: statement clobbers memory: __builtin___snprintf_chk (&nm, 256, 2, 256, "model.layers.%d.linear_attn.in_proj_a.weight", ai_55);
qwen36.c:1419:13: missed: statement clobbers memory: _171 = load_t_n.constprop (&nm, _170);
/usr/include/x86_64-linux-gnu/bits/stdio2.h:54:10: missed: statement clobbers memory: __builtin___snprintf_chk (&nm, 256, 2, 256, "model.layers.%d.linear_attn.conv1d.weight", ai_55);
qwen36.c:1420:13: missed: statement clobbers memory: _177 = load_t_n.constprop (&nm, _176);
/usr/include/x86_64-linux-gnu/bits/stdio2.h:54:10: missed: statement clobbers memory: __builtin___snprintf_chk (&nm, 256, 2, 256, "model.layers.%d.linear_attn.dt_bias", ai_55);
qwen36.c:1421:13: missed: statement clobbers memory: _180 = load_t_n.constprop (&nm, _179);
/usr/include/x86_64-linux-gnu/bits/stdio2.h:54:10: missed: statement clobbers memory: __builtin___snprintf_chk (&nm, 256, 2, 256, "model.layers.%d.linear_attn.A_log", ai_55);
qwen36.c:1422:13: missed: statement clobbers memory: _183 = load_t_n.constprop (&nm, _182);
/usr/include/x86_64-linux-gnu/bits/stdio2.h:54:10: missed: statement clobbers memory: __builtin___snprintf_chk (&nm, 256, 2, 256, "model.layers.%d.linear_attn.norm.weight", ai_55);
qwen36.c:1423:13: missed: statement clobbers memory: _186 = load_t_n.constprop (&nm, _185);
/usr/include/x86_64-linux-gnu/bits/stdio2.h:54:10: missed: statement clobbers memory: __builtin___snprintf_chk (&nm, 256, 2, 256, "model.layers.%d.linear_attn.out_proj.weight", ai_55);
qwen36.c:1424:13: missed: statement clobbers memory: _190 = load_t_n.constprop (&nm, _189);
/usr/include/x86_64-linux-gnu/bits/stdio2.h:54:10: missed: statement clobbers memory: __builtin___snprintf_chk (&nm, 256, 2, 256, "model.layers.%d.self_attn.q_proj.weight", ai_55);
qwen36.c:1404:13: missed: statement clobbers memory: _120 = load_t_n.constprop (&nm, _119);
/usr/include/x86_64-linux-gnu/bits/stdio2.h:54:10: missed: statement clobbers memory: __builtin___snprintf_chk (&nm, 256, 2, 256, "model.layers.%d.self_attn.k_proj.weight", ai_55);
qwen36.c:1405:13: missed: statement clobbers memory: _129 = load_t_n.constprop (&nm, _128);
/usr/include/x86_64-linux-gnu/bits/stdio2.h:54:10: missed: statement clobbers memory: __builtin___snprintf_chk (&nm, 256, 2, 256, "model.layers.%d.self_attn.v_proj.weight", ai_55);
qwen36.c:1406:13: missed: statement clobbers memory: _138 = load_t_n.constprop (&nm, _137);
/usr/include/x86_64-linux-gnu/bits/stdio2.h:54:10: missed: statement clobbers memory: __builtin___snprintf_chk (&nm, 256, 2, 256, "model.layers.%d.self_attn.o_proj.weight", ai_55);
qwen36.c:1407:13: missed: statement clobbers memory: _144 = load_t_n.constprop (&nm, _143);
qwen36.c:1428:16: missed: statement clobbers memory: _194 = calloc (_193, 24);
qwen36.c:1431:29: missed: statement clobbers memory: _201 = calloc (_1413, 96);
qwen36.c:1432:38: missed: statement clobbers memory: _205 = malloc (_1417);
qwen36.c:1434:78: missed: statement clobbers memory: __builtin_memset (_205, 255, _1399);
qwen36.c:1437:17: missed: statement clobbers memory: _216 = calloc (_193, 8);
qwen36.c:1438:18: missed: statement clobbers memory: _217 = calloc (_193, 8);
qwen36.c:1442:25: missed: statement clobbers memory: _238 = calloc (_235, 4);
qwen36.c:1443:25: missed: statement clobbers memory: _246 = calloc (_244, 4);
/usr/include/x86_64-linux-gnu/bits/stdio2.h:79:10: missed: statement clobbers memory: __fprintf_chk (stderr.266_227, 2, "layer %d is DeltaNet but dn dims missing from meta\n", i_364);
qwen36.c:1441:110: missed: statement clobbers memory: exit (1);
qwen36.c:1445:15: missed: statement clobbers memory: _254 = calloc (_253, 4);
qwen36.c:1447:24: missed: statement clobbers memory: _255 = getenv ("HOT");
qwen36.c:1447:48: missed: statement clobbers memory: _256 = getenv ("HOT");
/usr/include/stdlib.h:483:16: missed: statement clobbers memory: _257 = strtol (_256, 0B, 10);
qwen36.c:1448:24: missed: statement clobbers memory: _260 = getenv ("WARMUP");
qwen36.c:1448:48: missed: statement clobbers memory: _261 = getenv ("WARMUP");
/usr/include/stdlib.h:483:16: missed: statement clobbers memory: _262 = strtol (_261, 0B, 10);
qwen36.c:1450:26: missed: statement clobbers memory: _270 = calloc (_269, 4);
qwen36.c:1451:16: missed: statement clobbers memory: _271 = getenv ("SMOOTH");
qwen36.c:1451:47: missed: statement clobbers memory: _272 = getenv ("SMOOTH");
/usr/include/x86_64-linux-gnu/bits/stdlib-float.h:27:10: missed: statement clobbers memory: _273 = strtod (_272, 0B);
qwen36.c:1454:20: missed: statement clobbers memory: _282 = calloc (_281, 1);
qwen36.c:1455:15: missed: statement clobbers memory: _283 = calloc (_281, 1);
qwen36.c:1456:24: missed: statement clobbers memory: _284 = getenv ("COLIBRI_RESIDENT");
qwen36.c:1456:58: missed: statement clobbers memory: _285 = getenv ("COLIBRI_RESIDENT");
/usr/include/stdlib.h:483:16: missed: statement clobbers memory: _286 = strtol (_285, 0B, 10);
qwen36.c:1459:20: missed: statement clobbers memory: _294 = calloc (_293, 1);
qwen36.c:1460:16: missed: statement clobbers memory: _295 = getenv ("CONF_LIMIT");
qwen36.c:1460:51: missed: statement clobbers memory: _296 = getenv ("CONF_LIMIT");
/usr/include/x86_64-linux-gnu/bits/stdlib-float.h:27:10: missed: statement clobbers memory: _297 = strtod (_296, 0B);
qwen36.c:701:48: missed: statement clobbers memory: clock_gettime (1, &t);
/usr/include/x86_64-linux-gnu/bits/stdio2.h:79:10: missed: statement clobbers memory: __builtin_fwrite ("OOM expert cache index\n", 1, 23, stderr.265_206);
qwen36.c:1433:88: missed: statement clobbers memory: exit (1);
/usr/include/x86_64-linux-gnu/bits/stdio2.h:79:10: missed: statement clobbers memory: __fprintf_chk (stderr.124_893, 2, "OOM %ld\n", _84);
qwen36.c:752:114: missed: statement clobbers memory: exit (1);
/usr/include/x86_64-linux-gnu/bits/stdio2.h:79:10: missed: statement clobbers memory: __fprintf_chk (stderr.261_17, 2, "invalid Qwen3.6 layer range [%d,%d) for %d layers\n", 0, layer_end_13, layer_end_13);
qwen36.c:1357:9: missed: statement clobbers memory: exit (1);
/usr/include/x86_64-linux-gnu/bits/stdio2.h:79:10: missed: statement clobbers memory: __fprintf_chk (stderr.260_11, 2, "rotary_dim %d invalid for head_dim %d\n", _8, _552);
qwen36.c:1348:101: missed: statement clobbers memory: exit (1);
/usr/include/x86_64-linux-gnu/bits/stdio2.h:79:10: missed: statement clobbers memory: __builtin_fwrite ("[cfg] ", 1, 6, stderr.345_607);
/usr/include/x86_64-linux-gnu/bits/stdio2.h:79:10: missed: statement clobbers memory: __fprintf_chk (stderr.346_617, 2, "dn_conv_dim %d != 2*kheads*kdim + vheads*vdim (%d)", _616, _615);
/usr/include/x86_64-linux-gnu/bits/stdio2.h:79:10: missed: statement clobbers memory: __builtin_fwrite (" -- refusing\n", 1, 13, stderr.347_618);
qwen36.c:1238:9: missed: statement clobbers memory: exit (1);
/usr/include/x86_64-linux-gnu/bits/stdio2.h:79:10: missed: statement clobbers memory: __builtin_fwrite ("[cfg] ", 1, 6, stderr.342_598);
/usr/include/x86_64-linux-gnu/bits/stdio2.h:79:10: missed: statement clobbers memory: __fprintf_chk (stderr.343_600, 2, "dn_convk %d must be >= 2 (conv ring is convk-1)", _599);
/usr/include/x86_64-linux-gnu/bits/stdio2.h:79:10: missed: statement clobbers memory: __builtin_fwrite (" -- refusing\n", 1, 13, stderr.344_601);
qwen36.c:1236:9: missed: statement clobbers memory: exit (1);
/usr/include/x86_64-linux-gnu/bits/stdio2.h:79:10: missed: statement clobbers memory: __builtin_fwrite ("[cfg] ", 1, 6, stderr.339_593);
/usr/include/x86_64-linux-gnu/bits/stdio2.h:79:10: missed: statement clobbers memory: __fprintf_chk (stderr.340_595, 2, "dn_vdim %d out of range 1..512 (kvl[]/dl[] in deltanet())", _594);
/usr/include/x86_64-linux-gnu/bits/stdio2.h:79:10: missed: statement clobbers memory: __builtin_fwrite (" -- refusing\n", 1, 13, stderr.341_596);
qwen36.c:1233:9: missed: statement clobbers memory: exit (1);
/usr/include/x86_64-linux-gnu/bits/stdio2.h:79:10: missed: statement clobbers memory: __builtin_fwrite ("[cfg] ", 1, 6, stderr.336_586);
/usr/include/x86_64-linux-gnu/bits/stdio2.h:79:10: missed: statement clobbers memory: __fprintf_chk (stderr.337_588, 2, "dn_kdim %d must be positive", _587);
/usr/include/x86_64-linux-gnu/bits/stdio2.h:79:10: missed: statement clobbers memory: __builtin_fwrite (" -- refusing\n", 1, 13, stderr.338_589);
qwen36.c:1232:9: missed: statement clobbers memory: exit (1);
/usr/include/x86_64-linux-gnu/bits/stdio2.h:79:10: missed: statement clobbers memory: __builtin_fwrite ("[cfg] ", 1, 6, stderr.333_580);
/usr/include/x86_64-linux-gnu/bits/stdio2.h:79:10: missed: statement clobbers memory: __fprintf_chk (stderr.334_583, 2, "dn_vheads %d is not a multiple of dn_kheads %d", _582, _581);
/usr/include/x86_64-linux-gnu/bits/stdio2.h:79:10: missed: statement clobbers memory: __builtin_fwrite (" -- refusing\n", 1, 13, stderr.335_584);
qwen36.c:1229:9: missed: statement clobbers memory: exit (1);
/usr/include/x86_64-linux-gnu/bits/stdio2.h:79:10: missed: statement clobbers memory: __builtin_fwrite ("[cfg] ", 1, 6, stderr.330_574);
/usr/include/x86_64-linux-gnu/bits/stdio2.h:79:10: missed: statement clobbers memory: __fprintf_chk (stderr.331_577, 2, "dn_vheads %d / dn_kheads %d must be positive (rep = vh / vk)", _576, _575);
/usr/include/x86_64-linux-gnu/bits/stdio2.h:79:10: missed: statement clobbers memory: __builtin_fwrite (" -- refusing\n", 1, 13, stderr.332_578);
qwen36.c:1226:9: missed: statement clobbers memory: exit (1);
/usr/include/x86_64-linux-gnu/bits/stdio2.h:79:10: missed: statement clobbers memory: __builtin_fwrite ("[cfg] ", 1, 6, stderr.327_568);
/usr/include/x86_64-linux-gnu/bits/stdio2.h:79:10: missed: statement clobbers memory: __builtin_fwrite ("per-head dims must be positive", 1, 30, stderr.328_569);
/usr/include/x86_64-linux-gnu/bits/stdio2.h:79:10: missed: statement clobbers memory: __builtin_fwrite (" -- refusing\n", 1, 13, stderr.329_570);
qwen36.c:1222:5: missed: statement clobbers memory: exit (1);
/usr/include/x86_64-linux-gnu/bits/stdio2.h:79:10: missed: statement clobbers memory: __builtin_fwrite ("[cfg] ", 1, 6, stderr.324_560);
/usr/include/x86_64-linux-gnu/bits/stdio2.h:79:10: missed: statement clobbers memory: __fprintf_chk (stderr.325_563, 2, "q_heads %d is not a multiple of kv_heads %d (GQA grouping)", _562, _561);
/usr/include/x86_64-linux-gnu/bits/stdio2.h:79:10: missed: statement clobbers memory: __builtin_fwrite (" -- refusing\n", 1, 13, stderr.326_564);
qwen36.c:1219:5: missed: statement clobbers memory: exit (1);
/usr/include/x86_64-linux-gnu/bits/stdio2.h:79:10: missed: statement clobbers memory: __builtin_fwrite ("[cfg] ", 1, 6, stderr.321_553);
/usr/include/x86_64-linux-gnu/bits/stdio2.h:79:10: missed: statement clobbers memory: __fprintf_chk (stderr.322_557, 2, "attention dims q_heads=%d kv_heads=%d head_dim=%d must be positive", _556, _555, _554);
/usr/include/x86_64-linux-gnu/bits/stdio2.h:79:10: missed: statement clobbers memory: __builtin_fwrite (" -- refusing\n", 1, 13, stderr.323_558);
qwen36.c:1216:5: missed: statement clobbers memory: exit (1);
/usr/include/x86_64-linux-gnu/bits/stdio2.h:79:10: missed: statement clobbers memory: __builtin_fwrite ("[cfg] ", 1, 6, stderr.318_545);
/usr/include/x86_64-linux-gnu/bits/stdio2.h:79:10: missed: statement clobbers memory: __fprintf_chk (stderr.319_548, 2, "moe_inter %d / shared_inter %d must be positive", _547, _546);
/usr/include/x86_64-linux-gnu/bits/stdio2.h:79:10: missed: statement clobbers memory: __builtin_fwrite (" -- refusing\n", 1, 13, stderr.320_549);
qwen36.c:1214:5: missed: statement clobbers memory: exit (1);
/usr/include/x86_64-linux-gnu/bits/stdio2.h:79:10: missed: statement clobbers memory: __builtin_fwrite ("[cfg] ", 1, 6, stderr.315_538);
/usr/include/x86_64-linux-gnu/bits/stdio2.h:79:10: missed: statement clobbers memory: __fprintf_chk (stderr.316_541, 2, "topk %d exceeds num_experts %d", _540, _539);
/usr/include/x86_64-linux-gnu/bits/stdio2.h:79:10: missed: statement clobbers memory: __builtin_fwrite (" -- refusing\n", 1, 13, stderr.317_542);
qwen36.c:1212:5: missed: statement clobbers memory: exit (1);
/usr/include/x86_64-linux-gnu/bits/stdio2.h:79:10: missed: statement clobbers memory: __builtin_fwrite ("[cfg] ", 1, 6, stderr.312_534);
/usr/include/x86_64-linux-gnu/bits/stdio2.h:79:10: missed: statement clobbers memory: __fprintf_chk (stderr.313_536, 2, "topk %d out of range 1..256 (idx[]/val[] in moe())", _535);
/usr/include/x86_64-linux-gnu/bits/stdio2.h:79:10: missed: statement clobbers memory: __builtin_fwrite (" -- refusing\n", 1, 13, stderr.314_537);
qwen36.c:1210:5: missed: statement clobbers memory: exit (1);
/usr/include/x86_64-linux-gnu/bits/stdio2.h:79:10: missed: statement clobbers memory: __builtin_fwrite ("[cfg] ", 1, 6, stderr.309_527);
/usr/include/x86_64-linux-gnu/bits/stdio2.h:79:10: missed: statement clobbers memory: __fprintf_chk (stderr.310_529, 2, "num_experts %d out of range 1..1024 (keep[] in moe())", _528);
/usr/include/x86_64-linux-gnu/bits/stdio2.h:79:10: missed: statement clobbers memory: __builtin_fwrite (" -- refusing\n", 1, 13, stderr.311_530);
qwen36.c:1208:5: missed: statement clobbers memory: exit (1);
/usr/include/x86_64-linux-gnu/bits/stdio2.h:79:10: missed: statement clobbers memory: __builtin_fwrite ("[cfg] ", 1, 6, stderr.306_520);
/usr/include/x86_64-linux-gnu/bits/stdio2.h:79:10: missed: statement clobbers memory: __fprintf_chk (stderr.307_522, 2, "vocab %d must be positive", _521);
/usr/include/x86_64-linux-gnu/bits/stdio2.h:79:10: missed: statement clobbers memory: __builtin_fwrite (" -- refusing\n", 1, 13, stderr.308_523);
qwen36.c:1207:5: missed: statement clobbers memory: exit (1);
/usr/include/x86_64-linux-gnu/bits/stdio2.h:79:10: missed: statement clobbers memory: __builtin_fwrite ("[cfg] ", 1, 6, stderr.303_515);
/usr/include/x86_64-linux-gnu/bits/stdio2.h:79:10: missed: statement clobbers memory: __fprintf_chk (stderr.304_517, 2, "hidden %d out of range", _516);
/usr/include/x86_64-linux-gnu/bits/stdio2.h:79:10: missed: statement clobbers memory: __builtin_fwrite (" -- refusing\n", 1, 13, stderr.305_518);
qwen36.c:1206:5: missed: statement clobbers memory: exit (1);
/usr/include/x86_64-linux-gnu/bits/stdio2.h:79:10: missed: statement clobbers memory: __builtin_fwrite ("[cfg] ", 1, 6, stderr.300_508);
/usr/include/x86_64-linux-gnu/bits/stdio2.h:79:10: missed: statement clobbers memory: __fprintf_chk (stderr.301_510, 2, "config.json says %d layers, qwen36_meta.json says %d", _1412, _509);
/usr/include/x86_64-linux-gnu/bits/stdio2.h:79:10: missed: statement clobbers memory: __builtin_fwrite (" -- refusing\n", 1, 13, stderr.302_511);
qwen36.c:1203:5: missed: statement clobbers memory: exit (1);
/usr/include/x86_64-linux-gnu/bits/stdio2.h:79:10: missed: statement clobbers memory: __builtin_fwrite ("[cfg] ", 1, 6, stderr.297_504);
/usr/include/x86_64-linux-gnu/bits/stdio2.h:79:10: missed: statement clobbers memory: __fprintf_chk (stderr.298_506, 2, "n_layers %d out of range 1..512", _505);
/usr/include/x86_64-linux-gnu/bits/stdio2.h:79:10: missed: statement clobbers memory: __builtin_fwrite (" -- refusing\n", 1, 13, stderr.299_507);
qwen36.c:1199:5: missed: statement clobbers memory: exit (1);
/usr/include/x86_64-linux-gnu/bits/stdio2.h:79:10: missed: statement clobbers memory: __fprintf_chk (stderr.284_878, 2, "load_cfg: n_layers=%d out of range 1..512\n", _875);
qwen36.c:1173:127: missed: statement clobbers memory: exit (1);
/usr/include/x86_64-linux-gnu/bits/stdio2.h:79:10: missed: statement clobbers memory: __fprintf_chk (stderr.278_845, 2, "%s: short read\n", &path);
qwen36.c:1149:87: missed: statement clobbers memory: exit (1);
/usr/include/x86_64-linux-gnu/bits/stdio2.h:79:10: missed: statement clobbers memory: __fprintf_chk (stderr.275_835, 2, "OOM reading %s\n", &path);
qwen36.c:1148:89: missed: statement clobbers memory: exit (1);
/usr/include/x86_64-linux-gnu/bits/stdio2.h:79:10: missed: statement clobbers memory: __fprintf_chk (stderr.273_832, 2, "%s: config.json missing or larger than 256 MB\n", &path);
qwen36.c:1147:102: missed: statement clobbers memory: exit (1);
qwen36.c:1145:41: missed: statement clobbers memory: perror (&path);
qwen36.c:1145:54: missed: statement clobbers memory: exit (1);
qwen36.c:1446:44: note: ***** Analysis succeeded with vector mode V8SI
qwen36.c:1446:44: note: SLPing BB part
qwen36.c:1159:16: note: Costing subgraph: 
qwen36.c:1159:16: note: node 0x3af0ea98 (max_nunits=2, refcnt=1) vector(2) int
qwen36.c:1159:16: note: op template: MEM[(struct Cfg *)&m].q_heads = iftmp.282_863;
qwen36.c:1159:16: note: 	stmt 0 MEM[(struct Cfg *)&m].q_heads = iftmp.282_863;
qwen36.c:1159:16: note: 	stmt 1 MEM[(struct Cfg *)&m].kv_heads = _866;
qwen36.c:1159:16: note: 	children 0x3af0eb98
qwen36.c:1159:16: note: node (external) 0x3af0eb98 (max_nunits=1, refcnt=1) vector(2) int
qwen36.c:1159:16: note: 	{ iftmp.282_863, _866 }
qwen36.c:1159:16: note: Cost model analysis: 
qwen36.c:1159:16: note: Cost model analysis for part in loop 0:
  Vector cost: 20
  Scalar cost: 24
qwen36.c:1335:13: note: Costing subgraph: 
qwen36.c:1335:13: note: node 0x3af0ec98 (max_nunits=4, refcnt=1) vector(4) int
qwen36.c:1335:13: note: op template: MEM <struct Cfg> [(void *)&m].head_dim = _867;
qwen36.c:1335:13: note: 	stmt 0 MEM <struct Cfg> [(void *)&m].head_dim = _867;
qwen36.c:1335:13: note: 	stmt 1 MEM[(struct Cfg *)&m].q_head_dim = _869;
qwen36.c:1335:13: note: 	stmt 2 MEM[(struct Cfg *)&m].k_head_dim = _867;
qwen36.c:1335:13: note: 	stmt 3 MEM[(struct Cfg *)&m].v_head_dim = _867;
qwen36.c:1335:13: note: 	children 0x3af0ed98
qwen36.c:1335:13: note: node (external) 0x3af0ed98 (max_nunits=1, refcnt=1) vector(4) int
qwen36.c:1335:13: note: 	{ _867, _869, _867, _867 }
qwen36.c:1335:13: note: Cost model analysis: 
qwen36.c:1335:13: note: Cost model analysis for part in loop 0:
  Vector cost: 28
  Scalar cost: 48
qwen36.c:1335:13: note: Costing subgraph: 
qwen36.c:1335:13: note: node 0x3af0ee98 (max_nunits=4, refcnt=1) vector(4) int
qwen36.c:1335:13: note: op template: MEM <struct Cfg> [(void *)&m].head_dim = 1;
qwen36.c:1335:13: note: 	stmt 0 MEM <struct Cfg> [(void *)&m].head_dim = 1;
qwen36.c:1335:13: note: 	stmt 1 MEM[(struct Cfg *)&m].q_head_dim = 2;
qwen36.c:1335:13: note: 	stmt 2 MEM[(struct Cfg *)&m].k_head_dim = 1;
qwen36.c:1335:13: note: 	stmt 3 MEM[(struct Cfg *)&m].v_head_dim = 1;
qwen36.c:1335:13: note: 	children 0x3af0ef18
qwen36.c:1335:13: note: node (constant) 0x3af0ef18 (max_nunits=1, refcnt=1) vector(4) int
qwen36.c:1335:13: note: 	{ 1, 2, 1, 1 }
qwen36.c:1335:13: note: Cost model analysis: 
qwen36.c:1335:13: note: Cost model analysis for part in loop 0:
  Vector cost: 24
  Scalar cost: 48
qwen36.c:1170:18: note: Costing subgraph: 
qwen36.c:1170:18: note: node 0x3af0ef98 (max_nunits=4, refcnt=1) vector(4) int
qwen36.c:1170:18: note: op template: MEM[(struct Cfg *)&m].n_experts = 256;
qwen36.c:1170:18: note: 	stmt 0 MEM[(struct Cfg *)&m].n_experts = 256;
qwen36.c:1170:18: note: 	stmt 1 MEM[(struct Cfg *)&m].topk = 8;
qwen36.c:1170:18: note: 	stmt 2 MEM[(struct Cfg *)&m].inter = 512;
qwen36.c:1170:18: note: 	stmt 3 MEM[(struct Cfg *)&m].shared_inter = 512;
qwen36.c:1170:18: note: 	children 0x3af0f018
qwen36.c:1170:18: note: node (constant) 0x3af0f018 (max_nunits=1, refcnt=1) vector(4) int
qwen36.c:1170:18: note: 	{ 256, 8, 512, 512 }
qwen36.c:1170:18: note: Cost model analysis: 
qwen36.c:1170:18: note: Cost model analysis for part in loop 0:
  Vector cost: 24
  Scalar cost: 48
qwen36.c:1171:16: note: Costing subgraph: 
qwen36.c:1171:16: note: node 0x3af0f098 (max_nunits=2, refcnt=1) vector(2) int
qwen36.c:1171:16: note: op template: MEM[(struct Cfg *)&m].n_group = 1;
qwen36.c:1171:16: note: 	stmt 0 MEM[(struct Cfg *)&m].n_group = 1;
qwen36.c:1171:16: note: 	stmt 1 MEM[(struct Cfg *)&m].topk_group = 1;
qwen36.c:1171:16: note: 	children 0x3af0f118
qwen36.c:1171:16: note: node (constant) 0x3af0f118 (max_nunits=1, refcnt=1) vector(2) int
qwen36.c:1171:16: note: 	{ 1, 1 }
qwen36.c:1171:16: note: Cost model analysis: 
qwen36.c:1171:16: note: Cost model analysis for part in loop 0:
  Vector cost: 24
  Scalar cost: 24
qwen36.c:1171:53: note: Costing subgraph: 
qwen36.c:1171:53: note: node 0x3af0f198 (max_nunits=4, refcnt=1) vector(4) int
qwen36.c:1171:53: note: op template: MEM[(struct Cfg *)&m].norm_topk = 1;
qwen36.c:1171:53: note: 	stmt 0 MEM[(struct Cfg *)&m].norm_topk = 1;
qwen36.c:1171:53: note: 	stmt 1 MEM[(struct Cfg *)&m].has_qk_norm = 1;
qwen36.c:1171:53: note: 	stmt 2 MEM[(struct Cfg *)&m].has_bias = 0;
qwen36.c:1171:53: note: 	stmt 3 MEM[(struct Cfg *)&m].attn_output_gate = 1;
qwen36.c:1171:53: note: 	children 0x3af0f218
qwen36.c:1171:53: note: node (constant) 0x3af0f218 (max_nunits=1, refcnt=1) vector(4) int
qwen36.c:1171:53: note: 	{ 1, 1, 0, 1 }
qwen36.c:1171:53: note: Cost model analysis: 
qwen36.c:1171:53: note: Cost model analysis for part in loop 0:
  Vector cost: 24
  Scalar cost: 48
qwen36.c:1413:17: note: Costing subgraph: 
qwen36.c:1413:17: note: node 0x3af0f298 (max_nunits=4, refcnt=1) vector(4) long unsigned int
qwen36.c:1413:17: note: op template: l_58->q = 0B;
qwen36.c:1413:17: note: 	stmt 0 l_58->q = 0B;
qwen36.c:1413:17: note: 	stmt 1 l_58->k = 0B;
qwen36.c:1413:17: note: 	stmt 2 l_58->v = 0B;
qwen36.c:1413:17: note: 	stmt 3 l_58->o = 0B;
qwen36.c:1413:17: note: 	children 0x3af0f318
qwen36.c:1413:17: note: node (constant) 0x3af0f318 (max_nunits=1, refcnt=1) vector(4) long unsigned int
qwen36.c:1413:17: note: 	{ 0B, 0B, 0B, 0B }
qwen36.c:1413:17: note: Cost model analysis: 
qwen36.c:1413:17: note: Cost model analysis for part in loop 4:
  Vector cost: 24
  Scalar cost: 48
qwen36.c:1409:22: note: Costing subgraph: 
qwen36.c:1409:22: note: node 0x3af0f418 (max_nunits=4, refcnt=1) vector(4) long unsigned int
qwen36.c:1409:22: note: op template: l_58->dn_qkv = 0B;
qwen36.c:1409:22: note: 	stmt 0 l_58->dn_qkv = 0B;
qwen36.c:1409:22: note: 	stmt 1 l_58->dn_z = 0B;
qwen36.c:1409:22: note: 	stmt 2 l_58->dn_b = 0B;
qwen36.c:1409:22: note: 	stmt 3 l_58->dn_a = 0B;
qwen36.c:1409:22: note: 	stmt 4 l_58->dn_conv = 0B;
qwen36.c:1409:22: note: 	stmt 5 l_58->dn_dtbias = 0B;
qwen36.c:1409:22: note: 	stmt 6 l_58->dn_alog = 0B;
qwen36.c:1409:22: note: 	stmt 7 l_58->dn_norm = 0B;
qwen36.c:1409:22: note: 	children 0x3af0f498
qwen36.c:1409:22: note: node (constant) 0x3af0f498 (max_nunits=1, refcnt=1) vector(4) long unsigned int
qwen36.c:1409:22: note: 	{ 0B, 0B, 0B, 0B, 0B, 0B, 0B, 0B }
qwen36.c:1409:22: note: Cost model analysis: 
qwen36.c:1409:22: note: Cost model analysis for part in loop 4:
  Vector cost: 36
  Scalar cost: 96
qwen36.c:1446:44: note: Costing subgraph: 
qwen36.c:1446:44: note: node 0x3af0f518 (max_nunits=2, refcnt=1) vector(2) int
qwen36.c:1446:44: note: op template: m.freq_token_count = 0;
qwen36.c:1446:44: note: 	stmt 0 m.freq_token_count = 0;
qwen36.c:1446:44: note: 	stmt 1 m.hot_pinned = 0;
qwen36.c:1446:44: note: 	children 0x3af0f598
qwen36.c:1446:44: note: node (constant) 0x3af0f598 (max_nunits=1, refcnt=1) vector(2) int
qwen36.c:1446:44: note: 	{ 0, 0 }
qwen36.c:1446:44: note: Cost model analysis: 
qwen36.c:1446:44: note: Cost model analysis for part in loop 0:
  Vector cost: 24
  Scalar cost: 24
qwen36.c:1446:44: note: Basic block will be vectorized using SLP
qwen36.c:1446:44: note: Vectorizing SLP tree:
qwen36.c:1446:44: note: node 0x3af0ea98 (max_nunits=2, refcnt=1) vector(2) int
qwen36.c:1446:44: note: op template: MEM[(struct Cfg *)&m].q_heads = iftmp.282_863;
qwen36.c:1446:44: note: 	stmt 0 MEM[(struct Cfg *)&m].q_heads = iftmp.282_863;
qwen36.c:1446:44: note: 	stmt 1 MEM[(struct Cfg *)&m].kv_heads = _866;
qwen36.c:1446:44: note: 	children 0x3af0eb98
qwen36.c:1446:44: note: node (external) 0x3af0eb98 (max_nunits=1, refcnt=1) vector(2) int
qwen36.c:1446:44: note: 	{ iftmp.282_863, _866 }
qwen36.c:1446:44: note: ------>vectorizing SLP node starting from: MEM[(struct Cfg *)&m].q_heads = iftmp.282_863;
qwen36.c:1446:44: note: vect_is_simple_use: operand _862 >> 7, type of def: internal
qwen36.c:1446:44: note: transform store. ncopies = 1
qwen36.c:1446:44: note: create vector_type-pointer variable to type: vector(2) int  vectorizing a pointer ref: MEM[(struct Cfg *)&m].q_heads
qwen36.c:1446:44: note: created &MEM[(struct Cfg *)&m].q_heads
qwen36.c:1446:44: note: add new stmt: MEM <vector(2) int> [(int *)&m + 12B] = _1306;
qwen36.c:1446:44: note: vectorizing stmts using SLP.
qwen36.c:1446:44: optimized: basic block part vectorized using 32 byte vectors
qwen36.c:1446:44: note: Vectorizing SLP tree:
qwen36.c:1446:44: note: node 0x3af0ec98 (max_nunits=4, refcnt=1) vector(4) int
qwen36.c:1446:44: note: op template: MEM <struct Cfg> [(void *)&m].head_dim = _867;
qwen36.c:1446:44: note: 	stmt 0 MEM <struct Cfg> [(void *)&m].head_dim = _867;
qwen36.c:1446:44: note: 	stmt 1 MEM[(struct Cfg *)&m].q_head_dim = _869;
qwen36.c:1446:44: note: 	stmt 2 MEM[(struct Cfg *)&m].k_head_dim = _867;
qwen36.c:1446:44: note: 	stmt 3 MEM[(struct Cfg *)&m].v_head_dim = _867;
qwen36.c:1446:44: note: 	children 0x3af0ed98
qwen36.c:1446:44: note: node (external) 0x3af0ed98 (max_nunits=1, refcnt=1) vector(4) int
qwen36.c:1446:44: note: 	{ _867, _869, _867, _867 }
qwen36.c:1446:44: note: ------>vectorizing SLP node starting from: MEM <struct Cfg> [(void *)&m].head_dim = _867;
qwen36.c:1446:44: note: vect_is_simple_use: operand _867 * 2, type of def: internal
qwen36.c:1446:44: note: vect_is_simple_use: operand _862 / iftmp.282_836, type of def: internal
qwen36.c:1446:44: note: vect_is_simple_use: operand _862 / iftmp.282_836, type of def: internal
qwen36.c:1446:44: note: conflicting alias set types.
qwen36.c:1446:44: note: transform store. ncopies = 1
qwen36.c:1446:44: note: create vector_type-pointer variable to type: vector(4) int  vectorizing a pointer ref: MEM <struct Cfg> [(void *)&m].head_dim
qwen36.c:1446:44: note: created &MEM <struct Cfg> [(void *)&m].head_dim
qwen36.c:1446:44: note: add new stmt: MEM <vector(4) int> [(void *)&m + 20B] = _1304;
qwen36.c:1446:44: note: vectorizing stmts using SLP.
qwen36.c:1446:44: optimized: basic block part vectorized using 32 byte vectors
qwen36.c:1446:44: note: Vectorizing SLP tree:
qwen36.c:1446:44: note: node 0x3af0ee98 (max_nunits=4, refcnt=1) vector(4) int
qwen36.c:1446:44: note: op template: MEM <struct Cfg> [(void *)&m].head_dim = 1;
qwen36.c:1446:44: note: 	stmt 0 MEM <struct Cfg> [(void *)&m].head_dim = 1;
qwen36.c:1446:44: note: 	stmt 1 MEM[(struct Cfg *)&m].q_head_dim = 2;
qwen36.c:1446:44: note: 	stmt 2 MEM[(struct Cfg *)&m].k_head_dim = 1;
qwen36.c:1446:44: note: 	stmt 3 MEM[(struct Cfg *)&m].v_head_dim = 1;
qwen36.c:1446:44: note: 	children 0x3af0ef18
qwen36.c:1446:44: note: node (constant) 0x3af0ef18 (max_nunits=1, refcnt=1) vector(4) int
qwen36.c:1446:44: note: 	{ 1, 2, 1, 1 }
qwen36.c:1446:44: note: ------>vectorizing SLP node starting from: MEM <struct Cfg> [(void *)&m].head_dim = 1;
qwen36.c:1446:44: note: vect_is_simple_use: operand 2, type of def: constant
qwen36.c:1446:44: note: vect_is_simple_use: operand 1, type of def: constant
qwen36.c:1446:44: note: vect_is_simple_use: operand 1, type of def: constant
qwen36.c:1446:44: note: conflicting alias set types.
qwen36.c:1446:44: note: transform store. ncopies = 1
qwen36.c:1446:44: note: create vector_type-pointer variable to type: vector(4) int  vectorizing a pointer ref: MEM <struct Cfg> [(void *)&m].head_dim
qwen36.c:1446:44: note: created &MEM <struct Cfg> [(void *)&m].head_dim
qwen36.c:1446:44: note: add new stmt: MEM <vector(4) int> [(void *)&m + 20B] = { 1, 2, 1, 1 };
qwen36.c:1446:44: note: vectorizing stmts using SLP.
qwen36.c:1446:44: optimized: basic block part vectorized using 32 byte vectors
qwen36.c:1446:44: note: Vectorizing SLP tree:
qwen36.c:1446:44: note: node 0x3af0ef98 (max_nunits=4, refcnt=1) vector(4) int
qwen36.c:1446:44: note: op template: MEM[(struct Cfg *)&m].n_experts = 256;
qwen36.c:1446:44: note: 	stmt 0 MEM[(struct Cfg *)&m].n_experts = 256;
qwen36.c:1446:44: note: 	stmt 1 MEM[(struct Cfg *)&m].topk = 8;
qwen36.c:1446:44: note: 	stmt 2 MEM[(struct Cfg *)&m].inter = 512;
qwen36.c:1446:44: note: 	stmt 3 MEM[(struct Cfg *)&m].shared_inter = 512;
qwen36.c:1446:44: note: 	children 0x3af0f018
qwen36.c:1446:44: note: node (constant) 0x3af0f018 (max_nunits=1, refcnt=1) vector(4) int
qwen36.c:1446:44: note: 	{ 256, 8, 512, 512 }
qwen36.c:1446:44: note: ------>vectorizing SLP node starting from: MEM[(struct Cfg *)&m].n_experts = 256;
qwen36.c:1446:44: note: vect_is_simple_use: operand 8, type of def: constant
qwen36.c:1446:44: note: vect_is_simple_use: operand 512, type of def: constant
qwen36.c:1446:44: note: vect_is_simple_use: operand 512, type of def: constant
qwen36.c:1446:44: note: transform store. ncopies = 1
qwen36.c:1446:44: note: create vector_type-pointer variable to type: vector(4) int  vectorizing a pointer ref: MEM[(struct Cfg *)&m].n_experts
qwen36.c:1446:44: note: created &MEM[(struct Cfg *)&m].n_experts
qwen36.c:1446:44: note: add new stmt: MEM <vector(4) int> [(int *)&m + 48B] = { 256, 8, 512, 512 };
qwen36.c:1446:44: note: vectorizing stmts using SLP.
qwen36.c:1446:44: optimized: basic block part vectorized using 32 byte vectors
qwen36.c:1446:44: note: Vectorizing SLP tree:
qwen36.c:1446:44: note: node 0x3af0f098 (max_nunits=2, refcnt=1) vector(2) int
qwen36.c:1446:44: note: op template: MEM[(struct Cfg *)&m].n_group = 1;
qwen36.c:1446:44: note: 	stmt 0 MEM[(struct Cfg *)&m].n_group = 1;
qwen36.c:1446:44: note: 	stmt 1 MEM[(struct Cfg *)&m].topk_group = 1;
qwen36.c:1446:44: note: 	children 0x3af0f118
qwen36.c:1446:44: note: node (constant) 0x3af0f118 (max_nunits=1, refcnt=1) vector(2) int
qwen36.c:1446:44: note: 	{ 1, 1 }
qwen36.c:1446:44: note: ------>vectorizing SLP node starting from: MEM[(struct Cfg *)&m].n_group = 1;
qwen36.c:1446:44: note: vect_is_simple_use: operand 1, type of def: constant
qwen36.c:1446:44: note: transform store. ncopies = 1
qwen36.c:1446:44: note: create vector_type-pointer variable to type: vector(2) int  vectorizing a pointer ref: MEM[(struct Cfg *)&m].n_group
qwen36.c:1446:44: note: created &MEM[(struct Cfg *)&m].n_group
qwen36.c:1446:44: note: add new stmt: MEM <vector(2) int> [(int *)&m + 68B] = { 1, 1 };
qwen36.c:1446:44: note: vectorizing stmts using SLP.
qwen36.c:1446:44: optimized: basic block part vectorized using 32 byte vectors
qwen36.c:1446:44: note: Vectorizing SLP tree:
qwen36.c:1446:44: note: node 0x3af0f198 (max_nunits=4, refcnt=1) vector(4) int
qwen36.c:1446:44: note: op template: MEM[(struct Cfg *)&m].norm_topk = 1;
qwen36.c:1446:44: note: 	stmt 0 MEM[(struct Cfg *)&m].norm_topk = 1;
qwen36.c:1446:44: note: 	stmt 1 MEM[(struct Cfg *)&m].has_qk_norm = 1;
qwen36.c:1446:44: note: 	stmt 2 MEM[(struct Cfg *)&m].has_bias = 0;
qwen36.c:1446:44: note: 	stmt 3 MEM[(struct Cfg *)&m].attn_output_gate = 1;
qwen36.c:1446:44: note: 	children 0x3af0f218
qwen36.c:1446:44: note: node (constant) 0x3af0f218 (max_nunits=1, refcnt=1) vector(4) int
qwen36.c:1446:44: note: 	{ 1, 1, 0, 1 }
qwen36.c:1446:44: note: ------>vectorizing SLP node starting from: MEM[(struct Cfg *)&m].norm_topk = 1;
qwen36.c:1446:44: note: vect_is_simple_use: operand 1, type of def: constant
qwen36.c:1446:44: note: vect_is_simple_use: operand 0, type of def: constant
qwen36.c:1446:44: note: vect_is_simple_use: operand 1, type of def: constant
qwen36.c:1446:44: note: transform store. ncopies = 1
qwen36.c:1446:44: note: create vector_type-pointer variable to type: vector(4) int  vectorizing a pointer ref: MEM[(struct Cfg *)&m].norm_topk
qwen36.c:1446:44: note: created &MEM[(struct Cfg *)&m].norm_topk
qwen36.c:1446:44: note: add new stmt: MEM <vector(4) int> [(int *)&m + 88B] = { 1, 1, 0, 1 };
qwen36.c:1446:44: note: vectorizing stmts using SLP.
qwen36.c:1446:44: optimized: basic block part vectorized using 32 byte vectors
qwen36.c:1446:44: note: Vectorizing SLP tree:
qwen36.c:1446:44: note: node 0x3af0f298 (max_nunits=4, refcnt=1) vector(4) long unsigned int
qwen36.c:1446:44: note: op template: l_58->q = 0B;
qwen36.c:1446:44: note: 	stmt 0 l_58->q = 0B;
qwen36.c:1446:44: note: 	stmt 1 l_58->k = 0B;
qwen36.c:1446:44: note: 	stmt 2 l_58->v = 0B;
qwen36.c:1446:44: note: 	stmt 3 l_58->o = 0B;
qwen36.c:1446:44: note: 	children 0x3af0f318
qwen36.c:1446:44: note: node (constant) 0x3af0f318 (max_nunits=1, refcnt=1) vector(4) long unsigned int
qwen36.c:1446:44: note: 	{ 0B, 0B, 0B, 0B }
qwen36.c:1446:44: note: ------>vectorizing SLP node starting from: l_58->q = 0B;
qwen36.c:1446:44: note: vect_is_simple_use: operand 0B, type of def: constant
qwen36.c:1446:44: note: vect_is_simple_use: operand 0B, type of def: constant
qwen36.c:1446:44: note: vect_is_simple_use: operand 0B, type of def: constant
qwen36.c:1446:44: note: transform store. ncopies = 1
qwen36.c:1446:44: note: create vector_type-pointer variable to type: vector(4) long unsigned int  vectorizing a pointer ref: l_58->q
qwen36.c:1446:44: note: created vectp.2785_1298
qwen36.c:1446:44: note: add new stmt: MEM <vector(4) long unsigned int> [(float * *)vectp.2785_1298] = { 0, 0, 0, 0 };
qwen36.c:1446:44: note: vectorizing stmts using SLP.
qwen36.c:1446:44: optimized: basic block part vectorized using 32 byte vectors
qwen36.c:1446:44: note: Vectorizing SLP tree:
qwen36.c:1446:44: note: node 0x3af0f418 (max_nunits=4, refcnt=1) vector(4) long unsigned int
qwen36.c:1446:44: note: op template: l_58->dn_qkv = 0B;
qwen36.c:1446:44: note: 	stmt 0 l_58->dn_qkv = 0B;
qwen36.c:1446:44: note: 	stmt 1 l_58->dn_z = 0B;
qwen36.c:1446:44: note: 	stmt 2 l_58->dn_b = 0B;
qwen36.c:1446:44: note: 	stmt 3 l_58->dn_a = 0B;
qwen36.c:1446:44: note: 	stmt 4 l_58->dn_conv = 0B;
qwen36.c:1446:44: note: 	stmt 5 l_58->dn_dtbias = 0B;
qwen36.c:1446:44: note: 	stmt 6 l_58->dn_alog = 0B;
qwen36.c:1446:44: note: 	stmt 7 l_58->dn_norm = 0B;
qwen36.c:1446:44: note: 	children 0x3af0f498
qwen36.c:1446:44: note: node (constant) 0x3af0f498 (max_nunits=1, refcnt=1) vector(4) long unsigned int
qwen36.c:1446:44: note: 	{ 0B, 0B, 0B, 0B, 0B, 0B, 0B, 0B }
qwen36.c:1446:44: note: ------>vectorizing SLP node starting from: l_58->dn_qkv = 0B;
qwen36.c:1446:44: note: vect_is_simple_use: operand 0B, type of def: constant
qwen36.c:1446:44: note: vect_is_simple_use: operand 0B, type of def: constant
qwen36.c:1446:44: note: vect_is_simple_use: operand 0B, type of def: constant
qwen36.c:1446:44: note: vect_is_simple_use: operand 0B, type of def: constant
qwen36.c:1446:44: note: vect_is_simple_use: operand 0B, type of def: constant
qwen36.c:1446:44: note: vect_is_simple_use: operand 0B, type of def: constant
qwen36.c:1446:44: note: vect_is_simple_use: operand 0B, type of def: constant
qwen36.c:1446:44: note: transform store. ncopies = 1
qwen36.c:1446:44: note: create vector_type-pointer variable to type: vector(4) long unsigned int  vectorizing a pointer ref: l_58->dn_qkv
qwen36.c:1446:44: note: created vectp.2787_1296
qwen36.c:1446:44: note: add new stmt: MEM <vector(4) long unsigned int> [(float * *)vectp.2787_1296] = { 0, 0, 0, 0 };
qwen36.c:1446:44: note: add new stmt: vectp.2787_1294 = vectp.2787_1296 + 32;
qwen36.c:1446:44: note: add new stmt: MEM <vector(4) long unsigned int> [(float * *)vectp.2787_1294] = { 0, 0, 0, 0 };
qwen36.c:1446:44: note: vectorizing stmts using SLP.
qwen36.c:1446:44: optimized: basic block part vectorized using 32 byte vectors
qwen36.c:1446:44: note: Vectorizing SLP tree:
qwen36.c:1446:44: note: node 0x3af0f518 (max_nunits=2, refcnt=1) vector(2) int
qwen36.c:1446:44: note: op template: m.freq_token_count = 0;
qwen36.c:1446:44: note: 	stmt 0 m.freq_token_count = 0;
qwen36.c:1446:44: note: 	stmt 1 m.hot_pinned = 0;
qwen36.c:1446:44: note: 	children 0x3af0f598
qwen36.c:1446:44: note: node (constant) 0x3af0f598 (max_nunits=1, refcnt=1) vector(2) int
qwen36.c:1446:44: note: 	{ 0, 0 }
qwen36.c:1446:44: note: ------>vectorizing SLP node starting from: m.freq_token_count = 0;
qwen36.c:1446:44: note: vect_is_simple_use: operand 0, type of def: constant
qwen36.c:1446:44: note: transform store. ncopies = 1
qwen36.c:1446:44: note: create vector_type-pointer variable to type: vector(2) int  vectorizing a pointer ref: m.freq_token_count
qwen36.c:1446:44: note: created &m.freq_token_count
qwen36.c:1446:44: note: add new stmt: MEM <vector(2) int> [(int *)&m + 29056B] = { 0, 0 };
qwen36.c:1446:44: note: vectorizing stmts using SLP.
qwen36.c:1446:44: optimized: basic block part vectorized using 32 byte vectors
qwen36.c:1446:44: note: ***** The result for vector mode V32QI would be the same
qwen36.c:313:23: missed: couldn't vectorize loop
qwen36.c:313:23: missed: not vectorized: loop nest containing two or more consecutive inner loops cannot be vectorized
json.h:179:56: missed: couldn't vectorize loop
json.h:179:56: missed: not vectorized: control flow in loop.
json.h:179:56: missed: couldn't vectorize loop
json.h:179:56: missed: not vectorized: control flow in loop.
qwen36.c:298:23: missed: couldn't vectorize loop
qwen36.c:298:23: missed: not vectorized: control flow in loop.
qwen36.c:293:19: missed: couldn't vectorize loop
qwen36.c:293:19: missed: not vectorized: control flow in loop.
qwen36.c:285:23: missed: couldn't vectorize loop
qwen36.c:285:23: missed: not vectorized: control flow in loop.
qwen36.c:279:23: optimized: loop vectorized using 32 byte vectors
qwen36.c:287:23: missed: couldn't vectorize loop
qwen36.c:287:23: missed: not vectorized: control flow in loop.
qwen36.c:264:13: note: vectorized 1 loops in function.
qwen36.c:265:15: missed: statement clobbers memory: f_125 = fopen (path_123(D), "rb");
qwen36.c:267:5: missed: statement clobbers memory: fseek (f_125, 0, 2);
qwen36.c:267:35: missed: statement clobbers memory: n_128 = ftell (f_125);
qwen36.c:267:45: missed: statement clobbers memory: fseek (f_125, 0, 0);
qwen36.c:268:17: missed: statement clobbers memory: buf_131 = malloc (_3);
/usr/include/x86_64-linux-gnu/bits/stdio2.h:215:10: missed: statement clobbers memory: __fread_chk (buf_131, _3, 1, n.179_4, f_125);
qwen36.c:270:17: missed: statement clobbers memory: fclose (f_125);
qwen36.c:272:18: missed: statement clobbers memory: root_136 = json_parse.constprop (buf_131, &arena);
qwen36.c:264:13: missed: statement clobbers memory: _196 = json_get.part.0 (root_136, "model");
qwen36.c:264:13: missed: statement clobbers memory: _198 = json_get.part.0 (model_264, "vocab");
qwen36.c:264:13: missed: statement clobbers memory: _200 = json_get.part.0 (model_264, "tokens");
qwen36.c:283:13: missed: statement clobbers memory: _249 = calloc (_193, 8);
qwen36.c:287:97: missed: statement clobbers memory: _44 = strdup (_42);
qwen36.c:283:13: missed: statement clobbers memory: _101 = calloc (1, 8);
qwen36.c:279:67: missed: statement clobbers memory: vect__13.2853_305 = __builtin_ia32_gatherdiv4df ({ 0.0, 0.0, 0.0, 0.0 }, 8B, vect_306, {  Nan,  Nan,  Nan,  Nan }, 1);
qwen36.c:279:67: missed: statement clobbers memory: vect__13.2853_303 = __builtin_ia32_gatherdiv4df ({ 0.0, 0.0, 0.0, 0.0 }, 8B, vect_304, {  Nan,  Nan,  Nan,  Nan }, 1);
qwen36.c:283:13: missed: statement clobbers memory: _18 = calloc (_17, 8);
qwen36.c:285:104: missed: statement clobbers memory: _34 = strdup (_30);
qwen36.c:292:5: missed: statement clobbers memory: smap_init.constprop (&g_rev);
qwen36.c:264:13: missed: statement clobbers memory: smap_put.part.0 (&g_rev, _51, i_176);
qwen36.c:295:5: missed: statement clobbers memory: smap_init.constprop (&g_merge);
qwen36.c:264:13: missed: statement clobbers memory: _202 = json_get.part.0 (model_264, "merges");
qwen36.c:300:30: missed: statement clobbers memory: sp_159 = strchr (e_158, 32);
qwen36.c:301:41: missed: statement clobbers memory: _61 = strlen (_60);
qwen36.c:302:23: missed: statement clobbers memory: key_163 = malloc (_65);
/usr/include/x86_64-linux-gnu/bits/string_fortified.h:29:10: missed: statement clobbers memory: __builtin___memcpy_chk (key_163, e_158, _66, _65);
/usr/include/x86_64-linux-gnu/bits/string_fortified.h:29:10: missed: statement clobbers memory: __builtin___memcpy_chk (_70, _60, _68, _256);
qwen36.c:264:13: missed: statement clobbers memory: smap_put.part.0 (&g_merge, key_163, r_258);
qwen36.c:264:13: missed: statement clobbers memory: _205 = json_get.part.0 (root_136, "added_tokens");
qwen36.c:310:20: missed: statement clobbers memory: _79 = malloc (_78);
qwen36.c:311:21: missed: statement clobbers memory: _81 = malloc (_80);
qwen36.c:312:21: missed: statement clobbers memory: _82 = malloc (_80);
json.h:179:42: missed: statement clobbers memory: _228 = strcmp (_227, "content");
qwen36.c:316:29: missed: statement clobbers memory: iftmp.192_181 = strdup (iftmp.199_220);
qwen36.c:316:39: missed: statement clobbers memory: iftmp.192_179 = strdup ("");
json.h:179:42: missed: statement clobbers memory: _247 = strcmp (_246, "id");
qwen36.c:318:32: missed: statement clobbers memory: _92 = strlen (iftmp.192_99);
qwen36.c:321:5: missed: statement clobbers memory: build_byte_sym ();
/usr/include/x86_64-linux-gnu/bits/stdio2.h:79:10: missed: statement clobbers memory: __fprintf_chk (stderr.197_97, 2, "[tok] loaded %d pieces (max id %d) from %s\n", _96, mx_261, path_123(D));
qwen36.c:324:5: missed: statement clobbers memory: free (buf_131);
/usr/include/x86_64-linux-gnu/bits/stdio2.h:79:10: missed: statement clobbers memory: __fprintf_chk (stderr.182_6, 2, "[tok] no model.vocab/tokens in %s\n", path_123(D));
qwen36.c:276:81: missed: statement clobbers memory: free (buf_131);
/usr/include/x86_64-linux-gnu/bits/stdio2.h:79:10: missed: statement clobbers memory: __fprintf_chk (stderr.178_1, 2, "[tok] cannot open %s\n", path_123(D));
qwen36.c:264:13: note: ***** Analysis failed with vector mode V32QI
qwen36.c:264:13: note: ***** The result for vector mode V32QI would be the same
qwen36.c:264:13: note: ***** Re-trying analysis with vector mode V16QI
qwen36.c:264:13: note: ***** Analysis failed with vector mode V16QI
qwen36.c:264:13: note: ***** Re-trying analysis with vector mode V8QI
qwen36.c:264:13: note: ***** Analysis failed with vector mode V8QI
qwen36.c:264:13: note: ***** Re-trying analysis with vector mode V4QI
qwen36.c:264:13: note: ***** Analysis failed with vector mode V4QI
qwen36.c:1059:18: missed: couldn't vectorize loop
qwen36.c:1059:18: missed: not vectorized: number of iterations cannot be computed.
qwen36.c:1103:51: missed: couldn't vectorize loop
qwen36.c:1103:51: missed: not vectorized: control flow in loop.
qwen36.c:1099:13: note: vectorized 0 loops in function.
qwen36.c:1099:13: missed: statement clobbers memory: __builtin_GOMP_parallel (matmul._omp_fn.0, &.omp_data_o.535, 0, 0);
qwen36.c:1105:44: missed: statement clobbers memory: _9 = qdw_cpuorder_requested (_8);
qwen36.c:1106:16: missed: statement clobbers memory: _13 = p40_qwen_dn_matvec (_10, y_11(D), x_12(D));
/usr/include/x86_64-linux-gnu/bits/stdio2.h:79:10: missed: statement clobbers memory: __builtin_fwrite ("[dn-cpuorder] CUDA failure; permanently falling back to CPU\n", 1, 60, stderr.608_14);
qwen36.c:1060:9: missed: statement clobbers memory: p40_qwen_dn_tensor_free (_70);
qwen36.c:1063:5: missed: statement clobbers memory: p40_qwen_dn_shutdown ();
qwen36.c:1099:13: missed: statement clobbers memory: __builtin_GOMP_parallel (matmul_q._omp_fn.0, &.omp_data_o.590, _92, 0);
qwen36.c:815:13: note: ***** Analysis succeeded with vector mode V8SI
qwen36.c:815:13: note: SLPing BB part
qwen36.c:756:13: note: Costing subgraph: 
qwen36.c:756:13: note: node 0x3b0f1d98 (max_nunits=2, refcnt=1) vector(2) long unsigned int
qwen36.c:756:13: note: op template: .omp_data_o.535.y = y_11(D);
qwen36.c:756:13: note: 	stmt 0 .omp_data_o.535.y = y_11(D);
qwen36.c:756:13: note: 	stmt 1 .omp_data_o.535.x = x_12(D);
qwen36.c:756:13: note: 	children 0x3b0f1e18
qwen36.c:756:13: note: node (external) 0x3b0f1e18 (max_nunits=1, refcnt=1) vector(2) long unsigned int
qwen36.c:756:13: note: 	{ y_11(D), x_12(D) }
qwen36.c:756:13: note: Cost model analysis: 
qwen36.c:756:13: note: Cost model analysis for part in loop 0:
  Vector cost: 20
  Scalar cost: 24
qwen36.c:815:13: note: Costing subgraph: 
qwen36.c:815:13: note: node 0x3b0f1e98 (max_nunits=2, refcnt=1) vector(2) int
qwen36.c:815:13: note: op template: .omp_data_o.590.I = I_5(D);
qwen36.c:815:13: note: 	stmt 0 .omp_data_o.590.I = I_5(D);
qwen36.c:815:13: note: 	stmt 1 .omp_data_o.590.O = O_20(D);
qwen36.c:815:13: note: 	children 0x3b0f1f18
qwen36.c:815:13: note: node (external) 0x3b0f1f18 (max_nunits=1, refcnt=1) vector(2) int
qwen36.c:815:13: note: 	{ I_5(D), O_20(D) }
qwen36.c:815:13: note: Cost model analysis: 
qwen36.c:815:13: note: Cost model analysis for part in loop 0:
  Vector cost: 20
  Scalar cost: 24
qwen36.c:815:13: note: Costing subgraph: 
qwen36.c:815:13: note: node 0x3b0f1f98 (max_nunits=4, refcnt=1) vector(4) long unsigned int
qwen36.c:815:13: note: op template: .omp_data_o.590.y = y_11(D);
qwen36.c:815:13: note: 	stmt 0 .omp_data_o.590.y = y_11(D);
qwen36.c:815:13: note: 	stmt 1 .omp_data_o.590.x = x_12(D);
qwen36.c:815:13: note: 	stmt 2 .omp_data_o.590.q = _18;
qwen36.c:815:13: note: 	stmt 3 .omp_data_o.590.scale = _40;
qwen36.c:815:13: note: 	children 0x3b0f2018
qwen36.c:815:13: note: node (external) 0x3b0f2018 (max_nunits=1, refcnt=1) vector(4) long unsigned int
qwen36.c:815:13: note: 	{ y_11(D), x_12(D), _18, _40 }
qwen36.c:815:13: note: Cost model analysis: 
qwen36.c:815:13: note: Cost model analysis for part in loop 0:
  Vector cost: 36
  Scalar cost: 48
qwen36.c:815:13: note: Basic block will be vectorized using SLP
qwen36.c:815:13: note: Vectorizing SLP tree:
qwen36.c:815:13: note: node 0x3b0f1d98 (max_nunits=2, refcnt=1) vector(2) long unsigned int
qwen36.c:815:13: note: op template: .omp_data_o.535.y = y_11(D);
qwen36.c:815:13: note: 	stmt 0 .omp_data_o.535.y = y_11(D);
qwen36.c:815:13: note: 	stmt 1 .omp_data_o.535.x = x_12(D);
qwen36.c:815:13: note: 	children 0x3b0f1e18
qwen36.c:815:13: note: node (external) 0x3b0f1e18 (max_nunits=1, refcnt=1) vector(2) long unsigned int
qwen36.c:815:13: note: 	{ y_11(D), x_12(D) }
qwen36.c:815:13: note: ------>vectorizing SLP node starting from: .omp_data_o.535.y = y_11(D);
qwen36.c:815:13: note: vect_is_simple_use: operand x_12(D), type of def: external
qwen36.c:815:13: note: transform store. ncopies = 1
qwen36.c:815:13: note: create vector_type-pointer variable to type: vector(2) long unsigned int  vectorizing a pointer ref: .omp_data_o.535.y
qwen36.c:815:13: note: created &.omp_data_o.535
qwen36.c:815:13: note: add new stmt: MEM <vector(2) long unsigned int> [(float * *)&.omp_data_o.535] = _80;
qwen36.c:815:13: note: vectorizing stmts using SLP.
qwen36.c:815:13: optimized: basic block part vectorized using 32 byte vectors
qwen36.c:815:13: note: Vectorizing SLP tree:
qwen36.c:815:13: note: node 0x3b0f1e98 (max_nunits=2, refcnt=1) vector(2) int
qwen36.c:815:13: note: op template: .omp_data_o.590.I = I_5(D);
qwen36.c:815:13: note: 	stmt 0 .omp_data_o.590.I = I_5(D);
qwen36.c:815:13: note: 	stmt 1 .omp_data_o.590.O = O_20(D);
qwen36.c:815:13: note: 	children 0x3b0f1f18
qwen36.c:815:13: note: node (external) 0x3b0f1f18 (max_nunits=1, refcnt=1) vector(2) int
qwen36.c:815:13: note: 	{ I_5(D), O_20(D) }
qwen36.c:815:13: note: ------>vectorizing SLP node starting from: .omp_data_o.590.I = I_5(D);
qwen36.c:815:13: note: vect_is_simple_use: operand O_20(D), type of def: external
qwen36.c:815:13: note: transform store. ncopies = 1
qwen36.c:815:13: note: create vector_type-pointer variable to type: vector(2) int  vectorizing a pointer ref: .omp_data_o.590.I
qwen36.c:815:13: note: created &.omp_data_o.590.I
qwen36.c:815:13: note: add new stmt: MEM <vector(2) int> [(int *)&.omp_data_o.590 + 32B] = _82;
qwen36.c:815:13: note: vectorizing stmts using SLP.
qwen36.c:815:13: optimized: basic block part vectorized using 32 byte vectors
qwen36.c:815:13: note: Vectorizing SLP tree:
qwen36.c:815:13: note: node 0x3b0f1f98 (max_nunits=4, refcnt=1) vector(4) long unsigned int
qwen36.c:815:13: note: op template: .omp_data_o.590.y = y_11(D);
qwen36.c:815:13: note: 	stmt 0 .omp_data_o.590.y = y_11(D);
qwen36.c:815:13: note: 	stmt 1 .omp_data_o.590.x = x_12(D);
qwen36.c:815:13: note: 	stmt 2 .omp_data_o.590.q = _18;
qwen36.c:815:13: note: 	stmt 3 .omp_data_o.590.scale = _40;
qwen36.c:815:13: note: 	children 0x3b0f2018
qwen36.c:815:13: note: node (external) 0x3b0f2018 (max_nunits=1, refcnt=1) vector(4) long unsigned int
qwen36.c:815:13: note: 	{ y_11(D), x_12(D), _18, _40 }
qwen36.c:815:13: note: ------>vectorizing SLP node starting from: .omp_data_o.590.y = y_11(D);
qwen36.c:815:13: note: vect_is_simple_use: operand x_12(D), type of def: external
qwen36.c:815:13: note: vect_is_simple_use: operand g_qdw[i_81].q, type of def: internal
qwen36.c:815:13: note: vect_is_simple_use: operand g_qdw[i_81].sc, type of def: internal
qwen36.c:815:13: note: conflicting alias set types.
qwen36.c:815:13: note: transform store. ncopies = 1
qwen36.c:815:13: note: create vector_type-pointer variable to type: vector(4) long unsigned int  vectorizing a pointer ref: .omp_data_o.590.y
qwen36.c:815:13: note: created &.omp_data_o.590
qwen36.c:815:13: note: add new stmt: MEM <vector(4) long unsigned int> [(void *)&.omp_data_o.590] = _23;
qwen36.c:815:13: note: vectorizing stmts using SLP.
qwen36.c:815:13: optimized: basic block part vectorized using 32 byte vectors
qwen36.c:815:13: note: ***** The result for vector mode V32QI would be the same
qwen36.c:2434:29: missed: couldn't vectorize loop
qwen36.c:2434:29: missed: not vectorized: control flow in loop.
qwen36.c:2434:29: missed: couldn't vectorize loop
qwen36.c:2434:29: missed: not vectorized: control flow in loop.
qwen36.c:2432:27: missed: couldn't vectorize loop
qwen36.c:2432:27: missed: not vectorized: loop nest containing two or more consecutive inner loops cannot be vectorized
qwen36.c:2432:62: missed: couldn't vectorize loop
qwen36.c:2433:90: missed: not vectorized: complicated access pattern.
qwen36.c:2423:29: missed: couldn't vectorize loop
qwen36.c:2423:29: missed: not vectorized: multiple nested loops.
qwen36.c:2425:31: missed: couldn't vectorize loop
qwen36.c:2425:31: missed: not vectorized: control flow in loop.
qwen36.c:2425:94: missed: couldn't vectorize loop
qwen36.c:2425:94: missed: not vectorized: control flow in loop.
qwen36.c:2420:27: missed: couldn't vectorize loop
qwen36.c:2420:49: missed: statement clobbers memory: _87 = expf (_85);
qwen36.c:2418:53: missed: couldn't vectorize loop
qwen36.c:2397:13: missed: not vectorized: unsupported use in stmt.
qwen36.c:2418:53: note: ***** Analysis failed with vector mode V8SF
qwen36.c:2418:53: note: ***** Skipping vector mode V32QI, which would repeat the analysis for V8SF
qwen36.c:2414:46: optimized: loop vectorized using 32 byte vectors
qwen36.c:2414:46: optimized:  loop versioned for vectorization because of possible aliasing
qwen36.c:2414:46: optimized: loop vectorized using 16 byte vectors
qwen36.c:2415:38: optimized: loop vectorized using 32 byte vectors
qwen36.c:2415:38: optimized:  loop versioned for vectorization because of possible aliasing
qwen36.c:2415:38: optimized: loop vectorized using 16 byte vectors
qwen36.c:2413:48: missed: couldn't vectorize loop
qwen36.c:2413:48: missed: not vectorized: control flow in loop.
qwen36.c:1125:23: optimized: loop vectorized using 32 byte vectors
qwen36.c:1125:23: optimized:  loop versioned for vectorization because of possible aliasing
qwen36.c:1125:23: optimized: loop vectorized using 16 byte vectors
qwen36.c:1123:38: missed: couldn't vectorize loop
qwen36.c:1123:63: missed: not vectorized: no vectype for stmt: _203 = *_250;
 scalar_type: const float
qwen36.c:2397:13: note: vectorized 3 loops in function.
qwen36.c:692:13: missed: statement clobbers memory: _237 = pthread_create (&t, 0B, pilot_worker, 0B);
qwen36.c:696:9: missed: statement clobbers memory: pthread_detach (t.601_238);
qwen36.c:752:46: missed: statement clobbers memory: p_234 = malloc (_233);
qwen36.c:752:46: missed: statement clobbers memory: p_230 = malloc (_229);
qwen36.c:1124:21: missed: statement clobbers memory: _296 = sqrtf (_325);
qwen36.c:2405:5: missed: statement clobbers memory: matmul_d.constprop (p_234, p_230, _26, D_1, E_2);
qwen36.c:2406:5: missed: statement clobbers memory: free (p_230);
qwen36.c:752:46: missed: statement clobbers memory: p_270 = malloc (_233);
qwen36.c:752:46: missed: statement clobbers memory: p_189 = malloc (_233);
qwen36.c:752:46: missed: statement clobbers memory: p_274 = malloc (_233);
qwen36.c:2420:49: missed: statement clobbers memory: _87 = expf (_85);
qwen36.c:2430:9: missed: statement clobbers memory: free (p_179);
qwen36.c:2431:28: missed: statement clobbers memory: free (blended_107);
qwen36.c:2436:37: missed: statement clobbers memory: pthread_mutex_lock (&g_pilot_mx);
qwen36.c:2439:13: missed: statement clobbers memory: pthread_mutex_unlock (&g_pilot_mx);
qwen36.c:2447:17: missed: statement clobbers memory: pthread_mutex_lock (&g_pilot_mx);
qwen36.c:2449:17: missed: statement clobbers memory: pthread_mutex_unlock (&g_pilot_mx);
qwen36.c:2449:17: missed: statement clobbers memory: pthread_mutex_unlock (&g_pilot_mx);
qwen36.c:2451:35: missed: statement clobbers memory: w2_158 = __atomic_load_4 (&pilot_w, 0);
qwen36.c:2452:35: missed: statement clobbers memory: r2_159 = __atomic_load_4 (&pilot_r, 2);
qwen36.c:2454:28: missed: statement clobbers memory: pthread_mutex_lock (&g_pilot_mx);
qwen36.c:2454:85: missed: statement clobbers memory: pthread_mutex_unlock (&g_pilot_mx);
qwen36.c:2453:101: missed: statement clobbers memory: __atomic_store_4 (&pilot_w, _162, 3);
qwen36.c:2436:37: missed: statement clobbers memory: pthread_mutex_lock (&g_pilot_mx);
qwen36.c:2439:13: missed: statement clobbers memory: pthread_mutex_unlock (&g_pilot_mx);
qwen36.c:2441:37: missed: statement clobbers memory: _371 = qt_ready ();
qwen36.c:2443:29: missed: statement clobbers memory: qt_note (lnext_8(D), eid_395, _366, _361, _362, _363, _364, _365);
qwen36.c:2439:13: missed: statement clobbers memory: pthread_mutex_unlock (&g_pilot_mx);
qwen36.c:2447:17: missed: statement clobbers memory: pthread_mutex_lock (&g_pilot_mx);
qwen36.c:2449:17: missed: statement clobbers memory: pthread_mutex_unlock (&g_pilot_mx);
qwen36.c:2449:17: missed: statement clobbers memory: pthread_mutex_unlock (&g_pilot_mx);
qwen36.c:2451:35: missed: statement clobbers memory: w2_349 = __atomic_load_4 (&pilot_w, 0);
qwen36.c:2452:35: missed: statement clobbers memory: r2_347 = __atomic_load_4 (&pilot_r, 2);
qwen36.c:2454:28: missed: statement clobbers memory: pthread_mutex_lock (&g_pilot_mx);
qwen36.c:2454:85: missed: statement clobbers memory: pthread_mutex_unlock (&g_pilot_mx);
qwen36.c:2453:101: missed: statement clobbers memory: __atomic_store_4 (&pilot_w, _284, 3);
qwen36.c:2459:5: missed: statement clobbers memory: free (p_234);
/usr/include/x86_64-linux-gnu/bits/stdio2.h:79:10: missed: statement clobbers memory: __fprintf_chk (stderr.124_275, 2, "OOM %ld\n", _4);
qwen36.c:752:114: missed: statement clobbers memory: exit (1);
/usr/include/x86_64-linux-gnu/bits/stdio2.h:79:10: missed: statement clobbers memory: __fprintf_chk (stderr.124_271, 2, "OOM %ld\n", _4);
qwen36.c:752:114: missed: statement clobbers memory: exit (1);
/usr/include/x86_64-linux-gnu/bits/stdio2.h:79:10: missed: statement clobbers memory: __fprintf_chk (stderr.124_231, 2, "OOM %ld\n", _12);
qwen36.c:752:114: missed: statement clobbers memory: exit (1);
/usr/include/x86_64-linux-gnu/bits/stdio2.h:79:10: missed: statement clobbers memory: __fprintf_chk (stderr.124_235, 2, "OOM %ld\n", _4);
qwen36.c:752:114: missed: statement clobbers memory: exit (1);
qwen36.c:2397:13: missed: statement clobbers memory: ensure_pilot_worker_started.part.0 ();
qwen36.c:2453:64: note: ***** Analysis succeeded with vector mode V8SI
qwen36.c:2453:64: note: SLPing BB part
qwen36.c:2453:64: note: Costing subgraph: 
qwen36.c:2453:64: note: node 0x3b131cd8 (max_nunits=2, refcnt=1) vector(2) int
qwen36.c:2453:64: note: op template: pilot_q[_161].l = lnext_8(D);
qwen36.c:2453:64: note: 	stmt 0 pilot_q[_161].l = lnext_8(D);
qwen36.c:2453:64: note: 	stmt 1 pilot_q[_161].e = eid_126;
qwen36.c:2453:64: note: 	children 0x3b131d58
qwen36.c:2453:64: note: node (external) 0x3b131d58 (max_nunits=1, refcnt=1) vector(2) int
qwen36.c:2453:64: note: 	{ lnext_8(D), eid_126 }
qwen36.c:2453:64: note: Cost model analysis: 
qwen36.c:2453:64: note: Cost model analysis for part in loop 2:
  Vector cost: 18
  Scalar cost: 24
qwen36.c:2453:64: note: Costing subgraph: 
qwen36.c:2453:64: note: node 0x3b131dd8 (max_nunits=2, refcnt=1) vector(2) int
qwen36.c:2453:64: note: op template: pilot_q[_321].l = lnext_8(D);
qwen36.c:2453:64: note: 	stmt 0 pilot_q[_321].l = lnext_8(D);
qwen36.c:2453:64: note: 	stmt 1 pilot_q[_321].e = eid_395;
qwen36.c:2453:64: note: 	children 0x3b131e58
qwen36.c:2453:64: note: node (external) 0x3b131e58 (max_nunits=1, refcnt=1) vector(2) int
qwen36.c:2453:64: note: 	{ lnext_8(D), eid_395 }
qwen36.c:2453:64: note: Cost model analysis: 
qwen36.c:2453:64: note: Cost model analysis for part in loop 18:
  Vector cost: 18
  Scalar cost: 24
qwen36.c:2453:64: note: Basic block will be vectorized using SLP
qwen36.c:2453:64: note: Vectorizing SLP tree:
qwen36.c:2453:64: note: node 0x3b131cd8 (max_nunits=2, refcnt=1) vector(2) int
qwen36.c:2453:64: note: op template: pilot_q[_161].l = lnext_8(D);
qwen36.c:2453:64: note: 	stmt 0 pilot_q[_161].l = lnext_8(D);
qwen36.c:2453:64: note: 	stmt 1 pilot_q[_161].e = eid_126;
qwen36.c:2453:64: note: 	children 0x3b131d58
qwen36.c:2453:64: note: node (external) 0x3b131d58 (max_nunits=1, refcnt=1) vector(2) int
qwen36.c:2453:64: note: 	{ lnext_8(D), eid_126 }
qwen36.c:2453:64: note: ------>vectorizing SLP node starting from: pilot_q[_161].l = lnext_8(D);
qwen36.c:2453:64: note: vect_is_simple_use: operand idx[kk_263], type of def: internal
qwen36.c:2453:64: note: transform store. ncopies = 1
qwen36.c:2453:64: note: create vector_type-pointer variable to type: vector(2) int  vectorizing a pointer ref: pilot_q[_161].l
qwen36.c:2453:64: note: created vectp.3048_595
qwen36.c:2453:64: note: add new stmt: MEM <vector(2) int> [(int *)vectp.3048_595] = _594;
qwen36.c:2453:64: note: vectorizing stmts using SLP.
qwen36.c:2453:64: optimized: basic block part vectorized using 32 byte vectors
qwen36.c:2453:64: note: Vectorizing SLP tree:
qwen36.c:2453:64: note: node 0x3b131dd8 (max_nunits=2, refcnt=1) vector(2) int
qwen36.c:2453:64: note: op template: pilot_q[_321].l = lnext_8(D);
qwen36.c:2453:64: note: 	stmt 0 pilot_q[_321].l = lnext_8(D);
qwen36.c:2453:64: note: 	stmt 1 pilot_q[_321].e = eid_395;
qwen36.c:2453:64: note: 	children 0x3b131e58
qwen36.c:2453:64: note: node (external) 0x3b131e58 (max_nunits=1, refcnt=1) vector(2) int
qwen36.c:2453:64: note: 	{ lnext_8(D), eid_395 }
qwen36.c:2453:64: note: ------>vectorizing SLP node starting from: pilot_q[_321].l = lnext_8(D);
qwen36.c:2453:64: note: vect_is_simple_use: operand idx[kk_397], type of def: internal
qwen36.c:2453:64: note: transform store. ncopies = 1
qwen36.c:2453:64: note: create vector_type-pointer variable to type: vector(2) int  vectorizing a pointer ref: pilot_q[_321].l
qwen36.c:2453:64: note: created vectp.3050_616
qwen36.c:2453:64: note: add new stmt: MEM <vector(2) int> [(int *)vectp.3050_616] = _582;
qwen36.c:2453:64: note: vectorizing stmts using SLP.
qwen36.c:2453:64: optimized: basic block part vectorized using 32 byte vectors
qwen36.c:2453:64: note: ***** The result for vector mode V32QI would be the same
qwen36.c:1114:31: missed: couldn't vectorize loop
qwen36.c:1099:13: missed: statement clobbers memory: __builtin_GOMP_parallel (matmul_q._omp_fn.0, &.omp_data_o.590, _143, 0);
qwen36.c:1059:18: missed: couldn't vectorize loop
qwen36.c:1059:18: missed: not vectorized: number of iterations cannot be computed.
qwen36.c:864:27: missed: couldn't vectorize loop
qwen36.c:1099:13: missed: statement clobbers memory: __builtin_GOMP_parallel (matmul_q._omp_fn.0, &.omp_data_o.590, _153, 0);
qwen36.c:1103:51: missed: couldn't vectorize loop
qwen36.c:1103:51: missed: not vectorized: control flow in loop.
qwen36.c:1099:13: note: vectorized 0 loops in function.
qwen36.c:1099:13: missed: statement clobbers memory: __builtin_GOMP_parallel (matmul._omp_fn.0, &.omp_data_o.535, 0, 0);
qwen36.c:1011:48: missed: statement clobbers memory: e_45 = getenv ("QWEN_DENSE_BATCH");
qwen36.c:1099:13: missed: statement clobbers memory: __builtin_GOMP_parallel (matmul_q_batch._omp_fn.0, &.omp_data_o.613, _153, 0);
qwen36.c:1099:13: missed: statement clobbers memory: __builtin_GOMP_parallel (matmul_q._omp_fn.0, &.omp_data_o.590, _153, 0);
qwen36.c:1105:44: missed: statement clobbers memory: _5 = qdw_cpuorder_requested (_4);
qwen36.c:1106:16: missed: statement clobbers memory: _7 = p40_qwen_dn_matvec (_6, y_33(D), x_34(D));
/usr/include/x86_64-linux-gnu/bits/stdio2.h:79:10: missed: statement clobbers memory: __builtin_fwrite ("[dn-cpuorder] CUDA failure; permanently falling back to CPU\n", 1, 60, stderr.608_8);
qwen36.c:1060:9: missed: statement clobbers memory: p40_qwen_dn_tensor_free (_71);
qwen36.c:1063:5: missed: statement clobbers memory: p40_qwen_dn_shutdown ();
qwen36.c:1099:13: missed: statement clobbers memory: __builtin_GOMP_parallel (matmul_q._omp_fn.0, &.omp_data_o.590, _143, 0);
qwen36.c:815:13: note: ***** Analysis succeeded with vector mode V8SI
qwen36.c:815:13: note: SLPing BB part
qwen36.c:756:13: note: Costing subgraph: 
qwen36.c:756:13: note: node 0x3b0a1cc8 (max_nunits=2, refcnt=1) vector(2) int
qwen36.c:756:13: note: op template: .omp_data_o.535.S = S_36(D);
qwen36.c:756:13: note: 	stmt 0 .omp_data_o.535.S = S_36(D);
qwen36.c:756:13: note: 	stmt 1 .omp_data_o.535.I = I_37(D);
qwen36.c:756:13: note: 	children 0x3b0a1d48
qwen36.c:756:13: note: node (external) 0x3b0a1d48 (max_nunits=1, refcnt=1) vector(2) int
qwen36.c:756:13: note: 	{ S_36(D), I_37(D) }
qwen36.c:756:13: note: Cost model analysis: 
qwen36.c:756:13: note: Cost model analysis for part in loop 0:
  Vector cost: 20
  Scalar cost: 24
qwen36.c:756:13: note: Costing subgraph: 
qwen36.c:756:13: note: node 0x3b0a1e48 (max_nunits=2, refcnt=1) vector(2) long unsigned int
qwen36.c:756:13: note: op template: .omp_data_o.535.y = y_33(D);
qwen36.c:756:13: note: 	stmt 0 .omp_data_o.535.y = y_33(D);
qwen36.c:756:13: note: 	stmt 1 .omp_data_o.535.x = x_34(D);
qwen36.c:756:13: note: 	children 0x3b0a1ec8
qwen36.c:756:13: note: node (external) 0x3b0a1ec8 (max_nunits=1, refcnt=1) vector(2) long unsigned int
qwen36.c:756:13: note: 	{ y_33(D), x_34(D) }
qwen36.c:756:13: note: Cost model analysis: 
qwen36.c:756:13: note: Cost model analysis for part in loop 0:
  Vector cost: 20
  Scalar cost: 24
qwen36.c:868:13: note: Costing subgraph: 
qwen36.c:868:13: note: node 0x3b0a1fc8 (max_nunits=2, refcnt=1) vector(2) int
qwen36.c:868:13: note: op template: .omp_data_o.613.S = S_36(D);
qwen36.c:868:13: note: 	stmt 0 .omp_data_o.613.S = S_36(D);
qwen36.c:868:13: note: 	stmt 1 .omp_data_o.613.I = I_37(D);
qwen36.c:868:13: note: 	children 0x3b0a2048
qwen36.c:868:13: note: node (external) 0x3b0a2048 (max_nunits=1, refcnt=1) vector(2) int
qwen36.c:868:13: note: 	{ S_36(D), I_37(D) }
qwen36.c:868:13: note: Cost model analysis: 
qwen36.c:868:13: note: Cost model analysis for part in loop 0:
  Vector cost: 20
  Scalar cost: 24
qwen36.c:868:13: note: Costing subgraph: 
qwen36.c:868:13: note: node 0x3b0a20c8 (max_nunits=4, refcnt=1) vector(4) long unsigned int
qwen36.c:868:13: note: op template: .omp_data_o.613.y = y_33(D);
qwen36.c:868:13: note: 	stmt 0 .omp_data_o.613.y = y_33(D);
qwen36.c:868:13: note: 	stmt 1 .omp_data_o.613.x = x_34(D);
qwen36.c:868:13: note: 	stmt 2 .omp_data_o.613.q = _10;
qwen36.c:868:13: note: 	stmt 3 .omp_data_o.613.scale = _9;
qwen36.c:868:13: note: 	children 0x3b0a2148
qwen36.c:868:13: note: node (external) 0x3b0a2148 (max_nunits=1, refcnt=1) vector(4) long unsigned int
qwen36.c:868:13: note: 	{ y_33(D), x_34(D), _10, _9 }
qwen36.c:868:13: note: Cost model analysis: 
qwen36.c:868:13: note: Cost model analysis for part in loop 0:
  Vector cost: 36
  Scalar cost: 48
qwen36.c:815:13: note: Costing subgraph: 
qwen36.c:815:13: note: node 0x3b0a21c8 (max_nunits=2, refcnt=1) vector(2) int
qwen36.c:815:13: note: op template: .omp_data_o.590.I = I_37(D);
qwen36.c:815:13: note: 	stmt 0 .omp_data_o.590.I = I_37(D);
qwen36.c:815:13: note: 	stmt 1 .omp_data_o.590.O = O_38(D);
qwen36.c:815:13: note: 	children 0x3b0a2248
qwen36.c:815:13: note: node (external) 0x3b0a2248 (max_nunits=1, refcnt=1) vector(2) int
qwen36.c:815:13: note: 	{ I_37(D), O_38(D) }
qwen36.c:815:13: note: Cost model analysis: 
qwen36.c:815:13: note: Cost model analysis for part in loop 4:
  Vector cost: 20
  Scalar cost: 24
qwen36.c:815:13: note: Costing subgraph: 
qwen36.c:815:13: note: node 0x3b0a22c8 (max_nunits=4, refcnt=1) vector(4) long unsigned int
qwen36.c:815:13: note: op template: .omp_data_o.590.y = _86;
qwen36.c:815:13: note: 	stmt 0 .omp_data_o.590.y = _86;
qwen36.c:815:13: note: 	stmt 1 .omp_data_o.590.x = _81;
qwen36.c:815:13: note: 	stmt 2 .omp_data_o.590.q = _10;
qwen36.c:815:13: note: 	stmt 3 .omp_data_o.590.scale = _9;
qwen36.c:815:13: note: 	children 0x3b0a23c8
qwen36.c:815:13: note: node (external) 0x3b0a23c8 (max_nunits=1, refcnt=1) vector(4) long unsigned int
qwen36.c:815:13: note: 	{ _86, _81, _10, _9 }
qwen36.c:815:13: note: Cost model analysis: 
qwen36.c:815:13: note: Cost model analysis for part in loop 4:
  Vector cost: 36
  Scalar cost: 48
qwen36.c:815:13: note: Costing subgraph: 
qwen36.c:815:13: note: node 0x3b0a2448 (max_nunits=2, refcnt=1) vector(2) int
qwen36.c:815:13: note: op template: .omp_data_o.590.I = I_37(D);
qwen36.c:815:13: note: 	stmt 0 .omp_data_o.590.I = I_37(D);
qwen36.c:815:13: note: 	stmt 1 .omp_data_o.590.O = O_38(D);
qwen36.c:815:13: note: 	children 0x3b0a24c8
qwen36.c:815:13: note: node (external) 0x3b0a24c8 (max_nunits=1, refcnt=1) vector(2) int
qwen36.c:815:13: note: 	{ I_37(D), O_38(D) }
qwen36.c:815:13: note: Cost model analysis: 
qwen36.c:815:13: note: Cost model analysis for part in loop 2:
  Vector cost: 20
  Scalar cost: 24
qwen36.c:815:13: note: Costing subgraph: 
qwen36.c:815:13: note: node 0x3b0a2548 (max_nunits=4, refcnt=1) vector(4) long unsigned int
qwen36.c:815:13: note: op template: .omp_data_o.590.y = _23;
qwen36.c:815:13: note: 	stmt 0 .omp_data_o.590.y = _23;
qwen36.c:815:13: note: 	stmt 1 .omp_data_o.590.x = _18;
qwen36.c:815:13: note: 	stmt 2 .omp_data_o.590.q = _12;
qwen36.c:815:13: note: 	stmt 3 .omp_data_o.590.scale = _11;
qwen36.c:815:13: note: 	children 0x3b0a2648
qwen36.c:815:13: note: node (external) 0x3b0a2648 (max_nunits=1, refcnt=1) vector(4) long unsigned int
qwen36.c:815:13: note: 	{ _23, _18, _12, _11 }
qwen36.c:815:13: note: Cost model analysis: 
qwen36.c:815:13: note: Cost model analysis for part in loop 2:
  Vector cost: 36
  Scalar cost: 48
qwen36.c:815:13: note: Basic block will be vectorized using SLP
qwen36.c:815:13: note: Vectorizing SLP tree:
qwen36.c:815:13: note: node 0x3b0a1cc8 (max_nunits=2, refcnt=1) vector(2) int
qwen36.c:815:13: note: op template: .omp_data_o.535.S = S_36(D);
qwen36.c:815:13: note: 	stmt 0 .omp_data_o.535.S = S_36(D);
qwen36.c:815:13: note: 	stmt 1 .omp_data_o.535.I = I_37(D);
qwen36.c:815:13: note: 	children 0x3b0a1d48
qwen36.c:815:13: note: node (external) 0x3b0a1d48 (max_nunits=1, refcnt=1) vector(2) int
qwen36.c:815:13: note: 	{ S_36(D), I_37(D) }
qwen36.c:815:13: note: ------>vectorizing SLP node starting from: .omp_data_o.535.S = S_36(D);
qwen36.c:815:13: note: vect_is_simple_use: operand I_37(D), type of def: external
qwen36.c:815:13: note: transform store. ncopies = 1
qwen36.c:815:13: note: create vector_type-pointer variable to type: vector(2) int  vectorizing a pointer ref: .omp_data_o.535.S
qwen36.c:815:13: note: created &.omp_data_o.535.S
qwen36.c:815:13: note: add new stmt: MEM <vector(2) int> [(int *)&.omp_data_o.535 + 24B] = _139;
qwen36.c:815:13: note: vectorizing stmts using SLP.
qwen36.c:815:13: optimized: basic block part vectorized using 32 byte vectors
qwen36.c:815:13: note: Vectorizing SLP tree:
qwen36.c:815:13: note: node 0x3b0a1e48 (max_nunits=2, refcnt=1) vector(2) long unsigned int
qwen36.c:815:13: note: op template: .omp_data_o.535.y = y_33(D);
qwen36.c:815:13: note: 	stmt 0 .omp_data_o.535.y = y_33(D);
qwen36.c:815:13: note: 	stmt 1 .omp_data_o.535.x = x_34(D);
qwen36.c:815:13: note: 	children 0x3b0a1ec8
qwen36.c:815:13: note: node (external) 0x3b0a1ec8 (max_nunits=1, refcnt=1) vector(2) long unsigned int
qwen36.c:815:13: note: 	{ y_33(D), x_34(D) }
qwen36.c:815:13: note: ------>vectorizing SLP node starting from: .omp_data_o.535.y = y_33(D);
qwen36.c:815:13: note: vect_is_simple_use: operand x_34(D), type of def: external
qwen36.c:815:13: note: transform store. ncopies = 1
qwen36.c:815:13: note: create vector_type-pointer variable to type: vector(2) long unsigned int  vectorizing a pointer ref: .omp_data_o.535.y
qwen36.c:815:13: note: created &.omp_data_o.535
qwen36.c:815:13: note: add new stmt: MEM <vector(2) long unsigned int> [(float * *)&.omp_data_o.535] = _135;
qwen36.c:815:13: note: vectorizing stmts using SLP.
qwen36.c:815:13: optimized: basic block part vectorized using 32 byte vectors
qwen36.c:815:13: note: Vectorizing SLP tree:
qwen36.c:815:13: note: node 0x3b0a1fc8 (max_nunits=2, refcnt=1) vector(2) int
qwen36.c:815:13: note: op template: .omp_data_o.613.S = S_36(D);
qwen36.c:815:13: note: 	stmt 0 .omp_data_o.613.S = S_36(D);
qwen36.c:815:13: note: 	stmt 1 .omp_data_o.613.I = I_37(D);
qwen36.c:815:13: note: 	children 0x3b0a2048
qwen36.c:815:13: note: node (external) 0x3b0a2048 (max_nunits=1, refcnt=1) vector(2) int
qwen36.c:815:13: note: 	{ S_36(D), I_37(D) }
qwen36.c:815:13: note: ------>vectorizing SLP node starting from: .omp_data_o.613.S = S_36(D);
qwen36.c:815:13: note: vect_is_simple_use: operand I_37(D), type of def: external
qwen36.c:815:13: note: transform store. ncopies = 1
qwen36.c:815:13: note: create vector_type-pointer variable to type: vector(2) int  vectorizing a pointer ref: .omp_data_o.613.S
qwen36.c:815:13: note: created &.omp_data_o.613.S
qwen36.c:815:13: note: add new stmt: MEM <vector(2) int> [(int *)&.omp_data_o.613 + 32B] = _133;
qwen36.c:815:13: note: vectorizing stmts using SLP.
qwen36.c:815:13: optimized: basic block part vectorized using 32 byte vectors
qwen36.c:815:13: note: Vectorizing SLP tree:
qwen36.c:815:13: note: node 0x3b0a20c8 (max_nunits=4, refcnt=1) vector(4) long unsigned int
qwen36.c:815:13: note: op template: .omp_data_o.613.y = y_33(D);
qwen36.c:815:13: note: 	stmt 0 .omp_data_o.613.y = y_33(D);
qwen36.c:815:13: note: 	stmt 1 .omp_data_o.613.x = x_34(D);
qwen36.c:815:13: note: 	stmt 2 .omp_data_o.613.q = _10;
qwen36.c:815:13: note: 	stmt 3 .omp_data_o.613.scale = _9;
qwen36.c:815:13: note: 	children 0x3b0a2148
qwen36.c:815:13: note: node (external) 0x3b0a2148 (max_nunits=1, refcnt=1) vector(4) long unsigned int
qwen36.c:815:13: note: 	{ y_33(D), x_34(D), _10, _9 }
qwen36.c:815:13: note: ------>vectorizing SLP node starting from: .omp_data_o.613.y = y_33(D);
qwen36.c:815:13: note: vect_is_simple_use: operand x_34(D), type of def: external
qwen36.c:815:13: note: vect_is_simple_use: operand g_qdw[i_126].q, type of def: internal
qwen36.c:815:13: note: vect_is_simple_use: operand g_qdw[i_126].sc, type of def: internal
qwen36.c:815:13: note: conflicting alias set types.
qwen36.c:815:13: note: transform store. ncopies = 1
qwen36.c:815:13: note: create vector_type-pointer variable to type: vector(4) long unsigned int  vectorizing a pointer ref: .omp_data_o.613.y
qwen36.c:815:13: note: created &.omp_data_o.613
qwen36.c:815:13: note: add new stmt: MEM <vector(4) long unsigned int> [(void *)&.omp_data_o.613] = _92;
qwen36.c:815:13: note: vectorizing stmts using SLP.
qwen36.c:815:13: optimized: basic block part vectorized using 32 byte vectors
qwen36.c:815:13: note: Vectorizing SLP tree:
qwen36.c:815:13: note: node 0x3b0a21c8 (max_nunits=2, refcnt=1) vector(2) int
qwen36.c:815:13: note: op template: .omp_data_o.590.I = I_37(D);
qwen36.c:815:13: note: 	stmt 0 .omp_data_o.590.I = I_37(D);
qwen36.c:815:13: note: 	stmt 1 .omp_data_o.590.O = O_38(D);
qwen36.c:815:13: note: 	children 0x3b0a2248
qwen36.c:815:13: note: node (external) 0x3b0a2248 (max_nunits=1, refcnt=1) vector(2) int
qwen36.c:815:13: note: 	{ I_37(D), O_38(D) }
qwen36.c:815:13: note: ------>vectorizing SLP node starting from: .omp_data_o.590.I = I_37(D);
qwen36.c:815:13: note: vect_is_simple_use: operand O_38(D), type of def: external
qwen36.c:815:13: note: transform store. ncopies = 1
qwen36.c:815:13: note: create vector_type-pointer variable to type: vector(2) int  vectorizing a pointer ref: .omp_data_o.590.I
qwen36.c:815:13: note: created &.omp_data_o.590.I
qwen36.c:815:13: note: add new stmt: MEM <vector(2) int> [(int *)&.omp_data_o.590 + 32B] = _70;
qwen36.c:815:13: note: vectorizing stmts using SLP.
qwen36.c:815:13: optimized: basic block part vectorized using 32 byte vectors
qwen36.c:815:13: note: Vectorizing SLP tree:
qwen36.c:815:13: note: node 0x3b0a22c8 (max_nunits=4, refcnt=1) vector(4) long unsigned int
qwen36.c:815:13: note: op template: .omp_data_o.590.y = _86;
qwen36.c:815:13: note: 	stmt 0 .omp_data_o.590.y = _86;
qwen36.c:815:13: note: 	stmt 1 .omp_data_o.590.x = _81;
qwen36.c:815:13: note: 	stmt 2 .omp_data_o.590.q = _10;
qwen36.c:815:13: note: 	stmt 3 .omp_data_o.590.scale = _9;
qwen36.c:815:13: note: 	children 0x3b0a23c8
qwen36.c:815:13: note: node (external) 0x3b0a23c8 (max_nunits=1, refcnt=1) vector(4) long unsigned int
qwen36.c:815:13: note: 	{ _86, _81, _10, _9 }
qwen36.c:815:13: note: ------>vectorizing SLP node starting from: .omp_data_o.590.y = _86;
qwen36.c:815:13: note: vect_is_simple_use: operand x_34(D) + _80, type of def: internal
qwen36.c:815:13: note: vect_is_simple_use: operand g_qdw[i_126].q, type of def: internal
qwen36.c:815:13: note: vect_is_simple_use: operand g_qdw[i_126].sc, type of def: internal
qwen36.c:815:13: note: conflicting alias set types.
qwen36.c:815:13: note: transform store. ncopies = 1
qwen36.c:815:13: note: create vector_type-pointer variable to type: vector(4) long unsigned int  vectorizing a pointer ref: .omp_data_o.590.y
qwen36.c:815:13: note: created &.omp_data_o.590
qwen36.c:815:13: note: add new stmt: MEM <vector(4) long unsigned int> [(void *)&.omp_data_o.590] = _26;
qwen36.c:815:13: note: vectorizing stmts using SLP.
qwen36.c:815:13: optimized: basic block part vectorized using 32 byte vectors
qwen36.c:815:13: note: Vectorizing SLP tree:
qwen36.c:815:13: note: node 0x3b0a2448 (max_nunits=2, refcnt=1) vector(2) int
qwen36.c:815:13: note: op template: .omp_data_o.590.I = I_37(D);
qwen36.c:815:13: note: 	stmt 0 .omp_data_o.590.I = I_37(D);
qwen36.c:815:13: note: 	stmt 1 .omp_data_o.590.O = O_38(D);
qwen36.c:815:13: note: 	children 0x3b0a24c8
qwen36.c:815:13: note: node (external) 0x3b0a24c8 (max_nunits=1, refcnt=1) vector(2) int
qwen36.c:815:13: note: 	{ I_37(D), O_38(D) }
qwen36.c:815:13: note: ------>vectorizing SLP node starting from: .omp_data_o.590.I = I_37(D);
qwen36.c:815:13: note: vect_is_simple_use: operand O_38(D), type of def: external
qwen36.c:815:13: note: transform store. ncopies = 1
qwen36.c:815:13: note: create vector_type-pointer variable to type: vector(2) int  vectorizing a pointer ref: .omp_data_o.590.I
qwen36.c:815:13: note: created &.omp_data_o.590.I
qwen36.c:815:13: note: add new stmt: MEM <vector(2) int> [(int *)&.omp_data_o.590 + 32B] = _3;
qwen36.c:815:13: note: vectorizing stmts using SLP.
qwen36.c:815:13: optimized: basic block part vectorized using 32 byte vectors
qwen36.c:815:13: note: Vectorizing SLP tree:
qwen36.c:815:13: note: node 0x3b0a2548 (max_nunits=4, refcnt=1) vector(4) long unsigned int
qwen36.c:815:13: note: op template: .omp_data_o.590.y = _23;
qwen36.c:815:13: note: 	stmt 0 .omp_data_o.590.y = _23;
qwen36.c:815:13: note: 	stmt 1 .omp_data_o.590.x = _18;
qwen36.c:815:13: note: 	stmt 2 .omp_data_o.590.q = _12;
qwen36.c:815:13: note: 	stmt 3 .omp_data_o.590.scale = _11;
qwen36.c:815:13: note: 	children 0x3b0a2648
qwen36.c:815:13: note: node (external) 0x3b0a2648 (max_nunits=1, refcnt=1) vector(4) long unsigned int
qwen36.c:815:13: note: 	{ _23, _18, _12, _11 }
qwen36.c:815:13: note: ------>vectorizing SLP node starting from: .omp_data_o.590.y = _23;
qwen36.c:815:13: note: vect_is_simple_use: operand x_34(D) + _17, type of def: internal
qwen36.c:815:13: note: vect_is_simple_use: operand g_qdw[i_126].q, type of def: internal
qwen36.c:815:13: note: vect_is_simple_use: operand g_qdw[i_126].sc, type of def: internal
qwen36.c:815:13: note: conflicting alias set types.
qwen36.c:815:13: note: transform store. ncopies = 1
qwen36.c:815:13: note: create vector_type-pointer variable to type: vector(4) long unsigned int  vectorizing a pointer ref: .omp_data_o.590.y
qwen36.c:815:13: note: created &.omp_data_o.590
qwen36.c:815:13: note: add new stmt: MEM <vector(4) long unsigned int> [(void *)&.omp_data_o.590] = _82;
qwen36.c:815:13: note: vectorizing stmts using SLP.
qwen36.c:815:13: optimized: basic block part vectorized using 32 byte vectors
qwen36.c:815:13: note: ***** The result for vector mode V32QI would be the same
qwen36.c:2408:30: missed: couldn't vectorize loop
qwen36.c:2408:30: missed: not vectorized: loop nest containing two or more consecutive inner loops cannot be vectorized
qwen36.c:2434:29: missed: couldn't vectorize loop
qwen36.c:2434:29: missed: not vectorized: control flow in loop.
qwen36.c:2434:29: missed: couldn't vectorize loop
qwen36.c:2434:29: missed: not vectorized: control flow in loop.
qwen36.c:2432:27: missed: couldn't vectorize loop
qwen36.c:2432:27: missed: not vectorized: loop nest containing two or more consecutive inner loops cannot be vectorized
qwen36.c:2432:62: missed: couldn't vectorize loop
qwen36.c:2433:90: missed: not vectorized: complicated access pattern.
qwen36.c:2423:29: missed: couldn't vectorize loop
qwen36.c:2423:29: missed: not vectorized: multiple nested loops.
qwen36.c:2425:31: missed: couldn't vectorize loop
qwen36.c:2425:31: missed: not vectorized: control flow in loop.
qwen36.c:2425:94: missed: couldn't vectorize loop
qwen36.c:2425:94: missed: not vectorized: control flow in loop.
qwen36.c:2420:27: missed: couldn't vectorize loop
qwen36.c:2420:49: missed: statement clobbers memory: _88 = expf (_86);
qwen36.c:2418:53: missed: couldn't vectorize loop
qwen36.c:2397:13: missed: not vectorized: unsupported use in stmt.
qwen36.c:2418:53: note: ***** Analysis failed with vector mode V8SF
qwen36.c:2418:53: note: ***** Skipping vector mode V32QI, which would repeat the analysis for V8SF
qwen36.c:2414:46: optimized: loop vectorized using 32 byte vectors
qwen36.c:2414:46: optimized:  loop versioned for vectorization because of possible aliasing
qwen36.c:2414:46: optimized: loop vectorized using 16 byte vectors
qwen36.c:2415:38: optimized: loop vectorized using 32 byte vectors
qwen36.c:2415:38: optimized:  loop versioned for vectorization because of possible aliasing
qwen36.c:2415:38: optimized: loop vectorized using 16 byte vectors
qwen36.c:2413:48: missed: couldn't vectorize loop
qwen36.c:2413:48: missed: not vectorized: control flow in loop.
qwen36.c:2404:23: missed: couldn't vectorize loop
qwen36.c:2404:23: missed: not vectorized: loop nest containing two or more consecutive inner loops cannot be vectorized
qwen36.c:1125:23: optimized: loop vectorized using 32 byte vectors
qwen36.c:1125:23: optimized:  loop versioned for vectorization because of possible aliasing
qwen36.c:1125:23: optimized: loop vectorized using 16 byte vectors
qwen36.c:1123:38: missed: couldn't vectorize loop
qwen36.c:1123:63: missed: not vectorized: no vectype for stmt: _244 = *_243;
 scalar_type: const float
qwen36.c:2397:13: note: vectorized 3 loops in function.
qwen36.c:692:13: missed: statement clobbers memory: _238 = pthread_create (&t, 0B, pilot_worker, 0B);
qwen36.c:696:9: missed: statement clobbers memory: pthread_detach (t.601_239);
qwen36.c:752:46: missed: statement clobbers memory: p_235 = malloc (_234);
qwen36.c:752:46: missed: statement clobbers memory: p_231 = malloc (_230);
qwen36.c:2405:5: missed: statement clobbers memory: matmul_d (p_235, p_231, _71, S_3(D), D_1, E_2);
qwen36.c:2406:5: missed: statement clobbers memory: free (p_231);
qwen36.c:1124:21: missed: statement clobbers memory: _321 = sqrtf (_254);
qwen36.c:2405:5: missed: statement clobbers memory: matmul_d (p_235, p_231, _27, S_3(D), D_1, E_2);
qwen36.c:2406:5: missed: statement clobbers memory: free (p_231);
qwen36.c:752:46: missed: statement clobbers memory: p_271 = malloc (_270);
qwen36.c:752:46: missed: statement clobbers memory: p_190 = malloc (_270);
qwen36.c:752:46: missed: statement clobbers memory: p_275 = malloc (_270);
qwen36.c:2420:49: missed: statement clobbers memory: _88 = expf (_86);
qwen36.c:2430:9: missed: statement clobbers memory: free (p_180);
qwen36.c:2431:28: missed: statement clobbers memory: free (blended_108);
qwen36.c:2436:37: missed: statement clobbers memory: pthread_mutex_lock (&g_pilot_mx);
qwen36.c:2439:13: missed: statement clobbers memory: pthread_mutex_unlock (&g_pilot_mx);
qwen36.c:2447:17: missed: statement clobbers memory: pthread_mutex_lock (&g_pilot_mx);
qwen36.c:2449:17: missed: statement clobbers memory: pthread_mutex_unlock (&g_pilot_mx);
qwen36.c:2449:17: missed: statement clobbers memory: pthread_mutex_unlock (&g_pilot_mx);
qwen36.c:2451:35: missed: statement clobbers memory: w2_159 = __atomic_load_4 (&pilot_w, 0);
qwen36.c:2452:35: missed: statement clobbers memory: r2_160 = __atomic_load_4 (&pilot_r, 2);
qwen36.c:2454:28: missed: statement clobbers memory: pthread_mutex_lock (&g_pilot_mx);
qwen36.c:2454:85: missed: statement clobbers memory: pthread_mutex_unlock (&g_pilot_mx);
qwen36.c:2453:101: missed: statement clobbers memory: __atomic_store_4 (&pilot_w, _163, 3);
qwen36.c:2436:37: missed: statement clobbers memory: pthread_mutex_lock (&g_pilot_mx);
qwen36.c:2439:13: missed: statement clobbers memory: pthread_mutex_unlock (&g_pilot_mx);
qwen36.c:2441:37: missed: statement clobbers memory: _439 = qt_ready ();
qwen36.c:2443:29: missed: statement clobbers memory: qt_note (lnext_9(D), eid_463, _434, _429, _430, _431, _432, _433);
qwen36.c:2439:13: missed: statement clobbers memory: pthread_mutex_unlock (&g_pilot_mx);
qwen36.c:2447:17: missed: statement clobbers memory: pthread_mutex_lock (&g_pilot_mx);
qwen36.c:2449:17: missed: statement clobbers memory: pthread_mutex_unlock (&g_pilot_mx);
qwen36.c:2449:17: missed: statement clobbers memory: pthread_mutex_unlock (&g_pilot_mx);
qwen36.c:2451:35: missed: statement clobbers memory: w2_412 = __atomic_load_4 (&pilot_w, 0);
qwen36.c:2452:35: missed: statement clobbers memory: r2_410 = __atomic_load_4 (&pilot_r, 2);
qwen36.c:2454:28: missed: statement clobbers memory: pthread_mutex_lock (&g_pilot_mx);
qwen36.c:2454:85: missed: statement clobbers memory: pthread_mutex_unlock (&g_pilot_mx);
qwen36.c:2453:101: missed: statement clobbers memory: __atomic_store_4 (&pilot_w, _400, 3);
qwen36.c:2459:5: missed: statement clobbers memory: free (p_235);
/usr/include/x86_64-linux-gnu/bits/stdio2.h:79:10: missed: statement clobbers memory: __fprintf_chk (stderr.124_276, 2, "OOM %ld\n", _5);
qwen36.c:752:114: missed: statement clobbers memory: exit (1);
/usr/include/x86_64-linux-gnu/bits/stdio2.h:79:10: missed: statement clobbers memory: __fprintf_chk (stderr.124_272, 2, "OOM %ld\n", _5);
qwen36.c:752:114: missed: statement clobbers memory: exit (1);
/usr/include/x86_64-linux-gnu/bits/stdio2.h:79:10: missed: statement clobbers memory: __fprintf_chk (stderr.124_232, 2, "OOM %ld\n", _14);
qwen36.c:752:114: missed: statement clobbers memory: exit (1);
/usr/include/x86_64-linux-gnu/bits/stdio2.h:79:10: missed: statement clobbers memory: __fprintf_chk (stderr.124_236, 2, "OOM %ld\n", _6);
qwen36.c:752:114: missed: statement clobbers memory: exit (1);
qwen36.c:2397:13: missed: statement clobbers memory: ensure_pilot_worker_started.part.0 ();
qwen36.c:2453:64: note: ***** Analysis succeeded with vector mode V8SI
qwen36.c:2453:64: note: SLPing BB part
qwen36.c:2453:64: note: Costing subgraph: 
qwen36.c:2453:64: note: node 0x3b176588 (max_nunits=2, refcnt=1) vector(2) int
qwen36.c:2453:64: note: op template: pilot_q[_162].l = lnext_9(D);
qwen36.c:2453:64: note: 	stmt 0 pilot_q[_162].l = lnext_9(D);
qwen36.c:2453:64: note: 	stmt 1 pilot_q[_162].e = eid_127;
qwen36.c:2453:64: note: 	children 0x3b176608
qwen36.c:2453:64: note: node (external) 0x3b176608 (max_nunits=1, refcnt=1) vector(2) int
qwen36.c:2453:64: note: 	{ lnext_9(D), eid_127 }
qwen36.c:2453:64: note: Cost model analysis: 
qwen36.c:2453:64: note: Cost model analysis for part in loop 2:
  Vector cost: 18
  Scalar cost: 24
qwen36.c:2453:64: note: Costing subgraph: 
qwen36.c:2453:64: note: node 0x3b176688 (max_nunits=2, refcnt=1) vector(2) int
qwen36.c:2453:64: note: op template: pilot_q[_403].l = lnext_9(D);
qwen36.c:2453:64: note: 	stmt 0 pilot_q[_403].l = lnext_9(D);
qwen36.c:2453:64: note: 	stmt 1 pilot_q[_403].e = eid_463;
qwen36.c:2453:64: note: 	children 0x3b176708
qwen36.c:2453:64: note: node (external) 0x3b176708 (max_nunits=1, refcnt=1) vector(2) int
qwen36.c:2453:64: note: 	{ lnext_9(D), eid_463 }
qwen36.c:2453:64: note: Cost model analysis: 
qwen36.c:2453:64: note: Cost model analysis for part in loop 16:
  Vector cost: 18
  Scalar cost: 24
qwen36.c:2453:64: note: Basic block will be vectorized using SLP
qwen36.c:2453:64: note: Vectorizing SLP tree:
qwen36.c:2453:64: note: node 0x3b176588 (max_nunits=2, refcnt=1) vector(2) int
qwen36.c:2453:64: note: op template: pilot_q[_162].l = lnext_9(D);
qwen36.c:2453:64: note: 	stmt 0 pilot_q[_162].l = lnext_9(D);
qwen36.c:2453:64: note: 	stmt 1 pilot_q[_162].e = eid_127;
qwen36.c:2453:64: note: 	children 0x3b176608
qwen36.c:2453:64: note: node (external) 0x3b176608 (max_nunits=1, refcnt=1) vector(2) int
qwen36.c:2453:64: note: 	{ lnext_9(D), eid_127 }
qwen36.c:2453:64: note: ------>vectorizing SLP node starting from: pilot_q[_162].l = lnext_9(D);
qwen36.c:2453:64: note: vect_is_simple_use: operand idx[kk_344], type of def: internal
qwen36.c:2453:64: note: transform store. ncopies = 1
qwen36.c:2453:64: note: create vector_type-pointer variable to type: vector(2) int  vectorizing a pointer ref: pilot_q[_162].l
qwen36.c:2453:64: note: created vectp.3345_708
qwen36.c:2453:64: note: add new stmt: MEM <vector(2) int> [(int *)vectp.3345_708] = _698;
qwen36.c:2453:64: note: vectorizing stmts using SLP.
qwen36.c:2453:64: optimized: basic block part vectorized using 32 byte vectors
qwen36.c:2453:64: note: Vectorizing SLP tree:
qwen36.c:2453:64: note: node 0x3b176688 (max_nunits=2, refcnt=1) vector(2) int
qwen36.c:2453:64: note: op template: pilot_q[_403].l = lnext_9(D);
qwen36.c:2453:64: note: 	stmt 0 pilot_q[_403].l = lnext_9(D);
qwen36.c:2453:64: note: 	stmt 1 pilot_q[_403].e = eid_463;
qwen36.c:2453:64: note: 	children 0x3b176708
qwen36.c:2453:64: note: node (external) 0x3b176708 (max_nunits=1, refcnt=1) vector(2) int
qwen36.c:2453:64: note: 	{ lnext_9(D), eid_463 }
qwen36.c:2453:64: note: ------>vectorizing SLP node starting from: pilot_q[_403].l = lnext_9(D);
qwen36.c:2453:64: note: vect_is_simple_use: operand idx[kk_465], type of def: internal
qwen36.c:2453:64: note: transform store. ncopies = 1
qwen36.c:2453:64: note: create vector_type-pointer variable to type: vector(2) int  vectorizing a pointer ref: pilot_q[_403].l
qwen36.c:2453:64: note: created vectp.3347_721
qwen36.c:2453:64: note: add new stmt: MEM <vector(2) int> [(int *)vectp.3347_721] = _712;
qwen36.c:2453:64: note: vectorizing stmts using SLP.
qwen36.c:2453:64: optimized: basic block part vectorized using 32 byte vectors
qwen36.c:2453:64: note: ***** The result for vector mode V32QI would be the same
qwen36.c:1923:23: missed: couldn't vectorize loop
qwen36.c:1923:23: missed: not vectorized: loop nest containing two or more consecutive inner loops cannot be vectorized
qwen36.c:1932:26: optimized: loop vectorized using 32 byte vectors
qwen36.c:1932:26: optimized:  loop versioned for vectorization because of possible aliasing
qwen36.c:1932:26: optimized: loop vectorized using 16 byte vectors
qwen36.c:1930:54: optimized: loop vectorized using 32 byte vectors
qwen36.c:1930:54: optimized: loop vectorized using 16 byte vectors
qwen36.c:1927:26: missed: couldn't vectorize loop
qwen36.c:1927:62: missed: statement clobbers memory: _26 = expf (_25);
qwen36.c:1937:28: missed: couldn't vectorize loop
qwen36.c:1937:28: missed: not vectorized: loop nest containing two or more consecutive inner loops cannot be vectorized
qwen36.c:1943:26: missed: couldn't vectorize loop
qwen36.c:1943:26: missed: not vectorized: loop nest containing two or more consecutive inner loops cannot be vectorized
qwen36.c:1948:30: optimized: loop vectorized using 32 byte vectors
qwen36.c:1948:30: optimized: loop vectorized using 16 byte vectors
qwen36.c:1946:58: optimized: loop vectorized using 32 byte vectors
qwen36.c:1946:58: optimized: loop vectorized using 16 byte vectors
qwen36.c:1941:30: missed: couldn't vectorize loop
qwen36.c:1941:82: missed: statement clobbers memory: _93 = expf (_92);
qwen36.c:1917:13: note: vectorized 4 loops in function.
qwen36.c:1904:23: missed: statement clobbers memory: env_198 = getenv ("QWEN_SHARED_BATCH");
/usr/include/stdlib.h:483:16: missed: statement clobbers memory: _199 = strtol (env_198, 0B, 10);
qwen36.c:713:55: missed: statement clobbers memory: e_194 = getenv ("COLI_TIMERS");
qwen36.c:712:49: missed: statement clobbers memory: clock_gettime (1, &ts);
qwen36.c:752:46: missed: statement clobbers memory: p_226 = malloc (_225);
qwen36.c:752:46: missed: statement clobbers memory: p_222 = malloc (_221);
qwen36.c:1939:13: missed: statement clobbers memory: matmul_d (p_226, _85, _80, rows_79, D_1, I_2);
qwen36.c:1940:13: missed: statement clobbers memory: matmul_d (bu_73, _85, _86, rows_79, D_1, I_2);
qwen36.c:1941:82: missed: statement clobbers memory: _93 = expf (_92);
qwen36.c:1942:13: missed: statement clobbers memory: matmul_d (p_222, p_226, _102, rows_79, I_2, D_1);
qwen36.c:1946:104: missed: statement clobbers memory: _125 = expf (prephitmp_404);
qwen36.c:1951:9: missed: statement clobbers memory: free (p_226);
qwen36.c:1951:18: missed: statement clobbers memory: free (p_222);
/usr/include/x86_64-linux-gnu/bits/stdio2.h:79:10: missed: statement clobbers memory: __fprintf_chk (stderr.124_223, 2, "OOM %ld\n", _75);
qwen36.c:752:114: missed: statement clobbers memory: exit (1);
/usr/include/x86_64-linux-gnu/bits/stdio2.h:79:10: missed: statement clobbers memory: __fprintf_chk (stderr.124_227, 2, "OOM %ld\n", _69);
qwen36.c:752:114: missed: statement clobbers memory: exit (1);
qwen36.c:1925:13: missed: statement clobbers memory: matmul_d.constprop (g_17(D), xs_14, _16, D_1, I_2);
qwen36.c:1926:13: missed: statement clobbers memory: matmul_d.constprop (u_19(D), xs_14, _18, D_1, I_2);
qwen36.c:1927:62: missed: statement clobbers memory: _26 = expf (_25);
qwen36.c:1928:13: missed: statement clobbers memory: matmul_d.constprop (hh_34(D), g_17(D), _33, I_2, D_1);
qwen36.c:1930:100: missed: statement clobbers memory: _49 = expf (_48);
qwen36.c:713:55: missed: statement clobbers memory: e_229 = getenv ("COLI_TIMERS");
qwen36.c:712:49: missed: statement clobbers memory: clock_gettime (1, &ts);
qwen36.c:1917:13: note: ***** Analysis failed with vector mode V8SI
qwen36.c:1917:13: note: ***** The result for vector mode V32QI would be the same
qwen36.c:1917:13: note: ***** Re-trying analysis with vector mode V16QI
qwen36.c:1917:13: note: ***** Analysis failed with vector mode V16QI
qwen36.c:1917:13: note: ***** Re-trying analysis with vector mode V8QI
qwen36.c:1917:13: note: ***** Analysis failed with vector mode V8QI
qwen36.c:1917:13: note: ***** Re-trying analysis with vector mode V4QI
qwen36.c:1917:13: note: ***** Analysis failed with vector mode V4QI
qwen36.c:1973:30: missed: couldn't vectorize loop
qwen36.c:1973:30: missed: not vectorized: loop nest containing two or more consecutive inner loops cannot be vectorized
qwen36.c:2060:35: optimized: loop vectorized using 32 byte vectors
qwen36.c:2060:35: optimized: loop vectorized using 16 byte vectors
qwen36.c:2056:39: optimized: loop vectorized using 32 byte vectors
qwen36.c:2056:39: optimized: loop vectorized using 16 byte vectors
qwen36.c:2051:35: missed: couldn't vectorize loop
qwen36.c:2051:88: missed: statement clobbers memory: _253 = expf (_252);
qwen36.c:2033:33: missed: couldn't vectorize loop
qwen36.c:2033:33: missed: not vectorized: loop nest containing two or more consecutive inner loops cannot be vectorized
qwen36.c:2042:35: optimized: loop vectorized using 32 byte vectors
qwen36.c:2042:35: optimized: loop vectorized using 16 byte vectors
qwen36.c:2039:35: missed: couldn't vectorize loop
qwen36.c:2039:84: missed: statement clobbers memory: _220 = expf (_219);
qwen36.c:2026:33: missed: couldn't vectorize loop
qwen36.c:2026:33: missed: not vectorized: control flow in loop.
qwen36.c:2070:33: missed: couldn't vectorize loop
qwen36.c:2070:33: missed: not vectorized: loop nest containing two or more consecutive inner loops cannot be vectorized
qwen36.c:2079:35: optimized: loop vectorized using 32 byte vectors
qwen36.c:2079:35: optimized: loop vectorized using 16 byte vectors
qwen36.c:2075:35: missed: couldn't vectorize loop
qwen36.c:2075:84: missed: statement clobbers memory: _327 = expf (_326);
qwen36.c:2019:33: missed: couldn't vectorize loop
qwen36.c:2019:51: missed: possible alias involving gather/scatter between idx[kk_774] and *_181
qwen36.c:2016:87: optimized: loop vectorized using 32 byte vectors
qwen36.c:2016:87: optimized: loop vectorized using 16 byte vectors
qwen36.c:2016:39: optimized: loop vectorized using 32 byte vectors
qwen36.c:2013:33: missed: couldn't vectorize loop
qwen36.c:2013:33: missed: not vectorized: control flow in loop.
qwen36.c:2003:29: missed: couldn't vectorize loop
qwen36.c:2003:29: missed: not vectorized: multiple nested loops.
qwen36.c:2005:31: missed: couldn't vectorize loop
qwen36.c:2005:31: missed: not vectorized: control flow in loop.
qwen36.c:2007:68: missed: couldn't vectorize loop
qwen36.c:2007:68: missed: not vectorized: control flow in loop.
qwen36.c:2003:29: missed: couldn't vectorize loop
qwen36.c:2003:29: missed: not vectorized: loop nest containing two or more consecutive inner loops cannot be vectorized
qwen36.c:2005:31: missed: couldn't vectorize loop
qwen36.c:1959:13: missed: not vectorized: unsupported use in stmt.
qwen36.c:1998:33: missed: couldn't vectorize loop
qwen36.c:1998:33: missed: not vectorized: control flow in loop.
qwen36.c:1959:13: missed: couldn't vectorize loop
qwen36.c:1959:13: missed: not vectorized: loop nest containing two or more consecutive inner loops cannot be vectorized
qwen36.c:1994:37: missed: couldn't vectorize loop
qwen36.c:1994:74: missed: not vectorized: unsupported use in stmt.
qwen36.c:1994:62: note: ***** Analysis failed with vector mode V32QI
qwen36.c:1994:62: note: ***** The result for vector mode V32QI would be the same
qwen36.c:1994:62: note: ***** Re-trying analysis with vector mode V16QI
qwen36.c:1994:62: note: ***** Analysis failed with vector mode V16QI
qwen36.c:1994:62: note: ***** Re-trying analysis with vector mode V8QI
qwen36.c:1994:62: note: ***** Analysis failed with vector mode V8QI
qwen36.c:1994:62: note: ***** Re-trying analysis with vector mode V4QI
qwen36.c:1994:62: note: ***** Analysis failed with vector mode V4QI
qwen36.c:1986:33: missed: couldn't vectorize loop
qwen36.c:1986:33: missed: not vectorized: loop nest containing two or more consecutive inner loops cannot be vectorized
qwen36.c:1988:40: missed: couldn't vectorize loop
qwen36.c:1959:13: missed: not vectorized: unsupported use in stmt.
qwen36.c:1959:13: note: ***** Analysis failed with vector mode V8SF
qwen36.c:1959:13: note: ***** The result for vector mode V32QI would be the same
qwen36.c:1959:13: note: ***** Re-trying analysis with vector mode V16QI
qwen36.c:1959:13: note: ***** Analysis failed with vector mode V16QI
qwen36.c:1959:13: note: ***** Re-trying analysis with vector mode V8QI
qwen36.c:1959:13: note: ***** Analysis failed with vector mode V8QI
qwen36.c:1959:13: note: ***** Re-trying analysis with vector mode V4QI
qwen36.c:1959:13: note: ***** Analysis failed with vector mode V4QI
qwen36.c:1131:23: optimized: loop vectorized using 32 byte vectors
qwen36.c:1131:23: optimized: loop vectorized using 16 byte vectors
qwen36.c:1130:36: missed: couldn't vectorize loop
qwen36.c:1130:55: missed: statement clobbers memory: _565 = expf (_564);
qwen36.c:1129:41: missed: couldn't vectorize loop
qwen36.c:1959:13: missed: not vectorized: unsupported use in stmt.
qwen36.c:1129:41: note: ***** Analysis failed with vector mode V8SF
qwen36.c:1129:41: note: ***** Skipping vector mode V32QI, which would repeat the analysis for V8SF
qwen36.c:1977:46: optimized: loop vectorized using 32 byte vectors
qwen36.c:1977:46: optimized:  loop versioned for vectorization because of possible aliasing
qwen36.c:1977:46: optimized: loop vectorized using 16 byte vectors
qwen36.c:1978:38: optimized: loop vectorized using 32 byte vectors
qwen36.c:1978:38: optimized:  loop versioned for vectorization because of possible aliasing
qwen36.c:1978:38: optimized: loop vectorized using 16 byte vectors
qwen36.c:1976:65: missed: couldn't vectorize loop
qwen36.c:1976:65: missed: not vectorized: control flow in loop.
qwen36.c:1966:27: missed: couldn't vectorize loop
qwen36.c:1966:104: missed: not vectorized: complicated access pattern.
qwen36.c:1966:92: optimized: loop vectorized using 32 byte vectors
qwen36.c:1966:92: optimized:  loop versioned for vectorization because of possible aliasing
qwen36.c:1966:92: optimized: loop vectorized using 16 byte vectors
qwen36.c:1959:13: note: vectorized 10 loops in function.
qwen36.c:752:46: missed: statement clobbers memory: p_506 = malloc (_505);
qwen36.c:713:55: missed: statement clobbers memory: e_500 = getenv ("COLI_TIMERS");
qwen36.c:712:49: missed: statement clobbers memory: clock_gettime (1, &ts);
qwen36.c:1963:5: missed: statement clobbers memory: matmul_d (p_506, x_14(D), _13, S_5(D), D_1, E_2);
qwen36.c:713:55: missed: statement clobbers memory: e_516 = getenv ("COLI_TIMERS");
qwen36.c:712:49: missed: statement clobbers memory: clock_gettime (1, &ts);
/usr/include/x86_64-linux-gnu/bits/string_fortified.h:59:10: missed: statement clobbers memory: __builtin_memset (out_45(D), 0, _44);
qwen36.c:752:46: missed: statement clobbers memory: p_549 = malloc (_548);
qwen36.c:752:46: missed: statement clobbers memory: p_545 = malloc (_548);
qwen36.c:752:46: missed: statement clobbers memory: p_541 = malloc (_540);
qwen36.c:752:46: missed: statement clobbers memory: p_537 = malloc (_548);
qwen36.c:752:46: missed: statement clobbers memory: p_533 = malloc (_548);
qwen36.c:752:46: missed: statement clobbers memory: p_529 = malloc (_540);
qwen36.c:1971:18: missed: statement clobbers memory: use_qt_54 = qt_ready ();
qwen36.c:1130:55: missed: statement clobbers memory: _565 = expf (_564);
qwen36.c:2000:50: missed: statement clobbers memory: __builtin_memset (&keep, 1, _927);
qwen36.c:1997:50: missed: statement clobbers memory: __builtin_memset (&keep, 0, _933);
qwen36.c:1998:118: missed: statement clobbers memory: __builtin_memset (_949, 1, _951);
qwen36.c:2071:26: missed: statement clobbers memory: expert_get.constprop (layer_63(D), _315, &e);
qwen36.c:2072:17: missed: statement clobbers memory: slot_ensure_int8.constprop (e.561_316);
qwen36.c:2073:17: missed: statement clobbers memory: matmul_qe (p_549, _1031, _318, _317, D_1, I_4);
qwen36.c:2074:17: missed: statement clobbers memory: matmul_qe (p_545, _1031, _320, _319, D_1, I_4);
qwen36.c:2075:84: missed: statement clobbers memory: _327 = expf (_326);
qwen36.c:2076:17: missed: statement clobbers memory: matmul_qe (p_541, p_549, _335, _334, I_4, D_1);
qwen36.c:2027:26: missed: statement clobbers memory: expert_get.constprop (layer_63(D), _190, &e);
qwen36.c:2028:28: missed: statement clobbers memory: qt_note (layer_63(D), _198, _192, _197, _196, _195, _194, _193);
qwen36.c:713:55: missed: statement clobbers memory: e_579 = getenv ("COLI_TIMERS");
qwen36.c:712:49: missed: statement clobbers memory: clock_gettime (1, &ts);
qwen36.c:2031:30: missed: statement clobbers memory: qmask_202 = qt_issue (layer_63(D), &idx, K_3, _1031);
qwen36.c:713:55: missed: statement clobbers memory: e_591 = getenv ("COLI_TIMERS");
qwen36.c:712:49: missed: statement clobbers memory: clock_gettime (1, &ts);
qwen36.c:2035:26: missed: statement clobbers memory: expert_get.constprop (layer_63(D), _208, &e);
qwen36.c:2036:17: missed: statement clobbers memory: slot_ensure_int8.constprop (e.549_209);
qwen36.c:2037:17: missed: statement clobbers memory: matmul_qe (p_549, _1031, _211, _210, D_1, I_4);
qwen36.c:2038:17: missed: statement clobbers memory: matmul_qe (p_545, _1031, _213, _212, D_1, I_4);
qwen36.c:2039:84: missed: statement clobbers memory: _220 = expf (_219);
qwen36.c:2040:17: missed: statement clobbers memory: matmul_qe (p_541, p_549, _228, _227, I_4, D_1);
qwen36.c:713:55: missed: statement clobbers memory: e_603 = getenv ("COLI_TIMERS");
qwen36.c:712:49: missed: statement clobbers memory: clock_gettime (1, &ts);
qwen36.c:2049:17: missed: statement clobbers memory: matmul_d.constprop (p_537, _1031, _245, D_1, Ish_244);
qwen36.c:2050:17: missed: statement clobbers memory: matmul_d.constprop (p_533, _1031, _246, D_1, Ish_244);
qwen36.c:2051:88: missed: statement clobbers memory: _253 = expf (_252);
qwen36.c:2052:17: missed: statement clobbers memory: matmul_d.constprop (p_529, p_537, _260, Ish_244, D_1);
qwen36.c:2057:42: missed: statement clobbers memory: _275 = expf (prephitmp_1000);
qwen36.c:713:55: missed: statement clobbers memory: e_615 = getenv ("COLI_TIMERS");
qwen36.c:712:49: missed: statement clobbers memory: clock_gettime (1, &ts);
qwen36.c:713:55: missed: statement clobbers memory: e_627 = getenv ("COLI_TIMERS");
qwen36.c:712:49: missed: statement clobbers memory: clock_gettime (1, &ts);
qwen36.c:2064:13: missed: statement clobbers memory: qt_take (qmask_202, &val, K_3, os_278);
qwen36.c:713:55: missed: statement clobbers memory: e_639 = getenv ("COLI_TIMERS");
qwen36.c:712:49: missed: statement clobbers memory: clock_gettime (1, &ts);
qwen36.c:2086:18: missed: statement clobbers memory: qwen_shared_experts_cpu.constprop (l_12(D), x_14(D), S_5(D), out_45(D), p_537, p_533, p_529);
qwen36.c:2087:5: missed: statement clobbers memory: free (p_506);
qwen36.c:2087:19: missed: statement clobbers memory: free (p_549);
qwen36.c:2087:28: missed: statement clobbers memory: free (p_545);
qwen36.c:2087:37: missed: statement clobbers memory: free (p_541);
qwen36.c:2087:47: missed: statement clobbers memory: free (p_537);
qwen36.c:2087:57: missed: statement clobbers memory: free (p_533);
qwen36.c:2087:68: missed: statement clobbers memory: free (p_529);
/usr/include/x86_64-linux-gnu/bits/stdio2.h:79:10: missed: statement clobbers memory: __fprintf_chk (stderr.124_530, 2, "OOM %ld\n", _41);
qwen36.c:752:114: missed: statement clobbers memory: exit (1);
/usr/include/x86_64-linux-gnu/bits/stdio2.h:79:10: missed: statement clobbers memory: __fprintf_chk (stderr.124_534, 2, "OOM %ld\n", _47);
qwen36.c:752:114: missed: statement clobbers memory: exit (1);
/usr/include/x86_64-linux-gnu/bits/stdio2.h:79:10: missed: statement clobbers memory: __fprintf_chk (stderr.124_538, 2, "OOM %ld\n", _47);
qwen36.c:752:114: missed: statement clobbers memory: exit (1);
/usr/include/x86_64-linux-gnu/bits/stdio2.h:79:10: missed: statement clobbers memory: __fprintf_chk (stderr.124_542, 2, "OOM %ld\n", _41);
qwen36.c:752:114: missed: statement clobbers memory: exit (1);
/usr/include/x86_64-linux-gnu/bits/stdio2.h:79:10: missed: statement clobbers memory: __fprintf_chk (stderr.124_546, 2, "OOM %ld\n", _47);
qwen36.c:752:114: missed: statement clobbers memory: exit (1);
/usr/include/x86_64-linux-gnu/bits/stdio2.h:79:10: missed: statement clobbers memory: __fprintf_chk (stderr.124_550, 2, "OOM %ld\n", _47);
qwen36.c:752:114: missed: statement clobbers memory: exit (1);
/usr/include/x86_64-linux-gnu/bits/stdio2.h:79:10: missed: statement clobbers memory: __fprintf_chk (stderr.124_507, 2, "OOM %ld\n", _8);
qwen36.c:752:114: missed: statement clobbers memory: exit (1);
qwen36.c:2065:25: note: ***** Analysis failed with vector mode V8SI
qwen36.c:2065:25: note: ***** The result for vector mode V32QI would be the same
qwen36.c:2065:25: note: ***** Re-trying analysis with vector mode V16QI
qwen36.c:2065:25: note: ***** Analysis failed with vector mode V16QI
qwen36.c:2065:25: note: ***** Re-trying analysis with vector mode V8QI
qwen36.c:2065:25: note: ***** Analysis failed with vector mode V8QI
qwen36.c:2065:25: note: ***** Re-trying analysis with vector mode V4QI
qwen36.c:2065:25: note: ***** Analysis failed with vector mode V4QI
qwen36.c:2060:35: optimized: loop vectorized using 32 byte vectors
qwen36.c:2060:35: optimized: loop vectorized using 16 byte vectors
qwen36.c:2056:39: optimized: loop vectorized using 32 byte vectors
qwen36.c:2056:39: optimized: loop vectorized using 16 byte vectors
qwen36.c:2051:35: missed: couldn't vectorize loop
qwen36.c:2051:88: missed: statement clobbers memory: _252 = expf (_251);
qwen36.c:2033:33: missed: couldn't vectorize loop
qwen36.c:2033:33: missed: not vectorized: loop nest containing two or more consecutive inner loops cannot be vectorized
qwen36.c:2042:35: optimized: loop vectorized using 32 byte vectors
qwen36.c:2042:35: optimized: loop vectorized using 16 byte vectors
qwen36.c:2039:35: missed: couldn't vectorize loop
qwen36.c:2039:84: missed: statement clobbers memory: _219 = expf (_218);
qwen36.c:2026:33: missed: couldn't vectorize loop
qwen36.c:2026:33: missed: not vectorized: control flow in loop.
qwen36.c:2070:33: missed: couldn't vectorize loop
qwen36.c:2070:33: missed: not vectorized: loop nest containing two or more consecutive inner loops cannot be vectorized
qwen36.c:2079:35: optimized: loop vectorized using 32 byte vectors
qwen36.c:2079:35: optimized: loop vectorized using 16 byte vectors
qwen36.c:2075:35: missed: couldn't vectorize loop
qwen36.c:2075:84: missed: statement clobbers memory: _326 = expf (_325);
qwen36.c:2019:33: missed: couldn't vectorize loop
qwen36.c:2019:51: missed: possible alias involving gather/scatter between idx[kk_418] and *_180
qwen36.c:2016:87: optimized: loop vectorized using 32 byte vectors
qwen36.c:2016:87: optimized: loop vectorized using 16 byte vectors
qwen36.c:2016:39: optimized: loop vectorized using 32 byte vectors
qwen36.c:2013:33: missed: couldn't vectorize loop
qwen36.c:2013:33: missed: not vectorized: control flow in loop.
qwen36.c:2003:29: missed: couldn't vectorize loop
qwen36.c:2003:29: missed: not vectorized: multiple nested loops.
qwen36.c:2005:31: missed: couldn't vectorize loop
qwen36.c:2005:31: missed: not vectorized: control flow in loop.
qwen36.c:2007:68: missed: couldn't vectorize loop
qwen36.c:2007:68: missed: not vectorized: control flow in loop.
qwen36.c:2003:29: missed: couldn't vectorize loop
qwen36.c:2003:29: missed: not vectorized: loop nest containing two or more consecutive inner loops cannot be vectorized
qwen36.c:2005:31: missed: couldn't vectorize loop
qwen36.c:1959:13: missed: not vectorized: unsupported use in stmt.
qwen36.c:1998:33: missed: couldn't vectorize loop
qwen36.c:1998:33: missed: not vectorized: control flow in loop.
qwen36.c:1959:13: missed: couldn't vectorize loop
qwen36.c:1959:13: missed: not vectorized: loop nest containing two or more consecutive inner loops cannot be vectorized
qwen36.c:1994:37: missed: couldn't vectorize loop
qwen36.c:1994:74: missed: not vectorized: unsupported use in stmt.
qwen36.c:1994:62: note: ***** Analysis failed with vector mode V32QI
qwen36.c:1994:62: note: ***** The result for vector mode V32QI would be the same
qwen36.c:1994:62: note: ***** Re-trying analysis with vector mode V16QI
qwen36.c:1994:62: note: ***** Analysis failed with vector mode V16QI
qwen36.c:1994:62: note: ***** Re-trying analysis with vector mode V8QI
qwen36.c:1994:62: note: ***** Analysis failed with vector mode V8QI
qwen36.c:1994:62: note: ***** Re-trying analysis with vector mode V4QI
qwen36.c:1994:62: note: ***** Analysis failed with vector mode V4QI
qwen36.c:1986:33: missed: couldn't vectorize loop
qwen36.c:1986:33: missed: not vectorized: loop nest containing two or more consecutive inner loops cannot be vectorized
qwen36.c:1988:40: missed: couldn't vectorize loop
qwen36.c:1959:13: missed: not vectorized: unsupported use in stmt.
qwen36.c:1959:13: note: ***** Analysis failed with vector mode V8SF
qwen36.c:1959:13: note: ***** The result for vector mode V32QI would be the same
qwen36.c:1959:13: note: ***** Re-trying analysis with vector mode V16QI
qwen36.c:1959:13: note: ***** Analysis failed with vector mode V16QI
qwen36.c:1959:13: note: ***** Re-trying analysis with vector mode V8QI
qwen36.c:1959:13: note: ***** Analysis failed with vector mode V8QI
qwen36.c:1959:13: note: ***** Re-trying analysis with vector mode V4QI
qwen36.c:1959:13: note: ***** Analysis failed with vector mode V4QI
qwen36.c:1131:23: optimized: loop vectorized using 32 byte vectors
qwen36.c:1131:23: optimized: loop vectorized using 16 byte vectors
qwen36.c:1130:36: missed: couldn't vectorize loop
qwen36.c:1130:55: missed: statement clobbers memory: _564 = expf (_563);
qwen36.c:1129:41: missed: couldn't vectorize loop
qwen36.c:1959:13: missed: not vectorized: unsupported use in stmt.
qwen36.c:1129:41: note: ***** Analysis failed with vector mode V8SF
qwen36.c:1129:41: note: ***** Skipping vector mode V32QI, which would repeat the analysis for V8SF
qwen36.c:1977:46: optimized: loop vectorized using 32 byte vectors
qwen36.c:1977:46: optimized:  loop versioned for vectorization because of possible aliasing
qwen36.c:1977:46: optimized: loop vectorized using 16 byte vectors
qwen36.c:1978:38: optimized: loop vectorized using 32 byte vectors
qwen36.c:1978:38: optimized:  loop versioned for vectorization because of possible aliasing
qwen36.c:1978:38: optimized: loop vectorized using 16 byte vectors
qwen36.c:1976:65: missed: couldn't vectorize loop
qwen36.c:1976:65: missed: not vectorized: control flow in loop.
qwen36.c:1966:92: optimized: loop vectorized using 32 byte vectors
qwen36.c:1966:92: optimized:  loop versioned for vectorization because of possible aliasing
qwen36.c:1966:92: optimized: loop vectorized using 16 byte vectors
qwen36.c:1959:13: note: vectorized 10 loops in function.
qwen36.c:752:46: missed: statement clobbers memory: p_505 = malloc (_504);
qwen36.c:713:55: missed: statement clobbers memory: e_499 = getenv ("COLI_TIMERS");
qwen36.c:712:49: missed: statement clobbers memory: clock_gettime (1, &ts);
qwen36.c:1963:5: missed: statement clobbers memory: matmul_d.constprop (p_505, x_13(D), _12, D_1, E_2);
qwen36.c:713:55: missed: statement clobbers memory: e_515 = getenv ("COLI_TIMERS");
qwen36.c:712:49: missed: statement clobbers memory: clock_gettime (1, &ts);
/usr/include/x86_64-linux-gnu/bits/string_fortified.h:59:10: missed: statement clobbers memory: __builtin_memset (out_44(D), 0, _43);
qwen36.c:752:46: missed: statement clobbers memory: p_548 = malloc (_547);
qwen36.c:752:46: missed: statement clobbers memory: p_544 = malloc (_547);
qwen36.c:752:46: missed: statement clobbers memory: p_540 = malloc (_43);
qwen36.c:752:46: missed: statement clobbers memory: p_536 = malloc (_547);
qwen36.c:752:46: missed: statement clobbers memory: p_532 = malloc (_547);
qwen36.c:752:46: missed: statement clobbers memory: p_528 = malloc (_43);
qwen36.c:1971:18: missed: statement clobbers memory: use_qt_53 = qt_ready ();
qwen36.c:1130:55: missed: statement clobbers memory: _564 = expf (_563);
qwen36.c:2000:50: missed: statement clobbers memory: __builtin_memset (&keep, 1, _807);
qwen36.c:1997:50: missed: statement clobbers memory: __builtin_memset (&keep, 0, _813);
qwen36.c:1998:118: missed: statement clobbers memory: __builtin_memset (_827, 1, _831);
qwen36.c:2071:26: missed: statement clobbers memory: expert_get.constprop (layer_62(D), _314, &e);
qwen36.c:2072:17: missed: statement clobbers memory: slot_ensure_int8.constprop (e.561_315);
qwen36.c:2073:17: missed: statement clobbers memory: matmul_qe (p_548, x_13(D), _317, _316, D_1, I_4);
qwen36.c:2074:17: missed: statement clobbers memory: matmul_qe (p_544, x_13(D), _319, _318, D_1, I_4);
qwen36.c:2075:84: missed: statement clobbers memory: _326 = expf (_325);
qwen36.c:2076:17: missed: statement clobbers memory: matmul_qe (p_540, p_548, _334, _333, I_4, D_1);
qwen36.c:2027:26: missed: statement clobbers memory: expert_get.constprop (layer_62(D), _189, &e);
qwen36.c:2028:28: missed: statement clobbers memory: qt_note (layer_62(D), _197, _191, _196, _195, _194, _193, _192);
qwen36.c:713:55: missed: statement clobbers memory: e_578 = getenv ("COLI_TIMERS");
qwen36.c:712:49: missed: statement clobbers memory: clock_gettime (1, &ts);
qwen36.c:2031:30: missed: statement clobbers memory: qmask_201 = qt_issue (layer_62(D), &idx, K_3, x_13(D));
qwen36.c:713:55: missed: statement clobbers memory: e_590 = getenv ("COLI_TIMERS");
qwen36.c:712:49: missed: statement clobbers memory: clock_gettime (1, &ts);
qwen36.c:2035:26: missed: statement clobbers memory: expert_get.constprop (layer_62(D), _207, &e);
qwen36.c:2036:17: missed: statement clobbers memory: slot_ensure_int8.constprop (e.549_208);
qwen36.c:2037:17: missed: statement clobbers memory: matmul_qe (p_548, x_13(D), _210, _209, D_1, I_4);
qwen36.c:2038:17: missed: statement clobbers memory: matmul_qe (p_544, x_13(D), _212, _211, D_1, I_4);
qwen36.c:2039:84: missed: statement clobbers memory: _219 = expf (_218);
qwen36.c:2040:17: missed: statement clobbers memory: matmul_qe (p_540, p_548, _227, _226, I_4, D_1);
qwen36.c:713:55: missed: statement clobbers memory: e_602 = getenv ("COLI_TIMERS");
qwen36.c:712:49: missed: statement clobbers memory: clock_gettime (1, &ts);
qwen36.c:2049:17: missed: statement clobbers memory: matmul_d.constprop (p_536, x_13(D), _244, D_1, Ish_243);
qwen36.c:2050:17: missed: statement clobbers memory: matmul_d.constprop (p_532, x_13(D), _245, D_1, Ish_243);
qwen36.c:2051:88: missed: statement clobbers memory: _252 = expf (_251);
qwen36.c:2052:17: missed: statement clobbers memory: matmul_d.constprop (p_528, p_536, _259, Ish_243, D_1);
qwen36.c:2057:42: missed: statement clobbers memory: _274 = expf (_273);
qwen36.c:713:55: missed: statement clobbers memory: e_614 = getenv ("COLI_TIMERS");
qwen36.c:712:49: missed: statement clobbers memory: clock_gettime (1, &ts);
qwen36.c:713:55: missed: statement clobbers memory: e_626 = getenv ("COLI_TIMERS");
qwen36.c:712:49: missed: statement clobbers memory: clock_gettime (1, &ts);
qwen36.c:2064:13: missed: statement clobbers memory: qt_take (qmask_201, &val, K_3, out_44(D));
qwen36.c:713:55: missed: statement clobbers memory: e_638 = getenv ("COLI_TIMERS");
qwen36.c:712:49: missed: statement clobbers memory: clock_gettime (1, &ts);
qwen36.c:2086:18: missed: statement clobbers memory: qwen_shared_experts_cpu.constprop (l_11(D), x_13(D), 1, out_44(D), p_536, p_532, p_528);
qwen36.c:2087:5: missed: statement clobbers memory: free (p_505);
qwen36.c:2087:19: missed: statement clobbers memory: free (p_548);
qwen36.c:2087:28: missed: statement clobbers memory: free (p_544);
qwen36.c:2087:37: missed: statement clobbers memory: free (p_540);
qwen36.c:2087:47: missed: statement clobbers memory: free (p_536);
qwen36.c:2087:57: missed: statement clobbers memory: free (p_532);
qwen36.c:2087:68: missed: statement clobbers memory: free (p_528);
/usr/include/x86_64-linux-gnu/bits/stdio2.h:79:10: missed: statement clobbers memory: __fprintf_chk (stderr.124_529, 2, "OOM %ld\n", _40);
qwen36.c:752:114: missed: statement clobbers memory: exit (1);
/usr/include/x86_64-linux-gnu/bits/stdio2.h:79:10: missed: statement clobbers memory: __fprintf_chk (stderr.124_533, 2, "OOM %ld\n", _46);
qwen36.c:752:114: missed: statement clobbers memory: exit (1);
/usr/include/x86_64-linux-gnu/bits/stdio2.h:79:10: missed: statement clobbers memory: __fprintf_chk (stderr.124_537, 2, "OOM %ld\n", _46);
qwen36.c:752:114: missed: statement clobbers memory: exit (1);
/usr/include/x86_64-linux-gnu/bits/stdio2.h:79:10: missed: statement clobbers memory: __fprintf_chk (stderr.124_541, 2, "OOM %ld\n", _40);
qwen36.c:752:114: missed: statement clobbers memory: exit (1);
/usr/include/x86_64-linux-gnu/bits/stdio2.h:79:10: missed: statement clobbers memory: __fprintf_chk (stderr.124_545, 2, "OOM %ld\n", _46);
qwen36.c:752:114: missed: statement clobbers memory: exit (1);
/usr/include/x86_64-linux-gnu/bits/stdio2.h:79:10: missed: statement clobbers memory: __fprintf_chk (stderr.124_549, 2, "OOM %ld\n", _46);
qwen36.c:752:114: missed: statement clobbers memory: exit (1);
/usr/include/x86_64-linux-gnu/bits/stdio2.h:79:10: missed: statement clobbers memory: __fprintf_chk (stderr.124_506, 2, "OOM %ld\n", _6);
qwen36.c:752:114: missed: statement clobbers memory: exit (1);
qwen36.c:2034:27: note: ***** Analysis failed with vector mode V8SI
qwen36.c:2034:27: note: ***** The result for vector mode V32QI would be the same
qwen36.c:2034:27: note: ***** Re-trying analysis with vector mode V16QI
qwen36.c:2034:27: note: ***** Analysis failed with vector mode V16QI
qwen36.c:2034:27: note: ***** Re-trying analysis with vector mode V8QI
qwen36.c:2034:27: note: ***** Analysis failed with vector mode V8QI
qwen36.c:2034:27: note: ***** Re-trying analysis with vector mode V4QI
qwen36.c:2034:27: note: ***** Analysis failed with vector mode V4QI
qwen36.c:1125:23: optimized: loop vectorized using 32 byte vectors
qwen36.c:1125:23: optimized:  loop versioned for vectorization because of possible aliasing
qwen36.c:1125:23: optimized: loop vectorized using 16 byte vectors
qwen36.c:1123:38: missed: couldn't vectorize loop
qwen36.c:1123:63: missed: not vectorized: no vectype for stmt: _1140 = *_1139;
 scalar_type: const float
qwen36.c:2285:22: missed: couldn't vectorize loop
qwen36.c:2285:22: missed: not vectorized: loop nest containing two or more consecutive inner loops cannot be vectorized
qwen36.c:2304:31: optimized: loop vectorized using 32 byte vectors
qwen36.c:2304:31: optimized: loop vectorized using 16 byte vectors
qwen36.c:1125:23: optimized: loop vectorized using 32 byte vectors
qwen36.c:1125:23: optimized:  loop versioned for vectorization because of possible aliasing
qwen36.c:1125:23: optimized: loop vectorized using 16 byte vectors
qwen36.c:1123:38: missed: couldn't vectorize loop
qwen36.c:1123:63: missed: not vectorized: no vectype for stmt: _683 = *_1424;
 scalar_type: const float
qwen36.c:2296:31: optimized: loop vectorized using 32 byte vectors
qwen36.c:2296:31: optimized: loop vectorized using 16 byte vectors
qwen36.c:1887:53: missed: couldn't vectorize loop
qwen36.c:1890:20: missed: not vectorized: data ref analysis failed: _2229 = *_2231;
qwen36.c:1887:84: missed: couldn't vectorize loop
qwen36.c:1890:20: missed: not vectorized: no vectype for stmt: _2229 = *_2231;
 scalar_type: float
qwen36.c:1887:53: missed: couldn't vectorize loop
qwen36.c:1890:40: missed: statement clobbers memory: _211 = expf (_2255);
qwen36.c:1887:84: missed: couldn't vectorize loop
qwen36.c:1890:40: missed: statement clobbers memory: _211 = expf (_2255);
qwen36.c:1853:55: missed: couldn't vectorize loop
/usr/include/x86_64-linux-gnu/bits/string_fortified.h:29:10: missed: statement clobbers memory: __builtin_memcpy (_1623, _120, _1183);
qwen36.c:1847:31: missed: couldn't vectorize loop
qwen36.c:1847:31: missed: not vectorized: loop nest containing two or more consecutive inner loops cannot be vectorized
qwen36.c:1797:23: missed: couldn't vectorize loop
qwen36.c:1798:21: missed: statement clobbers memory: inv_593 = powf (pretmp_2204, _592);
qwen36.c:1125:23: optimized: loop vectorized using 32 byte vectors
qwen36.c:1125:23: optimized:  loop versioned for vectorization because of possible aliasing
qwen36.c:1125:23: optimized: loop vectorized using 16 byte vectors
qwen36.c:1123:38: missed: couldn't vectorize loop
qwen36.c:1123:63: missed: not vectorized: no vectype for stmt: _562 = *_561;
 scalar_type: const float
qwen36.c:1842:29: missed: couldn't vectorize loop
qwen36.c:1842:29: missed: not vectorized: loop nest containing two or more consecutive inner loops cannot be vectorized
qwen36.c:1797:23: missed: couldn't vectorize loop
qwen36.c:1798:21: missed: statement clobbers memory: inv_537 = powf (pretmp_2173, _536);
qwen36.c:1125:23: optimized: loop vectorized using 32 byte vectors
qwen36.c:1125:23: optimized:  loop versioned for vectorization because of possible aliasing
qwen36.c:1125:23: optimized: loop vectorized using 16 byte vectors
qwen36.c:1123:38: missed: couldn't vectorize loop
qwen36.c:1123:63: missed: not vectorized: no vectype for stmt: _506 = *_505;
 scalar_type: const float
qwen36.c:1835:29: missed: couldn't vectorize loop
/usr/include/x86_64-linux-gnu/bits/string_fortified.h:29:10: missed: statement clobbers memory: __builtin___memcpy_chk (_2201, qs_2212, _1655, _2202);
qwen36.c:1835:29: missed: couldn't vectorize loop
/usr/include/x86_64-linux-gnu/bits/string_fortified.h:29:10: missed: statement clobbers memory: __builtin___memcpy_chk (_1664, qs_1653, _1655, _1663);
qwen36.c:2197:29: missed: couldn't vectorize loop
qwen36.c:2197:29: missed: not vectorized: loop nest containing two or more consecutive inner loops cannot be vectorized
qwen36.c:2205:31: optimized: loop vectorized using 32 byte vectors
qwen36.c:2205:31: optimized: loop vectorized using 16 byte vectors
qwen36.c:2203:49: missed: couldn't vectorize loop
qwen36.c:2203:78: missed: not vectorized: no vectype for stmt: _875 = *_874;
 scalar_type: float
qwen36.c:2201:31: optimized: loop vectorized using 32 byte vectors
qwen36.c:2201:31: optimized: loop vectorized using 16 byte vectors
qwen36.c:2199:49: missed: couldn't vectorize loop
qwen36.c:2199:78: missed: not vectorized: no vectype for stmt: _851 = *_850;
 scalar_type: float
qwen36.c:2191:27: missed: couldn't vectorize loop
/usr/include/x86_64-linux-gnu/bits/string_fortified.h:29:10: missed: statement clobbers memory: __builtin___memcpy_chk (_832, _827, _821, _1603);
qwen36.c:2177:29: missed: couldn't vectorize loop
qwen36.c:2177:29: missed: not vectorized: control flow in loop.
qwen36.c:2168:29: missed: couldn't vectorize loop
qwen36.c:2168:29: missed: not vectorized: control flow in loop.
qwen36.c:2172:33: optimized: loop vectorized using 32 byte vectors
qwen36.c:2172:33: optimized: loop vectorized using 16 byte vectors
qwen36.c:2162:27: missed: couldn't vectorize loop
qwen36.c:2162:27: missed: not vectorized: control flow in loop.
qwen36.c:1059:18: missed: couldn't vectorize loop
qwen36.c:1059:18: missed: not vectorized: number of iterations cannot be computed.
qwen36.c:1059:18: missed: couldn't vectorize loop
qwen36.c:1059:18: missed: not vectorized: number of iterations cannot be computed.
qwen36.c:1093:20: missed: couldn't vectorize loop
qwen36.c:1093:20: missed: not vectorized: control flow in loop.
qwen36.c:1093:20: missed: couldn't vectorize loop
qwen36.c:1093:20: missed: not vectorized: control flow in loop.
qwen36.c:1125:23: optimized: loop vectorized using 32 byte vectors
qwen36.c:1125:23: optimized:  loop versioned for vectorization because of possible aliasing
qwen36.c:1125:23: optimized: loop vectorized using 16 byte vectors
qwen36.c:1123:38: missed: couldn't vectorize loop
qwen36.c:1123:63: missed: not vectorized: no vectype for stmt: _1696 = *_1695;
 scalar_type: const float
qwen36.c:2314:15: note: vectorized 10 loops in function.
qwen36.c:2319:40: missed: statement clobbers memory: lfn_4 = getenv ("DUMP_LAYERS");
qwen36.c:2320:21: missed: statement clobbers memory: lf_5 = fopen (lfn_4, "wb");
/usr/include/x86_64-linux-gnu/bits/stdio2.h:79:10: missed: statement clobbers memory: __fprintf_chk (stderr.486_6, 2, "DUMP_LAYERS: cannot open %s\n", lfn_4);
qwen36.c:2322:9: missed: statement clobbers memory: pthread_mutex_lock (&g_pilot_mx);
/usr/include/x86_64-linux-gnu/bits/string_fortified.h:59:10: missed: statement clobbers memory: __builtin_memset (_14, 0, _13);
qwen36.c:2324:9: missed: statement clobbers memory: pthread_mutex_unlock (&g_pilot_mx);
qwen36.c:752:46: missed: statement clobbers memory: p_132 = malloc (_131);
/usr/include/x86_64-linux-gnu/bits/string_fortified.h:29:10: missed: statement clobbers memory: __builtin___memcpy_chk (p_132, _1737, _131, _131);
qwen36.c:752:46: missed: statement clobbers memory: p_255 = malloc (_254);
qwen36.c:752:46: missed: statement clobbers memory: p_251 = malloc (_254);
qwen36.c:1124:21: missed: statement clobbers memory: _1199 = sqrtf (_1704);
qwen36.c:713:55: missed: statement clobbers memory: e_287 = getenv ("COLI_TIMERS");
qwen36.c:712:49: missed: statement clobbers memory: clock_gettime (1, &ts);
qwen36.c:2110:25: missed: statement clobbers memory: _317 = sqrtf (_644);
qwen36.c:752:46: missed: statement clobbers memory: p_969 = malloc (_968);
qwen36.c:752:46: missed: statement clobbers memory: p_965 = malloc (_964);
qwen36.c:752:46: missed: statement clobbers memory: p_961 = malloc (_960);
qwen36.c:752:46: missed: statement clobbers memory: p_957 = malloc (_960);
qwen36.c:752:46: missed: statement clobbers memory: p_953 = malloc (_960);
qwen36.c:752:46: missed: statement clobbers memory: p_949 = malloc (_960);
qwen36.c:752:46: missed: statement clobbers memory: p_945 = malloc (_968);
qwen36.c:752:46: missed: statement clobbers memory: p_941 = malloc (_940);
qwen36.c:752:46: missed: statement clobbers memory: p_937 = malloc (_940);
qwen36.c:752:46: missed: statement clobbers memory: p_933 = malloc (_964);
qwen36.c:752:46: missed: statement clobbers memory: p_929 = malloc (_964);
qwen36.c:752:46: missed: statement clobbers memory: p_925 = malloc (_924);
qwen36.c:752:46: missed: statement clobbers memory: p_921 = malloc (_924);
qwen36.c:713:55: missed: statement clobbers memory: e_972 = getenv ("COLI_TIMERS");
qwen36.c:712:49: missed: statement clobbers memory: clock_gettime (1, &ts);
qwen36.c:1044:44: missed: statement clobbers memory: e_983 = getenv ("COLI_CUDA_DN_PAIR");
qwen36.c:1044:86: missed: statement clobbers memory: _984 = strcmp (e_983, "1");
qwen36.c:2140:32: missed: statement clobbers memory: _693 = p40_qwen_dn_pair_issue (_1006, _995, p_255);
/usr/include/x86_64-linux-gnu/bits/stdio2.h:79:10: missed: statement clobbers memory: __builtin_fwrite ("[dn-cpuorder] QKV/Z pair issue failed; reverting to serial exact Q8\n", 1, 68, stderr.520_694);
qwen36.c:1060:9: missed: statement clobbers memory: p40_qwen_dn_tensor_free (_1009);
qwen36.c:1063:5: missed: statement clobbers memory: p40_qwen_dn_shutdown ();
qwen36.c:2148:9: missed: statement clobbers memory: matmul_d.constprop (p_969, p_255, _696, pretmp_2321, conv_dim_640);
qwen36.c:2149:9: missed: statement clobbers memory: matmul_d.constprop (p_965, p_255, _697, pretmp_2321, value_dim_643);
qwen36.c:2314:15: missed: statement clobbers memory: __builtin_GOMP_parallel (matmul._omp_fn.0, &.omp_data_o.535, 0, 0);
qwen36.c:2314:15: missed: statement clobbers memory: __builtin_GOMP_parallel (matmul._omp_fn.0, &.omp_data_o.535, 0, 0);
qwen36.c:2154:28: missed: statement clobbers memory: _701 = p40_qwen_dn_pair_take (p_969, p_965);
/usr/include/x86_64-linux-gnu/bits/stdio2.h:79:10: missed: statement clobbers memory: __builtin_fwrite ("[dn-cpuorder] QKV/Z pair join failed; reverting to serial exact Q8\n", 1, 67, stderr.521_702);
qwen36.c:1060:9: missed: statement clobbers memory: p40_qwen_dn_tensor_free (_1013);
qwen36.c:1063:5: missed: statement clobbers memory: p40_qwen_dn_shutdown ();
qwen36.c:2157:13: missed: statement clobbers memory: matmul_d.constprop (p_969, p_255, _704, pretmp_2321, conv_dim_640);
qwen36.c:2158:13: missed: statement clobbers memory: matmul_d.constprop (p_965, p_255, _705, pretmp_2321, value_dim_643);
qwen36.c:713:55: missed: statement clobbers memory: e_1017 = getenv ("COLI_TIMERS");
qwen36.c:712:49: missed: statement clobbers memory: clock_gettime (1, &ts);
qwen36.c:2163:36: missed: statement clobbers memory: _718 = expf (_717);
qwen36.c:2164:22: missed: statement clobbers memory: _725 = expf (_724);
qwen36.c:1135:58: missed: statement clobbers memory: _1028 = expf (_732);
qwen36.c:1135:58: missed: statement clobbers memory: iftmp.538_1029 = log1pf (_1028);
qwen36.c:2174:41: missed: statement clobbers memory: _775 = expf (_774);
qwen36.c:2179:59: missed: statement clobbers memory: __builtin_memmove (rg_787, _2192, _2193);
qwen36.c:713:55: missed: statement clobbers memory: e_1032 = getenv ("COLI_TIMERS");
qwen36.c:712:49: missed: statement clobbers memory: clock_gettime (1, &ts);
/usr/include/x86_64-linux-gnu/bits/string_fortified.h:29:10: missed: statement clobbers memory: __builtin___memcpy_chk (_832, _827, _821, _1603);
/usr/include/x86_64-linux-gnu/bits/string_fortified.h:29:10: missed: statement clobbers memory: __builtin___memcpy_chk (_837, _836, _821, _1603);
qwen36.c:2200:25: missed: statement clobbers memory: nq_321 = sqrt (sq_2280);
qwen36.c:2204:25: missed: statement clobbers memory: nk_449 = sqrt (sk_2287);
qwen36.c:2314:15: missed: statement clobbers memory: __builtin_GOMP_parallel (deltanet._omp_fn.0, &.omp_data_o.525, 0, 0);
qwen36.c:713:55: missed: statement clobbers memory: e_1044 = getenv ("COLI_TIMERS");
qwen36.c:712:49: missed: statement clobbers memory: clock_gettime (1, &ts);
qwen36.c:2314:15: missed: statement clobbers memory: __builtin_GOMP_parallel (deltanet._omp_fn.1, &.omp_data_o.527, 0, 0);
qwen36.c:2255:9: missed: statement clobbers memory: matmul_d.constprop (p_251, p_929, _899, value_dim_643, pretmp_2321);
qwen36.c:713:55: missed: statement clobbers memory: e_1056 = getenv ("COLI_TIMERS");
qwen36.c:712:49: missed: statement clobbers memory: clock_gettime (1, &ts);
qwen36.c:2257:37: missed: statement clobbers memory: _908 = getenv ("DN_DBG");
qwen36.c:2258:31: missed: statement clobbers memory: _909 = getenv ("DN_DBG");
qwen36.c:2258:25: missed: statement clobbers memory: dbg_910 = fopen (_909, "wb");
qwen36.c:2260:17: missed: statement clobbers memory: fwrite (p_945, 4, n.123_967, dbg_910);
qwen36.c:2261:17: missed: statement clobbers memory: fwrite (p_941, 4, _914, dbg_910);
qwen36.c:2262:17: missed: statement clobbers memory: fwrite (p_933, 4, n.123_963, dbg_910);
qwen36.c:2263:17: missed: statement clobbers memory: fwrite (p_965, 4, n.123_963, dbg_910);
qwen36.c:2264:17: missed: statement clobbers memory: fwrite (p_929, 4, n.123_963, dbg_910);
qwen36.c:2265:17: missed: statement clobbers memory: fwrite (p_251, 4, _916, dbg_910);
qwen36.c:2266:17: missed: statement clobbers memory: fwrite (p_961, 4, n.123_959, dbg_910);
qwen36.c:2267:17: missed: statement clobbers memory: fwrite (p_957, 4, n.123_959, dbg_910);
qwen36.c:2268:17: missed: statement clobbers memory: fwrite (p_953, 4, n.123_959, dbg_910);
qwen36.c:2269:17: missed: statement clobbers memory: fwrite (p_949, 4, n.123_959, dbg_910);
qwen36.c:2270:17: missed: statement clobbers memory: fclose (dbg_910);
qwen36.c:2274:5: missed: statement clobbers memory: free (p_969);
qwen36.c:2274:16: missed: statement clobbers memory: free (p_965);
qwen36.c:2274:25: missed: statement clobbers memory: free (p_961);
qwen36.c:2274:34: missed: statement clobbers memory: free (p_957);
qwen36.c:2274:43: missed: statement clobbers memory: free (p_953);
qwen36.c:2274:55: missed: statement clobbers memory: free (p_949);
qwen36.c:2275:5: missed: statement clobbers memory: free (p_945);
qwen36.c:2275:21: missed: statement clobbers memory: free (p_941);
qwen36.c:2275:30: missed: statement clobbers memory: free (p_937);
qwen36.c:2275:39: missed: statement clobbers memory: free (p_933);
qwen36.c:2275:51: missed: statement clobbers memory: free (p_929);
qwen36.c:2275:63: missed: statement clobbers memory: free (p_925);
qwen36.c:2275:73: missed: statement clobbers memory: free (p_921);
qwen36.c:713:55: missed: statement clobbers memory: e_630 = getenv ("COLI_TIMERS");
qwen36.c:712:49: missed: statement clobbers memory: clock_gettime (1, &ts);
/usr/include/x86_64-linux-gnu/bits/stdio2.h:79:10: missed: statement clobbers memory: __fprintf_chk (stderr.124_922, 2, "OOM %ld\n", _442);
qwen36.c:752:114: missed: statement clobbers memory: exit (1);
/usr/include/x86_64-linux-gnu/bits/stdio2.h:79:10: missed: statement clobbers memory: __fprintf_chk (stderr.124_926, 2, "OOM %ld\n", _1218);
qwen36.c:752:114: missed: statement clobbers memory: exit (1);
/usr/include/x86_64-linux-gnu/bits/stdio2.h:79:10: missed: statement clobbers memory: __fprintf_chk (stderr.124_930, 2, "OOM %ld\n", _414);
qwen36.c:752:114: missed: statement clobbers memory: exit (1);
/usr/include/x86_64-linux-gnu/bits/stdio2.h:79:10: missed: statement clobbers memory: __fprintf_chk (stderr.124_934, 2, "OOM %ld\n", _1217);
qwen36.c:752:114: missed: statement clobbers memory: exit (1);
/usr/include/x86_64-linux-gnu/bits/stdio2.h:79:10: missed: statement clobbers memory: __fprintf_chk (stderr.124_938, 2, "OOM %ld\n", _431);
qwen36.c:752:114: missed: statement clobbers memory: exit (1);
/usr/include/x86_64-linux-gnu/bits/stdio2.h:79:10: missed: statement clobbers memory: __fprintf_chk (stderr.124_942, 2, "OOM %ld\n", _441);
qwen36.c:752:114: missed: statement clobbers memory: exit (1);
/usr/include/x86_64-linux-gnu/bits/stdio2.h:79:10: missed: statement clobbers memory: __fprintf_chk (stderr.124_946, 2, "OOM %ld\n", _139);
qwen36.c:752:114: missed: statement clobbers memory: exit (1);
/usr/include/x86_64-linux-gnu/bits/stdio2.h:79:10: missed: statement clobbers memory: __fprintf_chk (stderr.124_950, 2, "OOM %ld\n", _1223);
qwen36.c:752:114: missed: statement clobbers memory: exit (1);
/usr/include/x86_64-linux-gnu/bits/stdio2.h:79:10: missed: statement clobbers memory: __fprintf_chk (stderr.124_954, 2, "OOM %ld\n", _87);
qwen36.c:752:114: missed: statement clobbers memory: exit (1);
/usr/include/x86_64-linux-gnu/bits/stdio2.h:79:10: missed: statement clobbers memory: __fprintf_chk (stderr.124_958, 2, "OOM %ld\n", _268);
qwen36.c:752:114: missed: statement clobbers memory: exit (1);
/usr/include/x86_64-linux-gnu/bits/stdio2.h:79:10: missed: statement clobbers memory: __fprintf_chk (stderr.124_962, 2, "OOM %ld\n", _356);
qwen36.c:752:114: missed: statement clobbers memory: exit (1);
/usr/include/x86_64-linux-gnu/bits/stdio2.h:79:10: missed: statement clobbers memory: __fprintf_chk (stderr.124_966, 2, "OOM %ld\n", _1229);
qwen36.c:752:114: missed: statement clobbers memory: exit (1);
/usr/include/x86_64-linux-gnu/bits/stdio2.h:79:10: missed: statement clobbers memory: __fprintf_chk (stderr.124_970, 2, "OOM %ld\n", _329);
qwen36.c:752:114: missed: statement clobbers memory: exit (1);
qwen36.c:752:46: missed: statement clobbers memory: p_500 = malloc (_499);
qwen36.c:752:46: missed: statement clobbers memory: p_496 = malloc (_495);
qwen36.c:752:46: missed: statement clobbers memory: p_492 = malloc (_495);
qwen36.c:1828:5: missed: statement clobbers memory: matmul_d.constprop (p_500, p_255, _322, pretmp_2321, q_out_309);
qwen36.c:1829:5: missed: statement clobbers memory: matmul_d.constprop (p_496, p_255, _323, pretmp_2321, kv_out_310);
qwen36.c:1830:5: missed: statement clobbers memory: matmul_d.constprop (p_492, p_255, _324, pretmp_2321, kv_out_310);
qwen36.c:752:46: missed: statement clobbers memory: p_488 = malloc (_487);
qwen36.c:752:46: missed: statement clobbers memory: p_484 = malloc (_483);
/usr/include/x86_64-linux-gnu/bits/string_fortified.h:29:10: missed: statement clobbers memory: __builtin___memcpy_chk (_1664, qs_1653, _1655, _1663);
/usr/include/x86_64-linux-gnu/bits/string_fortified.h:29:10: missed: statement clobbers memory: __builtin___memcpy_chk (_1677, _1671, _1670, _1676);
/usr/include/x86_64-linux-gnu/bits/string_fortified.h:29:10: missed: statement clobbers memory: __builtin___memcpy_chk (_2201, qs_2212, _1655, _2202);
qwen36.c:1124:21: missed: statement clobbers memory: _1745 = sqrtf (_516);
qwen36.c:1798:21: missed: statement clobbers memory: inv_537 = powf (pretmp_2173, _536);
qwen36.c:1124:21: missed: statement clobbers memory: _68 = sqrtf (_572);
qwen36.c:1798:21: missed: statement clobbers memory: inv_593 = powf (pretmp_2204, _592);
/usr/include/x86_64-linux-gnu/bits/string_fortified.h:29:10: missed: statement clobbers memory: __builtin_memcpy (_1623, _120, _1183);
/usr/include/x86_64-linux-gnu/bits/string_fortified.h:29:10: missed: statement clobbers memory: __builtin_memcpy (_1637, _1626, _1183);
qwen36.c:1858:25: missed: statement clobbers memory: _1690 = sqrtf (_444);
qwen36.c:752:46: missed: statement clobbers memory: p_620 = malloc (_487);
qwen36.c:2314:15: missed: statement clobbers memory: __builtin_GOMP_parallel (attention._omp_fn.0, &.omp_data_o.512, 0, 0);
qwen36.c:752:46: missed: statement clobbers memory: p_616 = malloc (_487);
qwen36.c:1890:40: missed: statement clobbers memory: _211 = expf (_2255);
qwen36.c:1892:5: missed: statement clobbers memory: matmul_d.constprop (p_251, p_616, _481, _480, pretmp_2321);
qwen36.c:1893:5: missed: statement clobbers memory: free (p_500);
qwen36.c:1893:14: missed: statement clobbers memory: free (p_496);
qwen36.c:1893:23: missed: statement clobbers memory: free (p_492);
qwen36.c:1893:33: missed: statement clobbers memory: free (p_488);
qwen36.c:1893:46: missed: statement clobbers memory: free (p_484);
qwen36.c:1893:58: missed: statement clobbers memory: free (p_620);
qwen36.c:1893:69: missed: statement clobbers memory: free (p_616);
qwen36.c:713:55: missed: statement clobbers memory: e_299 = getenv ("COLI_TIMERS");
qwen36.c:712:49: missed: statement clobbers memory: clock_gettime (1, &ts);
qwen36.c:2295:17: missed: statement clobbers memory: fwrite (p_251, 4, n.123_253, lf_48);
qwen36.c:2297:17: missed: statement clobbers memory: fwrite (p_132, 4, n.123_253, lf_48);
qwen36.c:2314:15: missed: statement clobbers memory: pilot_prefetch.part.0.constprop (_2317, p_132);
qwen36.c:1124:21: missed: statement clobbers memory: _203 = sqrtf (_706);
qwen36.c:713:55: missed: statement clobbers memory: e_1104 = getenv ("COLI_TIMERS");
qwen36.c:712:49: missed: statement clobbers memory: clock_gettime (1, &ts);
qwen36.c:2302:9: missed: statement clobbers memory: moe.constprop (l_144, i_479, p_255, p_251);
qwen36.c:713:55: missed: statement clobbers memory: e_1116 = getenv ("COLI_TIMERS");
qwen36.c:712:49: missed: statement clobbers memory: clock_gettime (1, &ts);
qwen36.c:2305:17: missed: statement clobbers memory: fwrite (p_132, 4, n.123_253, lf_48);
qwen36.c:2314:15: missed: statement clobbers memory: pilot_prefetch.part.0.constprop (_240, p_132);
qwen36.c:2314:15: missed: statement clobbers memory: pilot_prefetch.part.0.constprop (_175, p_132);
qwen36.c:2311:5: missed: statement clobbers memory: free (p_255);
qwen36.c:2311:16: missed: statement clobbers memory: free (p_251);
qwen36.c:2341:84: missed: statement clobbers memory: pin_hot_experts.constprop ();
qwen36.c:752:46: missed: statement clobbers memory: p_1167 = malloc (_131);
qwen36.c:1124:21: missed: statement clobbers memory: _1211 = sqrtf (_1150);
qwen36.c:752:46: missed: statement clobbers memory: p_1134 = malloc (_1133);
qwen36.c:713:55: missed: statement clobbers memory: e_1128 = getenv ("COLI_TIMERS");
qwen36.c:712:49: missed: statement clobbers memory: clock_gettime (1, &ts);
qwen36.c:2347:5: missed: statement clobbers memory: matmul_d.constprop (p_1134, p_1167, _72, D_1, _71);
qwen36.c:713:55: missed: statement clobbers memory: e_1177 = getenv ("COLI_TIMERS");
qwen36.c:712:49: missed: statement clobbers memory: clock_gettime (1, &ts);
/usr/include/x86_64-linux-gnu/bits/stdio2.h:79:10: missed: statement clobbers memory: __fprintf_chk (stderr.622_1198, 2, "[timers] window: moe %.0f ms/token (last 32)\n", _1197);
qwen36.c:2349:5: missed: statement clobbers memory: free (p_132);
qwen36.c:2349:14: missed: statement clobbers memory: free (p_1167);
qwen36.c:2350:13: missed: statement clobbers memory: fclose (lf_48);
qwen36.c:2353:9: missed: statement clobbers memory: apply_resident.constprop.isra (_84);
/usr/include/x86_64-linux-gnu/bits/stdio2.h:79:10: missed: statement clobbers memory: __fprintf_chk (stderr.124_1135, 2, "OOM %ld\n", _67);
qwen36.c:752:114: missed: statement clobbers memory: exit (1);
/usr/include/x86_64-linux-gnu/bits/stdio2.h:79:10: missed: statement clobbers memory: __fprintf_chk (stderr.124_1168, 2, "OOM %ld\n", _17);
qwen36.c:752:114: missed: statement clobbers memory: exit (1);
/usr/include/x86_64-linux-gnu/bits/stdio2.h:79:10: missed: statement clobbers memory: __fprintf_chk (stderr.124_617, 2, "OOM %ld\n", _1224);
qwen36.c:752:114: missed: statement clobbers memory: exit (1);
/usr/include/x86_64-linux-gnu/bits/stdio2.h:79:10: missed: statement clobbers memory: __fprintf_chk (stderr.124_621, 2, "OOM %ld\n", _138);
qwen36.c:752:114: missed: statement clobbers memory: exit (1);
/usr/include/x86_64-linux-gnu/bits/stdio2.h:79:10: missed: statement clobbers memory: __fprintf_chk (stderr.124_485, 2, "OOM %ld\n", _447);
qwen36.c:752:114: missed: statement clobbers memory: exit (1);
/usr/include/x86_64-linux-gnu/bits/stdio2.h:79:10: missed: statement clobbers memory: __fprintf_chk (stderr.124_489, 2, "OOM %ld\n", _1747);
qwen36.c:752:114: missed: statement clobbers memory: exit (1);
/usr/include/x86_64-linux-gnu/bits/stdio2.h:79:10: missed: statement clobbers memory: __fprintf_chk (stderr.124_493, 2, "OOM %ld\n", _65);
qwen36.c:752:114: missed: statement clobbers memory: exit (1);
/usr/include/x86_64-linux-gnu/bits/stdio2.h:79:10: missed: statement clobbers memory: __fprintf_chk (stderr.124_497, 2, "OOM %ld\n", _1744);
qwen36.c:752:114: missed: statement clobbers memory: exit (1);
/usr/include/x86_64-linux-gnu/bits/stdio2.h:79:10: missed: statement clobbers memory: __fprintf_chk (stderr.124_501, 2, "OOM %ld\n", _315);
qwen36.c:752:114: missed: statement clobbers memory: exit (1);
/usr/include/x86_64-linux-gnu/bits/stdio2.h:79:10: missed: statement clobbers memory: __fprintf_chk (stderr.124_252, 2, "OOM %ld\n", _136);
qwen36.c:752:114: missed: statement clobbers memory: exit (1);
/usr/include/x86_64-linux-gnu/bits/stdio2.h:79:10: missed: statement clobbers memory: __fprintf_chk (stderr.124_256, 2, "OOM %ld\n", _136);
qwen36.c:752:114: missed: statement clobbers memory: exit (1);
/usr/include/x86_64-linux-gnu/bits/stdio2.h:79:10: missed: statement clobbers memory: __fprintf_chk (stderr.488_29, 2, "token id %d out of range 0..%d -- refusing\n", _1728, _28);
qwen36.c:2335:13: missed: statement clobbers memory: exit (1);
/usr/include/x86_64-linux-gnu/bits/stdio2.h:79:10: missed: statement clobbers memory: __fprintf_chk (stderr.124_133, 2, "OOM %ld\n", _17);
qwen36.c:752:114: missed: statement clobbers memory: exit (1);
qwen36.c:2243:17: note: ***** Analysis succeeded with vector mode V8SI
qwen36.c:2243:17: note: SLPing BB part
qwen36.c:756:13: note: Costing subgraph: 
qwen36.c:756:13: note: node 0x3b081d28 (max_nunits=2, refcnt=1) vector(2) long unsigned int
qwen36.c:756:13: note: op template: .omp_data_o.535.y = p_961;
qwen36.c:756:13: note: 	stmt 0 .omp_data_o.535.y = p_961;
qwen36.c:756:13: note: 	stmt 1 .omp_data_o.535.x = p_255;
qwen36.c:756:13: note: 	children 0x3b081da8
qwen36.c:756:13: note: node (external) 0x3b081da8 (max_nunits=2, refcnt=1) vector(2) long unsigned int
qwen36.c:756:13: note: 	stmt 0 p_961 = malloc (_960);
qwen36.c:756:13: note: 	stmt 1 p_255 = malloc (_254);
qwen36.c:756:13: note: 	children 0x3b081fa8
qwen36.c:756:13: note: node (external) 0x3b081fa8 (max_nunits=1, refcnt=1)
qwen36.c:756:13: note: 	{ _960, _254 }
qwen36.c:756:13: note: Cost model analysis: 
qwen36.c:756:13: note: Cost model analysis for part in loop 2:
  Vector cost: 20
  Scalar cost: 24
qwen36.c:756:13: note: Costing subgraph: 
qwen36.c:756:13: note: node 0x3b082128 (max_nunits=2, refcnt=1) vector(2) long unsigned int
qwen36.c:756:13: note: op template: .omp_data_o.535.y = p_957;
qwen36.c:756:13: note: 	stmt 0 .omp_data_o.535.y = p_957;
qwen36.c:756:13: note: 	stmt 1 .omp_data_o.535.x = p_255;
qwen36.c:756:13: note: 	children 0x3b0821a8
qwen36.c:756:13: note: node (external) 0x3b0821a8 (max_nunits=2, refcnt=1) vector(2) long unsigned int
qwen36.c:756:13: note: 	stmt 0 p_957 = malloc (_960);
qwen36.c:756:13: note: 	stmt 1 p_255 = malloc (_254);
qwen36.c:756:13: note: 	children 0x3b082228
qwen36.c:756:13: note: node (external) 0x3b082228 (max_nunits=1, refcnt=1)
qwen36.c:756:13: note: 	{ _960, _254 }
qwen36.c:756:13: note: Cost model analysis: 
qwen36.c:756:13: note: Cost model analysis for part in loop 2:
  Vector cost: 20
  Scalar cost: 24
qwen36.c:2209:17: note: Costing subgraph: 
qwen36.c:2209:17: note: node 0x3b0824a8 (max_nunits=4, refcnt=1) vector(4) long unsigned int
qwen36.c:2209:17: note: op template: .omp_data_o.525.beta = p_953;
qwen36.c:2209:17: note: 	stmt 0 .omp_data_o.525.beta = p_953;
qwen36.c:2209:17: note: 	stmt 1 .omp_data_o.525.gg = p_949;
qwen36.c:2209:17: note: 	stmt 2 .omp_data_o.525.q = p_941;
qwen36.c:2209:17: note: 	stmt 3 .omp_data_o.525.k = p_937;
qwen36.c:2209:17: note: 	children 0x3b082528
qwen36.c:2209:17: note: node (external) 0x3b082528 (max_nunits=4, refcnt=1) vector(4) long unsigned int
qwen36.c:2209:17: note: 	stmt 0 p_953 = malloc (_960);
qwen36.c:2209:17: note: 	stmt 1 p_949 = malloc (_960);
qwen36.c:2209:17: note: 	stmt 2 p_941 = malloc (_940);
qwen36.c:2209:17: note: 	stmt 3 p_937 = malloc (_940);
qwen36.c:2209:17: note: 	children 0x3b082728
qwen36.c:2209:17: note: node (external) 0x3b082728 (max_nunits=1, refcnt=1)
qwen36.c:2209:17: note: 	{ _960, _960, _940, _940 }
qwen36.c:2209:17: note: Cost model analysis: 
qwen36.c:2209:17: note: Cost model analysis for part in loop 2:
  Vector cost: 40
  Scalar cost: 48
qwen36.c:2209:17: note: Costing subgraph: 
qwen36.c:2209:17: note: node 0x3b082828 (max_nunits=2, refcnt=1) vector(2) long unsigned int
qwen36.c:2209:17: note: op template: .omp_data_o.525.outv = p_933;
qwen36.c:2209:17: note: 	stmt 0 .omp_data_o.525.outv = p_933;
qwen36.c:2209:17: note: 	stmt 1 .omp_data_o.525.rec = rec_671;
qwen36.c:2209:17: note: 	children 0x3b082928
qwen36.c:2209:17: note: node (external) 0x3b082928 (max_nunits=1, refcnt=1) vector(2) long unsigned int
qwen36.c:2209:17: note: 	{ p_933, rec_671 }
qwen36.c:2209:17: note: Cost model analysis: 
qwen36.c:2209:17: note: Cost model analysis for part in loop 2:
  Vector cost: 18
  Scalar cost: 24
qwen36.c:2243:17: note: Costing subgraph: 
qwen36.c:2243:17: note: node 0x3b082328 (max_nunits=2, refcnt=1) vector(2) int
qwen36.c:2243:17: note: op template: .omp_data_o.525.vh = vh_635;
qwen36.c:2243:17: note: 	stmt 0 .omp_data_o.525.vh = vh_635;
qwen36.c:2243:17: note: 	stmt 1 .omp_data_o.525.kdim = kdim_637;
qwen36.c:2243:17: note: 	children 0x3b0823a8
qwen36.c:2243:17: note: node 0x3b0823a8 (max_nunits=2, refcnt=1) vector(2) int
qwen36.c:2243:17: note: op template: vh_635 = MEM[(struct Cfg *)&m].dn_vheads;
qwen36.c:2243:17: note: 	stmt 0 vh_635 = MEM[(struct Cfg *)&m].dn_vheads;
qwen36.c:2243:17: note: 	stmt 1 kdim_637 = MEM[(struct Cfg *)&m].dn_kdim;
qwen36.c:2243:17: note: 	load permutation { 0 2 }
qwen36.c:2243:17: note: node 0x3b0829a8 (max_nunits=2, refcnt=1) vector(2) int
qwen36.c:2243:17: note: op template: .omp_data_o.527.vh = vh_635;
qwen36.c:2243:17: note: 	stmt 0 .omp_data_o.527.vh = vh_635;
qwen36.c:2243:17: note: 	stmt 1 .omp_data_o.527.vdim = vdim_638;
qwen36.c:2243:17: note: 	children 0x3b082a28
qwen36.c:2243:17: note: node 0x3b082a28 (max_nunits=2, refcnt=1) vector(2) int
qwen36.c:2243:17: note: op template: vh_635 = MEM[(struct Cfg *)&m].dn_vheads;
qwen36.c:2243:17: note: 	stmt 0 vh_635 = MEM[(struct Cfg *)&m].dn_vheads;
qwen36.c:2243:17: note: 	stmt 1 vdim_638 = MEM[(struct Cfg *)&m].dn_vdim;
qwen36.c:2243:17: note: 	load permutation { 0 3 }
qwen36.c:2243:17: note: Cost model analysis: 
qwen36.c:2243:17: note: Cost model analysis for part in loop 2:
  Vector cost: 96
  Scalar cost: 72
qwen36.c:2243:17: missed: not vectorized: vectorization is not profitable.
qwen36.c:2243:17: note: Basic block will be vectorized using SLP
qwen36.c:2243:17: note: Vectorizing SLP tree:
qwen36.c:2243:17: note: node 0x3b081d28 (max_nunits=2, refcnt=1) vector(2) long unsigned int
qwen36.c:2243:17: note: op template: .omp_data_o.535.y = p_961;
qwen36.c:2243:17: note: 	stmt 0 .omp_data_o.535.y = p_961;
qwen36.c:2243:17: note: 	stmt 1 .omp_data_o.535.x = p_255;
qwen36.c:2243:17: note: 	children 0x3b081da8
qwen36.c:2243:17: note: node (external) 0x3b081da8 (max_nunits=2, refcnt=1) vector(2) long unsigned int
qwen36.c:2243:17: note: 	stmt 0 p_961 = malloc (_960);
qwen36.c:2243:17: note: 	stmt 1 p_255 = malloc (_254);
qwen36.c:2243:17: note: 	children 0x3b081fa8
qwen36.c:2243:17: note: node (external) 0x3b081fa8 (max_nunits=1, refcnt=1)
qwen36.c:2243:17: note: 	{ _960, _254 }
qwen36.c:2243:17: note: ------>vectorizing SLP node starting from: .omp_data_o.535.y = p_961;
qwen36.c:2243:17: note: vect_is_simple_use: operand malloc (_254), type of def: internal
qwen36.c:2243:17: note: transform store. ncopies = 1
qwen36.c:2243:17: note: create vector_type-pointer variable to type: vector(2) long unsigned int  vectorizing a pointer ref: .omp_data_o.535.y
qwen36.c:2243:17: note: created &.omp_data_o.535
qwen36.c:2243:17: note: add new stmt: MEM <vector(2) long unsigned int> [(float * *)&.omp_data_o.535] = _273;
qwen36.c:2243:17: note: vectorizing stmts using SLP.
qwen36.c:2243:17: optimized: basic block part vectorized using 32 byte vectors
qwen36.c:2243:17: note: Vectorizing SLP tree:
qwen36.c:2243:17: note: node 0x3b082128 (max_nunits=2, refcnt=1) vector(2) long unsigned int
qwen36.c:2243:17: note: op template: .omp_data_o.535.y = p_957;
qwen36.c:2243:17: note: 	stmt 0 .omp_data_o.535.y = p_957;
qwen36.c:2243:17: note: 	stmt 1 .omp_data_o.535.x = p_255;
qwen36.c:2243:17: note: 	children 0x3b0821a8
qwen36.c:2243:17: note: node (external) 0x3b0821a8 (max_nunits=2, refcnt=1) vector(2) long unsigned int
qwen36.c:2243:17: note: 	stmt 0 p_957 = malloc (_960);
qwen36.c:2243:17: note: 	stmt 1 p_255 = malloc (_254);
qwen36.c:2243:17: note: 	children 0x3b082228
qwen36.c:2243:17: note: node (external) 0x3b082228 (max_nunits=1, refcnt=1)
qwen36.c:2243:17: note: 	{ _960, _254 }
qwen36.c:2243:17: note: ------>vectorizing SLP node starting from: .omp_data_o.535.y = p_957;
qwen36.c:2243:17: note: vect_is_simple_use: operand malloc (_254), type of def: internal
qwen36.c:2243:17: note: transform store. ncopies = 1
qwen36.c:2243:17: note: create vector_type-pointer variable to type: vector(2) long unsigned int  vectorizing a pointer ref: .omp_data_o.535.y
qwen36.c:2243:17: note: created &.omp_data_o.535
qwen36.c:2243:17: note: add new stmt: MEM <vector(2) long unsigned int> [(float * *)&.omp_data_o.535] = _582;
qwen36.c:2243:17: note: vectorizing stmts using SLP.
qwen36.c:2243:17: optimized: basic block part vectorized using 32 byte vectors
qwen36.c:2243:17: note: Vectorizing SLP tree:
qwen36.c:2243:17: note: node 0x3b0824a8 (max_nunits=4, refcnt=1) vector(4) long unsigned int
qwen36.c:2243:17: note: op template: .omp_data_o.525.beta = p_953;
qwen36.c:2243:17: note: 	stmt 0 .omp_data_o.525.beta = p_953;
qwen36.c:2243:17: note: 	stmt 1 .omp_data_o.525.gg = p_949;
qwen36.c:2243:17: note: 	stmt 2 .omp_data_o.525.q = p_941;
qwen36.c:2243:17: note: 	stmt 3 .omp_data_o.525.k = p_937;
qwen36.c:2243:17: note: 	children 0x3b082528
qwen36.c:2243:17: note: node (external) 0x3b082528 (max_nunits=4, refcnt=1) vector(4) long unsigned int
qwen36.c:2243:17: note: 	stmt 0 p_953 = malloc (_960);
qwen36.c:2243:17: note: 	stmt 1 p_949 = malloc (_960);
qwen36.c:2243:17: note: 	stmt 2 p_941 = malloc (_940);
qwen36.c:2243:17: note: 	stmt 3 p_937 = malloc (_940);
qwen36.c:2243:17: note: 	children 0x3b082728
qwen36.c:2243:17: note: node (external) 0x3b082728 (max_nunits=1, refcnt=1)
qwen36.c:2243:17: note: 	{ _960, _960, _940, _940 }
qwen36.c:2243:17: note: ------>vectorizing SLP node starting from: .omp_data_o.525.beta = p_953;
qwen36.c:2243:17: note: vect_is_simple_use: operand malloc (_960), type of def: internal
qwen36.c:2243:17: note: vect_is_simple_use: operand malloc (_940), type of def: internal
qwen36.c:2243:17: note: vect_is_simple_use: operand malloc (_940), type of def: internal
qwen36.c:2243:17: note: transform store. ncopies = 1
qwen36.c:2243:17: note: create vector_type-pointer variable to type: vector(4) long unsigned int  vectorizing a pointer ref: .omp_data_o.525.beta
qwen36.c:2243:17: note: created &.omp_data_o.525
qwen36.c:2243:17: note: add new stmt: MEM <vector(4) long unsigned int> [(float * *)&.omp_data_o.525] = _1692;
qwen36.c:2243:17: note: vectorizing stmts using SLP.
qwen36.c:2243:17: optimized: basic block part vectorized using 32 byte vectors
qwen36.c:2243:17: note: Vectorizing SLP tree:
qwen36.c:2243:17: note: node 0x3b082828 (max_nunits=2, refcnt=1) vector(2) long unsigned int
qwen36.c:2243:17: note: op template: .omp_data_o.525.outv = p_933;
qwen36.c:2243:17: note: 	stmt 0 .omp_data_o.525.outv = p_933;
qwen36.c:2243:17: note: 	stmt 1 .omp_data_o.525.rec = rec_671;
qwen36.c:2243:17: note: 	children 0x3b082928
qwen36.c:2243:17: note: node (external) 0x3b082928 (max_nunits=1, refcnt=1) vector(2) long unsigned int
qwen36.c:2243:17: note: 	{ p_933, rec_671 }
qwen36.c:2243:17: note: ------>vectorizing SLP node starting from: .omp_data_o.525.outv = p_933;
qwen36.c:2243:17: note: vect_is_simple_use: operand *_670, type of def: internal
qwen36.c:2243:17: note: transform store. ncopies = 1
qwen36.c:2243:17: note: create vector_type-pointer variable to type: vector(2) long unsigned int  vectorizing a pointer ref: .omp_data_o.525.outv
qwen36.c:2243:17: note: created &.omp_data_o.525.outv
qwen36.c:2243:17: note: add new stmt: MEM <vector(2) long unsigned int> [(float * *)&.omp_data_o.525 + 32B] = _1390;
qwen36.c:2243:17: note: vectorizing stmts using SLP.
qwen36.c:2243:17: optimized: basic block part vectorized using 32 byte vectors
qwen36.c:2243:17: note: ***** The result for vector mode V32QI would be the same
qwen36.c:1125:23: optimized: loop vectorized using 32 byte vectors
qwen36.c:1125:23: optimized:  loop versioned for vectorization because of possible aliasing
qwen36.c:1125:23: optimized: loop vectorized using 16 byte vectors
qwen36.c:1123:38: missed: couldn't vectorize loop
qwen36.c:1123:63: missed: not vectorized: no vectype for stmt: _1140 = *_1139;
 scalar_type: const float
qwen36.c:2285:22: missed: couldn't vectorize loop
qwen36.c:2285:22: missed: not vectorized: loop nest containing two or more consecutive inner loops cannot be vectorized
qwen36.c:2304:31: optimized: loop vectorized using 32 byte vectors
qwen36.c:2304:31: optimized: loop vectorized using 16 byte vectors
qwen36.c:2300:27: missed: couldn't vectorize loop
qwen36.c:2300:27: missed: not vectorized: loop nest containing two or more consecutive inner loops cannot be vectorized
qwen36.c:1125:23: optimized: loop vectorized using 32 byte vectors
qwen36.c:1125:23: optimized:  loop versioned for vectorization because of possible aliasing
qwen36.c:1125:23: optimized: loop vectorized using 16 byte vectors
qwen36.c:1123:38: missed: couldn't vectorize loop
qwen36.c:1123:63: missed: not vectorized: no vectype for stmt: _1078 = *_1077;
 scalar_type: const float
qwen36.c:2296:31: optimized: loop vectorized using 32 byte vectors
qwen36.c:2296:31: optimized: loop vectorized using 16 byte vectors
qwen36.c:1887:23: missed: couldn't vectorize loop
qwen36.c:1887:23: missed: not vectorized: multiple nested loops.
qwen36.c:1887:53: missed: couldn't vectorize loop
qwen36.c:1890:20: missed: not vectorized: data ref analysis failed: _2484 = *_2485;
qwen36.c:1887:84: missed: couldn't vectorize loop
qwen36.c:1890:20: missed: not vectorized: no vectype for stmt: _2484 = *_2485;
 scalar_type: float
qwen36.c:1887:23: missed: couldn't vectorize loop
qwen36.c:1887:23: missed: not vectorized: multiple nested loops.
qwen36.c:1887:53: missed: couldn't vectorize loop
qwen36.c:1890:40: missed: statement clobbers memory: _472 = expf (_2516);
qwen36.c:1887:84: missed: couldn't vectorize loop
qwen36.c:1890:40: missed: statement clobbers memory: _472 = expf (_2516);
qwen36.c:1853:23: missed: couldn't vectorize loop
/usr/include/x86_64-linux-gnu/bits/string_fortified.h:29:10: missed: statement clobbers memory: __builtin_memcpy (_427, _412, _400);
qwen36.c:1853:55: missed: couldn't vectorize loop
/usr/include/x86_64-linux-gnu/bits/string_fortified.h:29:10: missed: statement clobbers memory: __builtin_memcpy (_427, _412, _400);
qwen36.c:1841:23: missed: couldn't vectorize loop
qwen36.c:1841:23: missed: not vectorized: loop nest containing two or more consecutive inner loops cannot be vectorized
qwen36.c:1847:31: missed: couldn't vectorize loop
qwen36.c:1847:31: missed: not vectorized: loop nest containing two or more consecutive inner loops cannot be vectorized
qwen36.c:1797:23: missed: couldn't vectorize loop
qwen36.c:1798:21: missed: statement clobbers memory: inv_593 = powf (pretmp_2450, _592);
qwen36.c:1125:23: optimized: loop vectorized using 32 byte vectors
qwen36.c:1125:23: optimized:  loop versioned for vectorization because of possible aliasing
qwen36.c:1125:23: optimized: loop vectorized using 16 byte vectors
qwen36.c:1123:38: missed: couldn't vectorize loop
qwen36.c:1123:63: missed: not vectorized: no vectype for stmt: _562 = *_561;
 scalar_type: const float
qwen36.c:1842:29: missed: couldn't vectorize loop
qwen36.c:1842:29: missed: not vectorized: loop nest containing two or more consecutive inner loops cannot be vectorized
qwen36.c:1797:23: missed: couldn't vectorize loop
qwen36.c:1798:21: missed: statement clobbers memory: inv_537 = powf (pretmp_2419, _536);
qwen36.c:1125:23: optimized: loop vectorized using 32 byte vectors
qwen36.c:1125:23: optimized:  loop versioned for vectorization because of possible aliasing
qwen36.c:1125:23: optimized: loop vectorized using 16 byte vectors
qwen36.c:1123:38: missed: couldn't vectorize loop
qwen36.c:1123:63: missed: not vectorized: no vectype for stmt: _506 = *_505;
 scalar_type: const float
qwen36.c:1834:23: missed: couldn't vectorize loop
/usr/include/x86_64-linux-gnu/bits/string_fortified.h:29:10: missed: statement clobbers memory: __builtin___memcpy_chk (_2444, qs_2456, _345, _2445);
qwen36.c:1835:29: missed: couldn't vectorize loop
/usr/include/x86_64-linux-gnu/bits/string_fortified.h:29:10: missed: statement clobbers memory: __builtin___memcpy_chk (_2444, qs_2456, _345, _2445);
qwen36.c:1834:23: missed: couldn't vectorize loop
/usr/include/x86_64-linux-gnu/bits/string_fortified.h:29:10: missed: statement clobbers memory: __builtin___memcpy_chk (_352, qs_343, _345, _1609);
qwen36.c:1835:29: missed: couldn't vectorize loop
/usr/include/x86_64-linux-gnu/bits/string_fortified.h:29:10: missed: statement clobbers memory: __builtin___memcpy_chk (_352, qs_343, _345, _1609);
qwen36.c:2131:31: missed: couldn't vectorize loop
qwen36.c:2131:31: missed: not vectorized: loop nest containing two or more consecutive inner loops cannot be vectorized
qwen36.c:2197:29: missed: couldn't vectorize loop
qwen36.c:2197:29: missed: not vectorized: loop nest containing two or more consecutive inner loops cannot be vectorized
qwen36.c:2205:31: optimized: loop vectorized using 32 byte vectors
qwen36.c:2205:31: optimized: loop vectorized using 16 byte vectors
qwen36.c:2203:49: missed: couldn't vectorize loop
qwen36.c:2203:78: missed: not vectorized: no vectype for stmt: _875 = *_874;
 scalar_type: float
qwen36.c:2201:31: optimized: loop vectorized using 32 byte vectors
qwen36.c:2201:31: optimized: loop vectorized using 16 byte vectors
qwen36.c:2199:49: missed: couldn't vectorize loop
qwen36.c:2199:78: missed: not vectorized: no vectype for stmt: _851 = *_850;
 scalar_type: float
qwen36.c:2191:27: missed: couldn't vectorize loop
/usr/include/x86_64-linux-gnu/bits/string_fortified.h:29:10: missed: statement clobbers memory: __builtin___memcpy_chk (_832, _827, _821, _1286);
qwen36.c:2177:29: missed: couldn't vectorize loop
qwen36.c:2177:29: missed: not vectorized: control flow in loop.
qwen36.c:2168:29: missed: couldn't vectorize loop
qwen36.c:2168:29: missed: not vectorized: control flow in loop.
qwen36.c:2172:33: optimized: loop vectorized using 32 byte vectors
qwen36.c:2172:33: optimized: loop vectorized using 16 byte vectors
qwen36.c:2162:27: missed: couldn't vectorize loop
qwen36.c:2162:27: missed: not vectorized: control flow in loop.
qwen36.c:1059:18: missed: couldn't vectorize loop
qwen36.c:1059:18: missed: not vectorized: number of iterations cannot be computed.
qwen36.c:1059:18: missed: couldn't vectorize loop
qwen36.c:1059:18: missed: not vectorized: number of iterations cannot be computed.
qwen36.c:1093:20: missed: couldn't vectorize loop
qwen36.c:1093:20: missed: not vectorized: control flow in loop.
qwen36.c:1093:20: missed: couldn't vectorize loop
qwen36.c:1093:20: missed: not vectorized: control flow in loop.
qwen36.c:2286:27: missed: couldn't vectorize loop
qwen36.c:2286:27: missed: not vectorized: loop nest containing two or more consecutive inner loops cannot be vectorized
qwen36.c:1125:23: optimized: loop vectorized using 32 byte vectors
qwen36.c:1125:23: optimized:  loop versioned for vectorization because of possible aliasing
qwen36.c:1125:23: optimized: loop vectorized using 16 byte vectors
qwen36.c:1123:38: missed: couldn't vectorize loop
qwen36.c:1123:63: missed: not vectorized: no vectype for stmt: _261 = *_260;
 scalar_type: const float
qwen36.c:2332:16: missed: couldn't vectorize loop
qwen36.c:2332:16: missed: not vectorized: control flow in loop.
qwen36.c:2314:15: note: vectorized 10 loops in function.
qwen36.c:2319:40: missed: statement clobbers memory: lfn_4 = getenv ("DUMP_LAYERS");
qwen36.c:2320:21: missed: statement clobbers memory: lf_5 = fopen (lfn_4, "wb");
/usr/include/x86_64-linux-gnu/bits/stdio2.h:79:10: missed: statement clobbers memory: __fprintf_chk (stderr.486_6, 2, "DUMP_LAYERS: cannot open %s\n", lfn_4);
qwen36.c:2322:9: missed: statement clobbers memory: pthread_mutex_lock (&g_pilot_mx);
/usr/include/x86_64-linux-gnu/bits/string_fortified.h:59:10: missed: statement clobbers memory: __builtin_memset (_14, 0, _13);
qwen36.c:2324:9: missed: statement clobbers memory: pthread_mutex_unlock (&g_pilot_mx);
qwen36.c:752:46: missed: statement clobbers memory: p_132 = malloc (_131);
/usr/include/x86_64-linux-gnu/bits/string_fortified.h:29:10: missed: statement clobbers memory: __builtin___memcpy_chk (_44, _39, _33, _1147);
qwen36.c:752:46: missed: statement clobbers memory: p_255 = malloc (_254);
qwen36.c:752:46: missed: statement clobbers memory: p_251 = malloc (_254);
qwen36.c:1124:21: missed: statement clobbers memory: _422 = sqrtf (_271);
qwen36.c:713:55: missed: statement clobbers memory: e_287 = getenv ("COLI_TIMERS");
qwen36.c:712:49: missed: statement clobbers memory: clock_gettime (1, &ts);
qwen36.c:2110:25: missed: statement clobbers memory: _1387 = sqrtf (_644);
qwen36.c:752:46: missed: statement clobbers memory: p_969 = malloc (_968);
qwen36.c:752:46: missed: statement clobbers memory: p_965 = malloc (_964);
qwen36.c:752:46: missed: statement clobbers memory: p_961 = malloc (_960);
qwen36.c:752:46: missed: statement clobbers memory: p_957 = malloc (_960);
qwen36.c:752:46: missed: statement clobbers memory: p_953 = malloc (_960);
qwen36.c:752:46: missed: statement clobbers memory: p_949 = malloc (_960);
qwen36.c:752:46: missed: statement clobbers memory: p_945 = malloc (_968);
qwen36.c:752:46: missed: statement clobbers memory: p_941 = malloc (_940);
qwen36.c:752:46: missed: statement clobbers memory: p_937 = malloc (_940);
qwen36.c:752:46: missed: statement clobbers memory: p_933 = malloc (_964);
qwen36.c:752:46: missed: statement clobbers memory: p_929 = malloc (_964);
qwen36.c:752:46: missed: statement clobbers memory: p_925 = malloc (_924);
qwen36.c:752:46: missed: statement clobbers memory: p_921 = malloc (_924);
qwen36.c:713:55: missed: statement clobbers memory: e_972 = getenv ("COLI_TIMERS");
qwen36.c:712:49: missed: statement clobbers memory: clock_gettime (1, &ts);
qwen36.c:1044:44: missed: statement clobbers memory: e_983 = getenv ("COLI_CUDA_DN_PAIR");
qwen36.c:1044:86: missed: statement clobbers memory: _984 = strcmp (e_983, "1");
qwen36.c:2140:32: missed: statement clobbers memory: _693 = p40_qwen_dn_pair_issue (_1006, _995, xs_681);
/usr/include/x86_64-linux-gnu/bits/stdio2.h:79:10: missed: statement clobbers memory: __builtin_fwrite ("[dn-cpuorder] QKV/Z pair issue failed; reverting to serial exact Q8\n", 1, 68, stderr.520_694);
qwen36.c:1060:9: missed: statement clobbers memory: p40_qwen_dn_tensor_free (_1009);
qwen36.c:1063:5: missed: statement clobbers memory: p40_qwen_dn_shutdown ();
qwen36.c:2148:9: missed: statement clobbers memory: matmul_d.constprop (p_969, xs_681, _696, pretmp_2587, conv_dim_640);
qwen36.c:2149:9: missed: statement clobbers memory: matmul_d.constprop (p_965, xs_681, _697, pretmp_2587, value_dim_643);
qwen36.c:2314:15: missed: statement clobbers memory: __builtin_GOMP_parallel (matmul._omp_fn.0, &.omp_data_o.535, 0, 0);
qwen36.c:2314:15: missed: statement clobbers memory: __builtin_GOMP_parallel (matmul._omp_fn.0, &.omp_data_o.535, 0, 0);
qwen36.c:2154:28: missed: statement clobbers memory: _701 = p40_qwen_dn_pair_take (p_969, p_965);
/usr/include/x86_64-linux-gnu/bits/stdio2.h:79:10: missed: statement clobbers memory: __builtin_fwrite ("[dn-cpuorder] QKV/Z pair join failed; reverting to serial exact Q8\n", 1, 67, stderr.521_702);
qwen36.c:1060:9: missed: statement clobbers memory: p40_qwen_dn_tensor_free (_1013);
qwen36.c:1063:5: missed: statement clobbers memory: p40_qwen_dn_shutdown ();
qwen36.c:2157:13: missed: statement clobbers memory: matmul_d.constprop (p_969, xs_681, _704, pretmp_2587, conv_dim_640);
qwen36.c:2158:13: missed: statement clobbers memory: matmul_d.constprop (p_965, xs_681, _705, pretmp_2587, value_dim_643);
qwen36.c:713:55: missed: statement clobbers memory: e_1017 = getenv ("COLI_TIMERS");
qwen36.c:712:49: missed: statement clobbers memory: clock_gettime (1, &ts);
qwen36.c:2163:36: missed: statement clobbers memory: _718 = expf (_717);
qwen36.c:2164:22: missed: statement clobbers memory: _725 = expf (_724);
qwen36.c:1135:58: missed: statement clobbers memory: _1028 = expf (_732);
qwen36.c:1135:58: missed: statement clobbers memory: iftmp.538_1029 = log1pf (_1028);
qwen36.c:2174:41: missed: statement clobbers memory: _775 = expf (_774);
qwen36.c:2179:59: missed: statement clobbers memory: __builtin_memmove (rg_787, _2438, _2593);
qwen36.c:713:55: missed: statement clobbers memory: e_1032 = getenv ("COLI_TIMERS");
qwen36.c:712:49: missed: statement clobbers memory: clock_gettime (1, &ts);
/usr/include/x86_64-linux-gnu/bits/string_fortified.h:29:10: missed: statement clobbers memory: __builtin___memcpy_chk (_832, _827, _821, _1286);
/usr/include/x86_64-linux-gnu/bits/string_fortified.h:29:10: missed: statement clobbers memory: __builtin___memcpy_chk (_837, _836, _821, _1286);
qwen36.c:2200:25: missed: statement clobbers memory: nq_649 = sqrt (sq_2544);
qwen36.c:2204:25: missed: statement clobbers memory: nk_651 = sqrt (sk_2546);
qwen36.c:2314:15: missed: statement clobbers memory: __builtin_GOMP_parallel (deltanet._omp_fn.0, &.omp_data_o.525, 0, 0);
qwen36.c:713:55: missed: statement clobbers memory: e_1044 = getenv ("COLI_TIMERS");
qwen36.c:712:49: missed: statement clobbers memory: clock_gettime (1, &ts);
qwen36.c:2314:15: missed: statement clobbers memory: __builtin_GOMP_parallel (deltanet._omp_fn.1, &.omp_data_o.527, 0, 0);
qwen36.c:2255:9: missed: statement clobbers memory: matmul_d.constprop (_900, p_929, _899, value_dim_643, pretmp_2587);
qwen36.c:713:55: missed: statement clobbers memory: e_1056 = getenv ("COLI_TIMERS");
qwen36.c:712:49: missed: statement clobbers memory: clock_gettime (1, &ts);
qwen36.c:2257:37: missed: statement clobbers memory: _908 = getenv ("DN_DBG");
qwen36.c:2258:31: missed: statement clobbers memory: _909 = getenv ("DN_DBG");
qwen36.c:2258:25: missed: statement clobbers memory: dbg_910 = fopen (_909, "wb");
qwen36.c:2260:17: missed: statement clobbers memory: fwrite (p_945, 4, n.123_967, dbg_910);
qwen36.c:2261:17: missed: statement clobbers memory: fwrite (p_941, 4, _141, dbg_910);
qwen36.c:2262:17: missed: statement clobbers memory: fwrite (p_933, 4, n.123_963, dbg_910);
qwen36.c:2263:17: missed: statement clobbers memory: fwrite (p_965, 4, n.123_963, dbg_910);
qwen36.c:2264:17: missed: statement clobbers memory: fwrite (p_929, 4, n.123_963, dbg_910);
qwen36.c:2265:17: missed: statement clobbers memory: fwrite (_900, 4, _916, dbg_910);
qwen36.c:2266:17: missed: statement clobbers memory: fwrite (p_961, 4, n.123_959, dbg_910);
qwen36.c:2267:17: missed: statement clobbers memory: fwrite (p_957, 4, n.123_959, dbg_910);
qwen36.c:2268:17: missed: statement clobbers memory: fwrite (p_953, 4, n.123_959, dbg_910);
qwen36.c:2269:17: missed: statement clobbers memory: fwrite (p_949, 4, n.123_959, dbg_910);
qwen36.c:2270:17: missed: statement clobbers memory: fclose (dbg_910);
qwen36.c:2274:5: missed: statement clobbers memory: free (p_969);
qwen36.c:2274:16: missed: statement clobbers memory: free (p_965);
qwen36.c:2274:25: missed: statement clobbers memory: free (p_961);
qwen36.c:2274:34: missed: statement clobbers memory: free (p_957);
qwen36.c:2274:43: missed: statement clobbers memory: free (p_953);
qwen36.c:2274:55: missed: statement clobbers memory: free (p_949);
qwen36.c:2275:5: missed: statement clobbers memory: free (p_945);
qwen36.c:2275:21: missed: statement clobbers memory: free (p_941);
qwen36.c:2275:30: missed: statement clobbers memory: free (p_937);
qwen36.c:2275:39: missed: statement clobbers memory: free (p_933);
qwen36.c:2275:51: missed: statement clobbers memory: free (p_929);
qwen36.c:2275:63: missed: statement clobbers memory: free (p_925);
qwen36.c:2275:73: missed: statement clobbers memory: free (p_921);
qwen36.c:713:55: missed: statement clobbers memory: e_630 = getenv ("COLI_TIMERS");
qwen36.c:712:49: missed: statement clobbers memory: clock_gettime (1, &ts);
/usr/include/x86_64-linux-gnu/bits/stdio2.h:79:10: missed: statement clobbers memory: __fprintf_chk (stderr.124_922, 2, "OOM %ld\n", _1727);
qwen36.c:752:114: missed: statement clobbers memory: exit (1);
/usr/include/x86_64-linux-gnu/bits/stdio2.h:79:10: missed: statement clobbers memory: __fprintf_chk (stderr.124_926, 2, "OOM %ld\n", _1737);
qwen36.c:752:114: missed: statement clobbers memory: exit (1);
/usr/include/x86_64-linux-gnu/bits/stdio2.h:79:10: missed: statement clobbers memory: __fprintf_chk (stderr.124_930, 2, "OOM %ld\n", _1691);
qwen36.c:752:114: missed: statement clobbers memory: exit (1);
/usr/include/x86_64-linux-gnu/bits/stdio2.h:79:10: missed: statement clobbers memory: __fprintf_chk (stderr.124_934, 2, "OOM %ld\n", _1747);
qwen36.c:752:114: missed: statement clobbers memory: exit (1);
/usr/include/x86_64-linux-gnu/bits/stdio2.h:79:10: missed: statement clobbers memory: __fprintf_chk (stderr.124_938, 2, "OOM %ld\n", _1403);
qwen36.c:752:114: missed: statement clobbers memory: exit (1);
/usr/include/x86_64-linux-gnu/bits/stdio2.h:79:10: missed: statement clobbers memory: __fprintf_chk (stderr.124_942, 2, "OOM %ld\n", _956);
qwen36.c:752:114: missed: statement clobbers memory: exit (1);
/usr/include/x86_64-linux-gnu/bits/stdio2.h:79:10: missed: statement clobbers memory: __fprintf_chk (stderr.124_946, 2, "OOM %ld\n", _913);
qwen36.c:752:114: missed: statement clobbers memory: exit (1);
/usr/include/x86_64-linux-gnu/bits/stdio2.h:79:10: missed: statement clobbers memory: __fprintf_chk (stderr.124_950, 2, "OOM %ld\n", _161);
qwen36.c:752:114: missed: statement clobbers memory: exit (1);
/usr/include/x86_64-linux-gnu/bits/stdio2.h:79:10: missed: statement clobbers memory: __fprintf_chk (stderr.124_954, 2, "OOM %ld\n", _1203);
qwen36.c:752:114: missed: statement clobbers memory: exit (1);
/usr/include/x86_64-linux-gnu/bits/stdio2.h:79:10: missed: statement clobbers memory: __fprintf_chk (stderr.124_958, 2, "OOM %ld\n", _1745);
qwen36.c:752:114: missed: statement clobbers memory: exit (1);
/usr/include/x86_64-linux-gnu/bits/stdio2.h:79:10: missed: statement clobbers memory: __fprintf_chk (stderr.124_962, 2, "OOM %ld\n", _1689);
qwen36.c:752:114: missed: statement clobbers memory: exit (1);
/usr/include/x86_64-linux-gnu/bits/stdio2.h:79:10: missed: statement clobbers memory: __fprintf_chk (stderr.124_966, 2, "OOM %ld\n", _1289);
qwen36.c:752:114: missed: statement clobbers memory: exit (1);
/usr/include/x86_64-linux-gnu/bits/stdio2.h:79:10: missed: statement clobbers memory: __fprintf_chk (stderr.124_970, 2, "OOM %ld\n", _912);
qwen36.c:752:114: missed: statement clobbers memory: exit (1);
qwen36.c:752:46: missed: statement clobbers memory: p_500 = malloc (_499);
qwen36.c:752:46: missed: statement clobbers memory: p_496 = malloc (_495);
qwen36.c:752:46: missed: statement clobbers memory: p_492 = malloc (_495);
qwen36.c:1828:5: missed: statement clobbers memory: matmul_d (p_500, p_255, _322, S_16(D), pretmp_2587, q_out_309);
qwen36.c:1829:5: missed: statement clobbers memory: matmul_d (p_496, p_255, _323, S_16(D), pretmp_2587, kv_out_310);
qwen36.c:1830:5: missed: statement clobbers memory: matmul_d (p_492, p_255, _324, S_16(D), pretmp_2587, kv_out_310);
qwen36.c:752:46: missed: statement clobbers memory: p_488 = malloc (_487);
qwen36.c:752:46: missed: statement clobbers memory: p_484 = malloc (_483);
/usr/include/x86_64-linux-gnu/bits/string_fortified.h:29:10: missed: statement clobbers memory: __builtin___memcpy_chk (_352, qs_343, _345, _1609);
/usr/include/x86_64-linux-gnu/bits/string_fortified.h:29:10: missed: statement clobbers memory: __builtin___memcpy_chk (_360, _356, _355, _73);
/usr/include/x86_64-linux-gnu/bits/string_fortified.h:29:10: missed: statement clobbers memory: __builtin___memcpy_chk (_2444, qs_2456, _345, _2445);
qwen36.c:1124:21: missed: statement clobbers memory: _656 = sqrtf (_516);
qwen36.c:1798:21: missed: statement clobbers memory: inv_537 = powf (pretmp_2419, _536);
qwen36.c:1124:21: missed: statement clobbers memory: _1597 = sqrtf (_572);
qwen36.c:1798:21: missed: statement clobbers memory: inv_593 = powf (pretmp_2450, _592);
/usr/include/x86_64-linux-gnu/bits/string_fortified.h:29:10: missed: statement clobbers memory: __builtin_memcpy (_427, _412, _400);
/usr/include/x86_64-linux-gnu/bits/string_fortified.h:29:10: missed: statement clobbers memory: __builtin_memcpy (_440, _429, _400);
qwen36.c:1858:25: missed: statement clobbers memory: _1603 = sqrtf (_444);
qwen36.c:752:46: missed: statement clobbers memory: p_620 = malloc (_487);
qwen36.c:2314:15: missed: statement clobbers memory: __builtin_GOMP_parallel (attention._omp_fn.0, &.omp_data_o.512, 0, 0);
qwen36.c:752:46: missed: statement clobbers memory: p_616 = malloc (_487);
qwen36.c:1890:40: missed: statement clobbers memory: _472 = expf (_2516);
qwen36.c:1892:5: missed: statement clobbers memory: matmul_d (p_251, p_616, _481, S_16(D), _480, pretmp_2587);
qwen36.c:1893:5: missed: statement clobbers memory: free (p_500);
qwen36.c:1893:14: missed: statement clobbers memory: free (p_496);
qwen36.c:1893:23: missed: statement clobbers memory: free (p_492);
qwen36.c:1893:33: missed: statement clobbers memory: free (p_488);
qwen36.c:1893:46: missed: statement clobbers memory: free (p_484);
qwen36.c:1893:58: missed: statement clobbers memory: free (p_620);
qwen36.c:1893:69: missed: statement clobbers memory: free (p_616);
qwen36.c:713:55: missed: statement clobbers memory: e_299 = getenv ("COLI_TIMERS");
qwen36.c:712:49: missed: statement clobbers memory: clock_gettime (1, &ts);
qwen36.c:2295:17: missed: statement clobbers memory: fwrite (_181, 4, _175, lf_48);
qwen36.c:2297:17: missed: statement clobbers memory: fwrite (_197, 4, prephitmp_2525, lf_48);
qwen36.c:2314:15: missed: statement clobbers memory: pilot_prefetch.part.0.constprop (_2580, p_132, S_16(D));
qwen36.c:1124:21: missed: statement clobbers memory: _660 = sqrtf (_1088);
qwen36.c:713:55: missed: statement clobbers memory: e_1104 = getenv ("COLI_TIMERS");
qwen36.c:712:49: missed: statement clobbers memory: clock_gettime (1, &ts);
qwen36.c:2302:9: missed: statement clobbers memory: moe.constprop (l_144, i_1623, p_255, S_16(D), p_251);
qwen36.c:713:55: missed: statement clobbers memory: e_1116 = getenv ("COLI_TIMERS");
qwen36.c:712:49: missed: statement clobbers memory: clock_gettime (1, &ts);
qwen36.c:2305:17: missed: statement clobbers memory: fwrite (_197, 4, _232, lf_48);
qwen36.c:2314:15: missed: statement clobbers memory: pilot_prefetch.part.0.constprop (_240, p_132, S_16(D));
qwen36.c:2314:15: missed: statement clobbers memory: pilot_prefetch.part.0.constprop (_243, p_132, S_16(D));
qwen36.c:2311:5: missed: statement clobbers memory: free (p_255);
qwen36.c:2311:16: missed: statement clobbers memory: free (p_251);
qwen36.c:2341:84: missed: statement clobbers memory: pin_hot_experts.constprop ();
qwen36.c:752:46: missed: statement clobbers memory: p_1167 = malloc (_1166);
qwen36.c:1124:21: missed: statement clobbers memory: _1277 = sqrtf (_1150);
qwen36.c:752:46: missed: statement clobbers memory: p_1134 = malloc (_1133);
qwen36.c:713:55: missed: statement clobbers memory: e_1128 = getenv ("COLI_TIMERS");
qwen36.c:712:49: missed: statement clobbers memory: clock_gettime (1, &ts);
qwen36.c:2347:5: missed: statement clobbers memory: matmul_d.constprop (p_1134, p_1167, _72, D_1, _71);
qwen36.c:713:55: missed: statement clobbers memory: e_1177 = getenv ("COLI_TIMERS");
qwen36.c:712:49: missed: statement clobbers memory: clock_gettime (1, &ts);
/usr/include/x86_64-linux-gnu/bits/stdio2.h:79:10: missed: statement clobbers memory: __fprintf_chk (stderr.622_1198, 2, "[timers] window: moe %.0f ms/token (last 32)\n", _1197);
qwen36.c:2349:5: missed: statement clobbers memory: free (p_132);
qwen36.c:2349:14: missed: statement clobbers memory: free (p_1167);
qwen36.c:2350:13: missed: statement clobbers memory: fclose (lf_48);
qwen36.c:2353:9: missed: statement clobbers memory: apply_resident.constprop.isra (_84);
/usr/include/x86_64-linux-gnu/bits/stdio2.h:79:10: missed: statement clobbers memory: __fprintf_chk (stderr.124_1135, 2, "OOM %ld\n", _67);
qwen36.c:752:114: missed: statement clobbers memory: exit (1);
/usr/include/x86_64-linux-gnu/bits/stdio2.h:79:10: missed: statement clobbers memory: __fprintf_chk (stderr.124_1168, 2, "OOM %ld\n", _18);
qwen36.c:752:114: missed: statement clobbers memory: exit (1);
/usr/include/x86_64-linux-gnu/bits/stdio2.h:79:10: missed: statement clobbers memory: __fprintf_chk (stderr.124_617, 2, "OOM %ld\n", _1379);
qwen36.c:752:114: missed: statement clobbers memory: exit (1);
/usr/include/x86_64-linux-gnu/bits/stdio2.h:79:10: missed: statement clobbers memory: __fprintf_chk (stderr.124_621, 2, "OOM %ld\n", _20);
qwen36.c:752:114: missed: statement clobbers memory: exit (1);
/usr/include/x86_64-linux-gnu/bits/stdio2.h:79:10: missed: statement clobbers memory: __fprintf_chk (stderr.124_485, 2, "OOM %ld\n", _450);
qwen36.c:752:114: missed: statement clobbers memory: exit (1);
/usr/include/x86_64-linux-gnu/bits/stdio2.h:79:10: missed: statement clobbers memory: __fprintf_chk (stderr.124_489, 2, "OOM %ld\n", _56);
qwen36.c:752:114: missed: statement clobbers memory: exit (1);
/usr/include/x86_64-linux-gnu/bits/stdio2.h:79:10: missed: statement clobbers memory: __fprintf_chk (stderr.124_493, 2, "OOM %ld\n", _655);
qwen36.c:752:114: missed: statement clobbers memory: exit (1);
/usr/include/x86_64-linux-gnu/bits/stdio2.h:79:10: missed: statement clobbers memory: __fprintf_chk (stderr.124_497, 2, "OOM %ld\n", _1281);
qwen36.c:752:114: missed: statement clobbers memory: exit (1);
/usr/include/x86_64-linux-gnu/bits/stdio2.h:79:10: missed: statement clobbers memory: __fprintf_chk (stderr.124_501, 2, "OOM %ld\n", _955);
qwen36.c:752:114: missed: statement clobbers memory: exit (1);
/usr/include/x86_64-linux-gnu/bits/stdio2.h:79:10: missed: statement clobbers memory: __fprintf_chk (stderr.124_252, 2, "OOM %ld\n", _137);
qwen36.c:752:114: missed: statement clobbers memory: exit (1);
/usr/include/x86_64-linux-gnu/bits/stdio2.h:79:10: missed: statement clobbers memory: __fprintf_chk (stderr.124_256, 2, "OOM %ld\n", _137);
qwen36.c:752:114: missed: statement clobbers memory: exit (1);
/usr/include/x86_64-linux-gnu/bits/stdio2.h:79:10: missed: statement clobbers memory: __fprintf_chk (stderr.488_30, 2, "token id %d out of range 0..%d -- refusing\n", _2511, _29);
qwen36.c:2335:13: missed: statement clobbers memory: exit (1);
/usr/include/x86_64-linux-gnu/bits/stdio2.h:79:10: missed: statement clobbers memory: __fprintf_chk (stderr.124_133, 2, "OOM %ld\n", _19);
qwen36.c:752:114: missed: statement clobbers memory: exit (1);
qwen36.c:1860:13: note: ***** Analysis succeeded with vector mode V8SI
qwen36.c:1860:13: note: SLPing BB part
qwen36.c:756:13: note: Costing subgraph: 
qwen36.c:756:13: note: node 0x3af40d68 (max_nunits=2, refcnt=1) vector(2) long unsigned int
qwen36.c:756:13: note: op template: .omp_data_o.535.y = p_961;
qwen36.c:756:13: note: 	stmt 0 .omp_data_o.535.y = p_961;
qwen36.c:756:13: note: 	stmt 1 .omp_data_o.535.x = xs_681;
qwen36.c:756:13: note: 	children 0x3af40e68
qwen36.c:756:13: note: node (external) 0x3af40e68 (max_nunits=1, refcnt=1) vector(2) long unsigned int
qwen36.c:756:13: note: 	{ p_961, xs_681 }
qwen36.c:756:13: note: Cost model analysis: 
qwen36.c:756:13: note: Cost model analysis for part in loop 25:
  Vector cost: 20
  Scalar cost: 24
qwen36.c:756:13: note: Costing subgraph: 
qwen36.c:756:13: note: node 0x3af40fe8 (max_nunits=2, refcnt=1) vector(2) long unsigned int
qwen36.c:756:13: note: op template: .omp_data_o.535.y = p_957;
qwen36.c:756:13: note: 	stmt 0 .omp_data_o.535.y = p_957;
qwen36.c:756:13: note: 	stmt 1 .omp_data_o.535.x = xs_681;
qwen36.c:756:13: note: 	children 0x3af410e8
qwen36.c:756:13: note: node (external) 0x3af410e8 (max_nunits=1, refcnt=1) vector(2) long unsigned int
qwen36.c:756:13: note: 	{ p_957, xs_681 }
qwen36.c:756:13: note: Cost model analysis: 
qwen36.c:756:13: note: Cost model analysis for part in loop 25:
  Vector cost: 20
  Scalar cost: 24
qwen36.c:2209:17: note: Costing subgraph: 
qwen36.c:2209:17: note: node 0x3af41368 (max_nunits=4, refcnt=1) vector(4) long unsigned int
qwen36.c:2209:17: note: op template: .omp_data_o.525.beta = p_953;
qwen36.c:2209:17: note: 	stmt 0 .omp_data_o.525.beta = p_953;
qwen36.c:2209:17: note: 	stmt 1 .omp_data_o.525.gg = p_949;
qwen36.c:2209:17: note: 	stmt 2 .omp_data_o.525.q = p_941;
qwen36.c:2209:17: note: 	stmt 3 .omp_data_o.525.k = p_937;
qwen36.c:2209:17: note: 	children 0x3af413e8
qwen36.c:2209:17: note: node (external) 0x3af413e8 (max_nunits=4, refcnt=1) vector(4) long unsigned int
qwen36.c:2209:17: note: 	stmt 0 p_953 = malloc (_960);
qwen36.c:2209:17: note: 	stmt 1 p_949 = malloc (_960);
qwen36.c:2209:17: note: 	stmt 2 p_941 = malloc (_940);
qwen36.c:2209:17: note: 	stmt 3 p_937 = malloc (_940);
qwen36.c:2209:17: note: 	children 0x3af415e8
qwen36.c:2209:17: note: node (external) 0x3af415e8 (max_nunits=1, refcnt=1)
qwen36.c:2209:17: note: 	{ _960, _960, _940, _940 }
qwen36.c:2209:17: note: Cost model analysis: 
qwen36.c:2209:17: note: Cost model analysis for part in loop 25:
  Vector cost: 40
  Scalar cost: 48
qwen36.c:2209:17: note: Costing subgraph: 
qwen36.c:2209:17: note: node 0x3af416e8 (max_nunits=2, refcnt=1) vector(2) long unsigned int
qwen36.c:2209:17: note: op template: .omp_data_o.525.outv = p_933;
qwen36.c:2209:17: note: 	stmt 0 .omp_data_o.525.outv = p_933;
qwen36.c:2209:17: note: 	stmt 1 .omp_data_o.525.rec = rec_671;
qwen36.c:2209:17: note: 	children 0x3af417e8
qwen36.c:2209:17: note: node (external) 0x3af417e8 (max_nunits=1, refcnt=1) vector(2) long unsigned int
qwen36.c:2209:17: note: 	{ p_933, rec_671 }
qwen36.c:2209:17: note: Cost model analysis: 
qwen36.c:2209:17: note: Cost model analysis for part in loop 25:
  Vector cost: 18
  Scalar cost: 24
qwen36.c:2243:17: note: Costing subgraph: 
qwen36.c:2243:17: note: node 0x3af411e8 (max_nunits=2, refcnt=1) vector(2) int
qwen36.c:2243:17: note: op template: .omp_data_o.525.vh = vh_635;
qwen36.c:2243:17: note: 	stmt 0 .omp_data_o.525.vh = vh_635;
qwen36.c:2243:17: note: 	stmt 1 .omp_data_o.525.kdim = kdim_637;
qwen36.c:2243:17: note: 	children 0x3af41268
qwen36.c:2243:17: note: node 0x3af41268 (max_nunits=2, refcnt=1) vector(2) int
qwen36.c:2243:17: note: op template: vh_635 = MEM[(struct Cfg *)&m].dn_vheads;
qwen36.c:2243:17: note: 	stmt 0 vh_635 = MEM[(struct Cfg *)&m].dn_vheads;
qwen36.c:2243:17: note: 	stmt 1 kdim_637 = MEM[(struct Cfg *)&m].dn_kdim;
qwen36.c:2243:17: note: 	load permutation { 0 2 }
qwen36.c:2243:17: note: node 0x3af41868 (max_nunits=2, refcnt=1) vector(2) int
qwen36.c:2243:17: note: op template: .omp_data_o.527.vh = vh_635;
qwen36.c:2243:17: note: 	stmt 0 .omp_data_o.527.vh = vh_635;
qwen36.c:2243:17: note: 	stmt 1 .omp_data_o.527.vdim = vdim_638;
qwen36.c:2243:17: note: 	children 0x3af418e8
qwen36.c:2243:17: note: node 0x3af418e8 (max_nunits=2, refcnt=1) vector(2) int
qwen36.c:2243:17: note: op template: vh_635 = MEM[(struct Cfg *)&m].dn_vheads;
qwen36.c:2243:17: note: 	stmt 0 vh_635 = MEM[(struct Cfg *)&m].dn_vheads;
qwen36.c:2243:17: note: 	stmt 1 vdim_638 = MEM[(struct Cfg *)&m].dn_vdim;
qwen36.c:2243:17: note: 	load permutation { 0 3 }
qwen36.c:2243:17: note: Cost model analysis: 
qwen36.c:2243:17: note: Cost model analysis for part in loop 2:
  Vector cost: 72
  Scalar cost: 24
qwen36.c:2243:17: missed: not vectorized: vectorization is not profitable.
qwen36.c:1860:13: note: Costing subgraph: 
qwen36.c:1860:13: note: node 0x3af41a68 (max_nunits=2, refcnt=1) vector(2) int
qwen36.c:1860:13: note: op template: .omp_data_o.512.layer = i_1623;
qwen36.c:1860:13: note: 	stmt 0 .omp_data_o.512.layer = i_1623;
qwen36.c:1860:13: note: 	stmt 1 .omp_data_o.512.S = S_16(D);
qwen36.c:1860:13: note: 	children 0x3af41ae8
qwen36.c:1860:13: note: node (external) 0x3af41ae8 (max_nunits=1, refcnt=1) vector(2) int
qwen36.c:1860:13: note: 	{ i_1623, S_16(D) }
qwen36.c:1860:13: note: Cost model analysis: 
qwen36.c:1860:13: note: Cost model analysis for part in loop 2:
  Vector cost: 20
  Scalar cost: 24
qwen36.c:1860:13: note: Basic block will be vectorized using SLP
qwen36.c:1860:13: note: Vectorizing SLP tree:
qwen36.c:1860:13: note: node 0x3af40d68 (max_nunits=2, refcnt=1) vector(2) long unsigned int
qwen36.c:1860:13: note: op template: .omp_data_o.535.y = p_961;
qwen36.c:1860:13: note: 	stmt 0 .omp_data_o.535.y = p_961;
qwen36.c:1860:13: note: 	stmt 1 .omp_data_o.535.x = xs_681;
qwen36.c:1860:13: note: 	children 0x3af40e68
qwen36.c:1860:13: note: node (external) 0x3af40e68 (max_nunits=1, refcnt=1) vector(2) long unsigned int
qwen36.c:1860:13: note: 	{ p_961, xs_681 }
qwen36.c:1860:13: note: ------>vectorizing SLP node starting from: .omp_data_o.535.y = p_961;
qwen36.c:1860:13: note: vect_is_simple_use: operand p_255 + _680, type of def: internal
qwen36.c:1860:13: note: transform store. ncopies = 1
qwen36.c:1860:13: note: create vector_type-pointer variable to type: vector(2) long unsigned int  vectorizing a pointer ref: .omp_data_o.535.y
qwen36.c:1860:13: note: created &.omp_data_o.535
qwen36.c:1860:13: note: add new stmt: MEM <vector(2) long unsigned int> [(float * *)&.omp_data_o.535] = _1927;
qwen36.c:1860:13: note: vectorizing stmts using SLP.
qwen36.c:1860:13: optimized: basic block part vectorized using 32 byte vectors
qwen36.c:1860:13: note: Vectorizing SLP tree:
qwen36.c:1860:13: note: node 0x3af40fe8 (max_nunits=2, refcnt=1) vector(2) long unsigned int
qwen36.c:1860:13: note: op template: .omp_data_o.535.y = p_957;
qwen36.c:1860:13: note: 	stmt 0 .omp_data_o.535.y = p_957;
qwen36.c:1860:13: note: 	stmt 1 .omp_data_o.535.x = xs_681;
qwen36.c:1860:13: note: 	children 0x3af410e8
qwen36.c:1860:13: note: node (external) 0x3af410e8 (max_nunits=1, refcnt=1) vector(2) long unsigned int
qwen36.c:1860:13: note: 	{ p_957, xs_681 }
qwen36.c:1860:13: note: ------>vectorizing SLP node starting from: .omp_data_o.535.y = p_957;
qwen36.c:1860:13: note: vect_is_simple_use: operand p_255 + _680, type of def: internal
qwen36.c:1860:13: note: transform store. ncopies = 1
qwen36.c:1860:13: note: create vector_type-pointer variable to type: vector(2) long unsigned int  vectorizing a pointer ref: .omp_data_o.535.y
qwen36.c:1860:13: note: created &.omp_data_o.535
qwen36.c:1860:13: note: add new stmt: MEM <vector(2) long unsigned int> [(float * *)&.omp_data_o.535] = _1891;
qwen36.c:1860:13: note: vectorizing stmts using SLP.
qwen36.c:1860:13: optimized: basic block part vectorized using 32 byte vectors
qwen36.c:1860:13: note: Vectorizing SLP tree:
qwen36.c:1860:13: note: node 0x3af41368 (max_nunits=4, refcnt=1) vector(4) long unsigned int
qwen36.c:1860:13: note: op template: .omp_data_o.525.beta = p_953;
qwen36.c:1860:13: note: 	stmt 0 .omp_data_o.525.beta = p_953;
qwen36.c:1860:13: note: 	stmt 1 .omp_data_o.525.gg = p_949;
qwen36.c:1860:13: note: 	stmt 2 .omp_data_o.525.q = p_941;
qwen36.c:1860:13: note: 	stmt 3 .omp_data_o.525.k = p_937;
qwen36.c:1860:13: note: 	children 0x3af413e8
qwen36.c:1860:13: note: node (external) 0x3af413e8 (max_nunits=4, refcnt=1) vector(4) long unsigned int
qwen36.c:1860:13: note: 	stmt 0 p_953 = malloc (_960);
qwen36.c:1860:13: note: 	stmt 1 p_949 = malloc (_960);
qwen36.c:1860:13: note: 	stmt 2 p_941 = malloc (_940);
qwen36.c:1860:13: note: 	stmt 3 p_937 = malloc (_940);
qwen36.c:1860:13: note: 	children 0x3af415e8
qwen36.c:1860:13: note: node (external) 0x3af415e8 (max_nunits=1, refcnt=1)
qwen36.c:1860:13: note: 	{ _960, _960, _940, _940 }
qwen36.c:1860:13: note: ------>vectorizing SLP node starting from: .omp_data_o.525.beta = p_953;
qwen36.c:1860:13: note: vect_is_simple_use: operand malloc (_960), type of def: internal
qwen36.c:1860:13: note: vect_is_simple_use: operand malloc (_940), type of def: internal
qwen36.c:1860:13: note: vect_is_simple_use: operand malloc (_940), type of def: internal
qwen36.c:1860:13: note: transform store. ncopies = 1
qwen36.c:1860:13: note: create vector_type-pointer variable to type: vector(4) long unsigned int  vectorizing a pointer ref: .omp_data_o.525.beta
qwen36.c:1860:13: note: created &.omp_data_o.525
qwen36.c:1860:13: note: add new stmt: MEM <vector(4) long unsigned int> [(float * *)&.omp_data_o.525] = _1883;
qwen36.c:1860:13: note: vectorizing stmts using SLP.
qwen36.c:1860:13: optimized: basic block part vectorized using 32 byte vectors
qwen36.c:1860:13: note: Vectorizing SLP tree:
qwen36.c:1860:13: note: node 0x3af416e8 (max_nunits=2, refcnt=1) vector(2) long unsigned int
qwen36.c:1860:13: note: op template: .omp_data_o.525.outv = p_933;
qwen36.c:1860:13: note: 	stmt 0 .omp_data_o.525.outv = p_933;
qwen36.c:1860:13: note: 	stmt 1 .omp_data_o.525.rec = rec_671;
qwen36.c:1860:13: note: 	children 0x3af417e8
qwen36.c:1860:13: note: node (external) 0x3af417e8 (max_nunits=1, refcnt=1) vector(2) long unsigned int
qwen36.c:1860:13: note: 	{ p_933, rec_671 }
qwen36.c:1860:13: note: ------>vectorizing SLP node starting from: .omp_data_o.525.outv = p_933;
qwen36.c:1860:13: note: vect_is_simple_use: operand *_670, type of def: internal
qwen36.c:1860:13: note: transform store. ncopies = 1
qwen36.c:1860:13: note: create vector_type-pointer variable to type: vector(2) long unsigned int  vectorizing a pointer ref: .omp_data_o.525.outv
qwen36.c:1860:13: note: created &.omp_data_o.525.outv
qwen36.c:1860:13: note: add new stmt: MEM <vector(2) long unsigned int> [(float * *)&.omp_data_o.525 + 32B] = _1828;
qwen36.c:1860:13: note: vectorizing stmts using SLP.
qwen36.c:1860:13: optimized: basic block part vectorized using 32 byte vectors
qwen36.c:1860:13: note: Vectorizing SLP tree:
qwen36.c:1860:13: note: node 0x3af41a68 (max_nunits=2, refcnt=1) vector(2) int
qwen36.c:1860:13: note: op template: .omp_data_o.512.layer = i_1623;
qwen36.c:1860:13: note: 	stmt 0 .omp_data_o.512.layer = i_1623;
qwen36.c:1860:13: note: 	stmt 1 .omp_data_o.512.S = S_16(D);
qwen36.c:1860:13: note: 	children 0x3af41ae8
qwen36.c:1860:13: note: node (external) 0x3af41ae8 (max_nunits=1, refcnt=1) vector(2) int
qwen36.c:1860:13: note: 	{ i_1623, S_16(D) }
qwen36.c:1860:13: note: ------>vectorizing SLP node starting from: .omp_data_o.512.layer = i_1623;
qwen36.c:1860:13: note: vect_is_simple_use: operand S_16(D), type of def: external
qwen36.c:1860:13: note: transform store. ncopies = 1
qwen36.c:1860:13: note: create vector_type-pointer variable to type: vector(2) int  vectorizing a pointer ref: .omp_data_o.512.layer
qwen36.c:1860:13: note: created &.omp_data_o.512.layer
qwen36.c:1860:13: note: add new stmt: MEM <vector(2) int> [(int *)&.omp_data_o.512 + 24B] = _1826;
qwen36.c:1860:13: note: vectorizing stmts using SLP.
qwen36.c:1860:13: optimized: basic block part vectorized using 32 byte vectors
qwen36.c:1860:13: note: ***** The result for vector mode V32QI would be the same
qwen36.c:252:12: missed: couldn't vectorize loop
qwen36.c:252:12: missed: not vectorized: loop nest containing two or more consecutive inner loops cannot be vectorized
qwen36.c:246:18: missed: couldn't vectorize loop
qwen36.c:246:18: missed: not vectorized: loop nest containing two or more consecutive inner loops cannot be vectorized
qwen36.c:106:136: missed: couldn't vectorize loop
qwen36.c:106:136: missed: not vectorized: control flow in loop.
qwen36.c:103:69: missed: couldn't vectorize loop
qwen36.c:103:69: missed: not vectorized: number of iterations cannot be computed.
qwen36.c:233:25: missed: couldn't vectorize loop
qwen36.c:233:25: missed: not vectorized: loop nest containing two or more consecutive inner loops cannot be vectorized
qwen36.c:233:22: missed: couldn't vectorize loop
qwen36.c:233:22: missed: not vectorized: loop nest containing two or more consecutive inner loops cannot be vectorized
qwen36.c:106:136: missed: couldn't vectorize loop
qwen36.c:106:136: missed: not vectorized: control flow in loop.
qwen36.c:103:69: missed: couldn't vectorize loop
qwen36.c:103:69: missed: not vectorized: number of iterations cannot be computed.
qwen36.c:226:18: missed: couldn't vectorize loop
qwen36.c:226:18: missed: not vectorized: control flow in loop.
qwen36.c:154:7: missed: couldn't vectorize loop
qwen36.c:154:7: missed: not vectorized: control flow in loop.
qwen36.c:159:18: missed: couldn't vectorize loop
qwen36.c:159:18: missed: not vectorized: control flow in loop.
qwen36.c:217:316: missed: couldn't vectorize loop
qwen36.c:217:316: missed: not vectorized: control flow in loop.
qwen36.c:154:7: missed: couldn't vectorize loop
qwen36.c:154:7: missed: not vectorized: control flow in loop.
qwen36.c:159:18: missed: couldn't vectorize loop
qwen36.c:159:18: missed: not vectorized: control flow in loop.
qwen36.c:218:255: missed: couldn't vectorize loop
qwen36.c:218:255: missed: not vectorized: control flow in loop.
qwen36.c:154:7: missed: couldn't vectorize loop
qwen36.c:154:7: missed: not vectorized: control flow in loop.
qwen36.c:159:18: missed: couldn't vectorize loop
qwen36.c:159:18: missed: not vectorized: control flow in loop.
qwen36.c:154:7: missed: couldn't vectorize loop
qwen36.c:154:7: missed: not vectorized: control flow in loop.
qwen36.c:159:18: missed: couldn't vectorize loop
qwen36.c:159:18: missed: not vectorized: control flow in loop.
qwen36.c:159:18: missed: couldn't vectorize loop
qwen36.c:159:18: missed: not vectorized: control flow in loop.
qwen36.c:159:18: missed: couldn't vectorize loop
qwen36.c:159:18: missed: not vectorized: control flow in loop.
qwen36.c:199:22: missed: couldn't vectorize loop
qwen36.c:199:22: missed: not vectorized: control flow in loop.
qwen36.c:199:113: missed: couldn't vectorize loop
qwen36.c:199:113: missed: not vectorized: control flow in loop.
qwen36.c:159:18: missed: couldn't vectorize loop
qwen36.c:159:18: missed: not vectorized: control flow in loop.
qwen36.c:185:18: missed: couldn't vectorize loop
qwen36.c:185:18: missed: not vectorized: control flow in loop.
qwen36.c:249:13: note: vectorized 0 loops in function.
qwen36.c:250:32: missed: statement clobbers memory: _3 = malloc (4096);
qwen36.c:251:19: missed: statement clobbers memory: _4 = strlen (text_20(D));
qwen36.c:187:12: missed: statement clobbers memory: _55 = memcmp (_54, _52, _48);
qwen36.c:225:35: missed: statement clobbers memory: syms_482 = malloc (128);
qwen36.c:228:21: missed: statement clobbers memory: _490 = strlen (sym_489);
qwen36.c:228:42: missed: statement clobbers memory: d_494 = malloc (_493);
/usr/include/x86_64-linux-gnu/bits/string_fortified.h:29:10: missed: statement clobbers memory: __builtin___memcpy_chk (d_494, sym_489, _490, _493);
qwen36.c:229:36: missed: statement clobbers memory: syms_503 = realloc (syms_5, _501);
qwen36.c:235:31: missed: statement clobbers memory: _518 = strlen (a_513);
qwen36.c:235:51: missed: statement clobbers memory: _519 = strlen (b_517);
qwen36.c:236:23: missed: statement clobbers memory: key_522 = malloc (kl_521);
/usr/include/x86_64-linux-gnu/bits/stdio2.h:54:10: missed: statement clobbers memory: __builtin___snprintf_chk (key_522, kl_521, 2, kl_521, "%s\x1f%s", a_513, b_517);
qwen36.c:237:43: missed: statement clobbers memory: free (key_522);
qwen36.c:106:141: missed: statement clobbers memory: _591 = strcmp (_590, key_522);
qwen36.c:237:43: missed: statement clobbers memory: free (key_522);
qwen36.c:237:43: missed: statement clobbers memory: free (key_522);
qwen36.c:241:24: missed: statement clobbers memory: _537 = strlen (_536);
qwen36.c:241:44: missed: statement clobbers memory: _542 = strlen (_541);
qwen36.c:241:17: missed: statement clobbers memory: m_545 = malloc (_544);
/usr/include/x86_64-linux-gnu/bits/string_fortified.h:79:10: missed: statement clobbers memory: __builtin___strcpy_chk (m_545, _536, _544);
/usr/include/x86_64-linux-gnu/bits/string_fortified.h:130:10: missed: statement clobbers memory: __builtin___strcat_chk (m_545, _541, _544);
qwen36.c:243:9: missed: statement clobbers memory: free (_536);
qwen36.c:243:28: missed: statement clobbers memory: free (_541);
qwen36.c:244:46: missed: statement clobbers memory: __builtin_memmove (_540, _1343, _1350);
qwen36.c:106:141: missed: statement clobbers memory: _635 = strcmp (_634, _563);
qwen36.c:181:82: missed: statement clobbers memory: _610 = realloc (ids_801, _608);
qwen36.c:246:99: missed: statement clobbers memory: free (_563);
qwen36.c:247:5: missed: statement clobbers memory: free (syms_114);
qwen36.c:181:82: missed: statement clobbers memory: _73 = realloc (ids_804, _71);
qwen36.c:197:67: note: ***** Analysis succeeded with vector mode V8SI
qwen36.c:197:67: note: SLPing BB part
qwen36.c:197:21: note: Costing subgraph: 
qwen36.c:197:21: note: node 0x3b440ad8 (max_nunits=4, refcnt=1) vector(4) long unsigned int
qwen36.c:197:21: note: op template: cands[0] = "ll";
qwen36.c:197:21: note: 	stmt 0 cands[0] = "ll";
qwen36.c:197:21: note: 	stmt 1 cands[1] = "ve";
qwen36.c:197:21: note: 	stmt 2 cands[2] = "re";
qwen36.c:197:21: note: 	stmt 3 cands[3] = "s";
qwen36.c:197:21: note: 	children 0x3b440b58
qwen36.c:197:21: note: node (external) 0x3b440b58 (max_nunits=1, refcnt=1) vector(4) long unsigned int
qwen36.c:197:21: note: 	{ "ll", "ve", "re", "s" }
qwen36.c:197:21: note: Cost model analysis: 
qwen36.c:197:21: note: Cost model analysis for part in loop 1:
  Vector cost: 32
  Scalar cost: 48
qwen36.c:197:21: note: Costing subgraph: 
qwen36.c:197:21: note: node 0x3b440c58 (max_nunits=2, refcnt=1) vector(2) long unsigned int
qwen36.c:197:21: note: op template: cands[4] = "t";
qwen36.c:197:21: note: 	stmt 0 cands[4] = "t";
qwen36.c:197:21: note: 	stmt 1 cands[5] = "m";
qwen36.c:197:21: note: 	children 0x3b440cd8
qwen36.c:197:21: note: node (external) 0x3b440cd8 (max_nunits=1, refcnt=1) vector(2) long unsigned int
qwen36.c:197:21: note: 	{ "t", "m" }
qwen36.c:197:21: note: Cost model analysis: 
qwen36.c:197:21: note: Cost model analysis for part in loop 1:
  Vector cost: 16
  Scalar cost: 24
qwen36.c:197:67: note: Costing subgraph: 
qwen36.c:197:67: note: node 0x3b440dd8 (max_nunits=4, refcnt=1) vector(4) int
qwen36.c:197:67: note: op template: clen[1] = 2;
qwen36.c:197:67: note: 	stmt 0 clen[1] = 2;
qwen36.c:197:67: note: 	stmt 1 clen[2] = 2;
qwen36.c:197:67: note: 	stmt 2 clen[3] = 1;
qwen36.c:197:67: note: 	stmt 3 clen[4] = 1;
qwen36.c:197:67: note: 	children 0x3b440e58
qwen36.c:197:67: note: node (constant) 0x3b440e58 (max_nunits=1, refcnt=1) vector(4) int
qwen36.c:197:67: note: 	{ 2, 2, 1, 1 }
qwen36.c:197:67: note: Cost model analysis: 
qwen36.c:197:67: note: Cost model analysis for part in loop 1:
  Vector cost: 24
  Scalar cost: 48
qwen36.c:197:67: note: Costing subgraph: 
qwen36.c:197:67: note: node 0x3b440ed8 (max_nunits=2, refcnt=1) vector(2) int
qwen36.c:197:67: note: op template: clen[5] = 1;
qwen36.c:197:67: note: 	stmt 0 clen[5] = 1;
qwen36.c:197:67: note: 	stmt 1 clen[6] = 1;
qwen36.c:197:67: note: 	children 0x3b440f58
qwen36.c:197:67: note: node (constant) 0x3b440f58 (max_nunits=1, refcnt=1) vector(2) int
qwen36.c:197:67: note: 	{ 1, 1 }
qwen36.c:197:67: note: Cost model analysis: 
qwen36.c:197:67: note: Cost model analysis for part in loop 1:
  Vector cost: 24
  Scalar cost: 24
qwen36.c:197:67: note: Basic block will be vectorized using SLP
qwen36.c:197:67: note: Vectorizing SLP tree:
qwen36.c:197:67: note: node 0x3b440ad8 (max_nunits=4, refcnt=1) vector(4) long unsigned int
qwen36.c:197:67: note: op template: cands[0] = "ll";
qwen36.c:197:67: note: 	stmt 0 cands[0] = "ll";
qwen36.c:197:67: note: 	stmt 1 cands[1] = "ve";
qwen36.c:197:67: note: 	stmt 2 cands[2] = "re";
qwen36.c:197:67: note: 	stmt 3 cands[3] = "s";
qwen36.c:197:67: note: 	children 0x3b440b58
qwen36.c:197:67: note: node (external) 0x3b440b58 (max_nunits=1, refcnt=1) vector(4) long unsigned int
qwen36.c:197:67: note: 	{ "ll", "ve", "re", "s" }
qwen36.c:197:67: note: ------>vectorizing SLP node starting from: cands[0] = "ll";
qwen36.c:197:67: note: vect_is_simple_use: operand "ve", type of def: external
qwen36.c:197:67: note: vect_is_simple_use: operand "re", type of def: external
qwen36.c:197:67: note: vect_is_simple_use: operand "s", type of def: external
qwen36.c:197:67: note: transform store. ncopies = 1
qwen36.c:197:67: note: create vector_type-pointer variable to type: vector(4) long unsigned int  vectorizing a pointer ref: cands[0]
qwen36.c:197:67: note: created &cands[0]
qwen36.c:197:67: note: add new stmt: MEM <vector(4) long unsigned int> [(const char * *)&cands] = _1292;
qwen36.c:197:67: note: vectorizing stmts using SLP.
qwen36.c:197:67: optimized: basic block part vectorized using 32 byte vectors
qwen36.c:197:67: note: Vectorizing SLP tree:
qwen36.c:197:67: note: node 0x3b440c58 (max_nunits=2, refcnt=1) vector(2) long unsigned int
qwen36.c:197:67: note: op template: cands[4] = "t";
qwen36.c:197:67: note: 	stmt 0 cands[4] = "t";
qwen36.c:197:67: note: 	stmt 1 cands[5] = "m";
qwen36.c:197:67: note: 	children 0x3b440cd8
qwen36.c:197:67: note: node (external) 0x3b440cd8 (max_nunits=1, refcnt=1) vector(2) long unsigned int
qwen36.c:197:67: note: 	{ "t", "m" }
qwen36.c:197:67: note: ------>vectorizing SLP node starting from: cands[4] = "t";
qwen36.c:197:67: note: vect_is_simple_use: operand "m", type of def: external
qwen36.c:197:67: note: transform store. ncopies = 1
qwen36.c:197:67: note: create vector_type-pointer variable to type: vector(2) long unsigned int  vectorizing a pointer ref: cands[4]
qwen36.c:197:67: note: created &cands[4]
qwen36.c:197:67: note: add new stmt: MEM <vector(2) long unsigned int> [(const char * *)&cands + 32B] = _584;
qwen36.c:197:67: note: vectorizing stmts using SLP.
qwen36.c:197:67: optimized: basic block part vectorized using 32 byte vectors
qwen36.c:197:67: note: Vectorizing SLP tree:
qwen36.c:197:67: note: node 0x3b440dd8 (max_nunits=4, refcnt=1) vector(4) int
qwen36.c:197:67: note: op template: clen[1] = 2;
qwen36.c:197:67: note: 	stmt 0 clen[1] = 2;
qwen36.c:197:67: note: 	stmt 1 clen[2] = 2;
qwen36.c:197:67: note: 	stmt 2 clen[3] = 1;
qwen36.c:197:67: note: 	stmt 3 clen[4] = 1;
qwen36.c:197:67: note: 	children 0x3b440e58
qwen36.c:197:67: note: node (constant) 0x3b440e58 (max_nunits=1, refcnt=1) vector(4) int
qwen36.c:197:67: note: 	{ 2, 2, 1, 1 }
qwen36.c:197:67: note: ------>vectorizing SLP node starting from: clen[1] = 2;
qwen36.c:197:67: note: vect_is_simple_use: operand 2, type of def: constant
qwen36.c:197:67: note: vect_is_simple_use: operand 1, type of def: constant
qwen36.c:197:67: note: vect_is_simple_use: operand 1, type of def: constant
qwen36.c:197:67: note: transform store. ncopies = 1
qwen36.c:197:67: note: create vector_type-pointer variable to type: vector(4) int  vectorizing a pointer ref: clen[1]
qwen36.c:197:67: note: created &clen[1]
qwen36.c:197:67: note: add new stmt: MEM <vector(4) int> [(int *)&clen + 4B] = { 2, 2, 1, 1 };
qwen36.c:197:67: note: vectorizing stmts using SLP.
qwen36.c:197:67: optimized: basic block part vectorized using 32 byte vectors
qwen36.c:197:67: note: Vectorizing SLP tree:
qwen36.c:197:67: note: node 0x3b440ed8 (max_nunits=2, refcnt=1) vector(2) int
qwen36.c:197:67: note: op template: clen[5] = 1;
qwen36.c:197:67: note: 	stmt 0 clen[5] = 1;
qwen36.c:197:67: note: 	stmt 1 clen[6] = 1;
qwen36.c:197:67: note: 	children 0x3b440f58
qwen36.c:197:67: note: node (constant) 0x3b440f58 (max_nunits=1, refcnt=1) vector(2) int
qwen36.c:197:67: note: 	{ 1, 1 }
qwen36.c:197:67: note: ------>vectorizing SLP node starting from: clen[5] = 1;
qwen36.c:197:67: note: vect_is_simple_use: operand 1, type of def: constant
qwen36.c:197:67: note: transform store. ncopies = 1
qwen36.c:197:67: note: create vector_type-pointer variable to type: vector(2) int  vectorizing a pointer ref: clen[5]
qwen36.c:197:67: note: created &clen[5]
qwen36.c:197:67: note: add new stmt: MEM <vector(2) int> [(int *)&clen + 20B] = { 1, 1 };
qwen36.c:197:67: note: vectorizing stmts using SLP.
qwen36.c:197:67: optimized: basic block part vectorized using 32 byte vectors
qwen36.c:197:67: note: ***** The result for vector mode V32QI would be the same
qwen36.c:2722:18: missed: couldn't vectorize loop
qwen36.c:2722:18: missed: not vectorized: loop nest containing two or more consecutive inner loops cannot be vectorized
qwen36.c:2692:20: missed: couldn't vectorize loop
qwen36.c:2692:20: missed: not vectorized: loop nest containing two or more consecutive inner loops cannot be vectorized
qwen36.c:2695:36: missed: couldn't vectorize loop
qwen36.c:2729:5: missed: not vectorized: relevant phi not supported: is_eos_1568 = PHI <is_eos_924(383), 0(426)>
qwen36.c:2695:36: note: ***** Analysis failed with vector mode V8SI
qwen36.c:2695:36: note: ***** Skipping vector mode V32QI, which would repeat the analysis for V8SI
qwen36.c:2638:42: missed: couldn't vectorize loop
qwen36.c:2638:52: missed: not vectorized: unsupported use in stmt.
qwen36.c:2638:42: note: ***** Analysis failed with vector mode V8SF
qwen36.c:2638:42: note: ***** Skipping vector mode V32QI, which would repeat the analysis for V8SF
qwen36.c:2648:36: missed: couldn't vectorize loop
qwen36.c:2648:36: missed: not vectorized: control flow in loop.
qwen36.c:2646:14: missed: couldn't vectorize loop
qwen36.c:2646:14: missed: not vectorized: control flow in loop.
qwen36.c:2643:18: missed: couldn't vectorize loop
qwen36.c:2643:35: missed: statement clobbers memory: p_992 = expf (_991);
qwen36.c:2641:18: missed: couldn't vectorize loop
qwen36.c:2729:5: missed: not vectorized: unsupported use in stmt.
qwen36.c:2641:18: note: ***** Analysis failed with vector mode V8SF
qwen36.c:2641:18: note: ***** Skipping vector mode V32QI, which would repeat the analysis for V8SF
qwen36.c:2605:9: missed: couldn't vectorize loop
qwen36.c:2605:9: missed: not vectorized: control flow in loop.
qwen36.c:2560:24: missed: couldn't vectorize loop
qwen36.c:2560:24: missed: not vectorized: loop nest containing two or more consecutive inner loops cannot be vectorized
qwen36.c:2562:41: missed: couldn't vectorize loop
qwen36.c:2562:63: missed: statement clobbers memory: _1064 = exp (_1063);
qwen36.c:2561:48: missed: couldn't vectorize loop
qwen36.c:2729:5: missed: not vectorized: unsupported use in stmt.
qwen36.c:2561:48: note: ***** Analysis failed with vector mode V8SF
qwen36.c:2561:48: note: ***** Skipping vector mode V32QI, which would repeat the analysis for V8SF
qwen36.c:733:18: missed: couldn't vectorize loop
qwen36.c:733:18: missed: not vectorized: control flow in loop.
qwen36.c:2977:50: missed: couldn't vectorize loop
qwen36.c:2977:50: missed: not vectorized: control flow in loop.
qwen36.c:2976:50: missed: couldn't vectorize loop
/usr/include/x86_64-linux-gnu/bits/stdio2.h:86:10: missed: statement clobbers memory: __printf_chk (2, "%d ", _227);
qwen36.c:2528:29: missed: couldn't vectorize loop
qwen36.c:2528:29: missed: not vectorized: loop nest containing two or more consecutive inner loops cannot be vectorized
qwen36.c:2529:27: missed: couldn't vectorize loop
qwen36.c:2529:47: missed: not vectorized: unsupported use in stmt.
qwen36.c:2529:27: note: ***** Analysis failed with vector mode V8SF
qwen36.c:2529:27: note: ***** Skipping vector mode V32QI, which would repeat the analysis for V8SF
qwen36.c:1071:35: missed: couldn't vectorize loop
qwen36.c:1071:35: missed: not vectorized: control flow in loop.
qwen36.c:2870:31: missed: couldn't vectorize loop
qwen36.c:2870:71: missed: not vectorized: relevant stmt not supported: _1740 = _1741 + _1745;
qwen36.c:2814:27: missed: couldn't vectorize loop
qwen36.c:2814:27: missed: not vectorized: number of iterations cannot be computed.
qwen36.c:2729:5: note: vectorized 0 loops in function.
qwen36.c:2730:24: missed: statement clobbers memory: snap_345 = getenv ("SNAP");
qwen36.c:2732:15: missed: statement clobbers memory: _1 = getenv ("PILOT");
qwen36.c:2732:38: missed: statement clobbers memory: _2 = getenv ("PILOT");
/usr/include/stdlib.h:483:16: missed: statement clobbers memory: _552 = strtol (_2, 0B, 10);
qwen36.c:2733:15: missed: statement clobbers memory: _3 = getenv ("WIDE");
qwen36.c:2733:38: missed: statement clobbers memory: _4 = getenv ("WIDE");
/usr/include/stdlib.h:483:16: missed: statement clobbers memory: _554 = strtol (_4, 0B, 10);
qwen36.c:2735:9: missed: statement clobbers memory: _6 = getenv ("OPENAI");
qwen36.c:2736:22: missed: statement clobbers memory: mv_357 = getenv ("MODEL");
qwen36.c:2737:17: missed: statement clobbers memory: _8 = getenv ("HOT");
qwen36.c:2737:38: missed: statement clobbers memory: _9 = getenv ("HOT");
/usr/include/stdlib.h:483:16: missed: statement clobbers memory: _556 = strtol (_9, 0B, 10);
qwen36.c:2738:28: missed: statement clobbers memory: iftmp.5_364 = coli_arg_int (_10, "cache/layer");
qwen36.c:2739:28: missed: statement clobbers memory: iftmp.6_366 = coli_arg_int (_11, "expert bits");
qwen36.c:2747:20: missed: statement clobbers memory: _16 = getenv ("SMOOTH");
qwen36.c:2747:51: missed: statement clobbers memory: _17 = getenv ("SMOOTH");
/usr/include/x86_64-linux-gnu/bits/stdlib-float.h:27:10: missed: statement clobbers memory: _558 = strtod (_17, 0B);
qwen36.c:2748:20: missed: statement clobbers memory: _18 = getenv ("CONF_LIMIT");
qwen36.c:2748:55: missed: statement clobbers memory: _19 = getenv ("CONF_LIMIT");
/usr/include/x86_64-linux-gnu/bits/stdlib-float.h:27:10: missed: statement clobbers memory: _559 = strtod (_19, 0B);
/usr/include/x86_64-linux-gnu/bits/stdio2.h:79:10: missed: statement clobbers memory: __fprintf_chk (stderr.15_24, 2, "== qwen36 Phase-2 engine | cache=%d/layer bits=%d pilot=%d wide=%d hot=%d smooth=%.2f conf=%.2f ==\n", iftmp.5_811, iftmp.6_958, iftmp.0_285, g_wide.13_22, iftmp.4_287, _21, _20);
qwen36.c:2755:22: missed: statement clobbers memory: _25 = strlen (iftmp.10_289);
qwen36.c:2756:21: missed: statement clobbers memory: _29 = strcmp (_28, ".json");
qwen36.c:2765:22: missed: statement clobbers memory: _30 = getenv ("SERVE");
qwen36.c:2765:56: missed: statement clobbers memory: _31 = getenv ("SERVE");
qwen36.c:2769:31: missed: statement clobbers memory: tokpath_382 = getenv ("TOK");
/usr/include/x86_64-linux-gnu/bits/stdio2.h:54:10: missed: statement clobbers memory: __builtin___snprintf_chk (&tpb, 2048, 2, 2048, "%s/tokenizer.json", snap_345);
qwen36.c:2772:83: missed: statement clobbers memory: load_tokenizer (&tpb);
qwen36.c:2771:51: missed: statement clobbers memory: load_tokenizer (_35);
qwen36.c:2770:34: missed: statement clobbers memory: load_tokenizer (tokpath_382);
qwen36.c:2787:19: missed: statement clobbers memory: f_388 = fopen (iftmp.10_289, "rb");
qwen36.c:2788:9: missed: statement clobbers memory: fseek (f_388, 0, 2);
qwen36.c:2788:37: missed: statement clobbers memory: n_391 = ftell (f_388);
qwen36.c:2788:47: missed: statement clobbers memory: fseek (f_388, 0, 0);
qwen36.c:2789:19: missed: statement clobbers memory: txt_394 = malloc (_47);
/usr/include/x86_64-linux-gnu/bits/stdio2.h:215:10: missed: statement clobbers memory: __fread_chk (txt_394, _47, 1, n.22_48, f_388);
qwen36.c:2789:78: missed: statement clobbers memory: fclose (f_388);
qwen36.c:2791:9: missed: statement clobbers memory: encode_text (txt_394, &prompt, &np);
qwen36.c:2792:9: missed: statement clobbers memory: free (txt_394);
qwen36.c:2793:17: missed: statement clobbers memory: _53 = getenv ("N_NEW");
qwen36.c:2793:40: missed: statement clobbers memory: _54 = getenv ("N_NEW");
/usr/include/stdlib.h:483:16: missed: statement clobbers memory: _573 = strtol (_54, 0B, 10);
/usr/include/x86_64-linux-gnu/bits/stdio2.h:79:10: missed: statement clobbers memory: __fprintf_chk (stderr.29_56, 2, "[enc] prompt tokens: %d | generating %d new tokens\n", np.28_55, n_new_269);
qwen36.c:2796:13: missed: statement clobbers memory: _57 = getenv ("ENC_DEBUG");
/usr/include/x86_64-linux-gnu/bits/stdio2.h:79:10: missed: statement clobbers memory: __builtin_fwrite ("[enc] prompt ids: ", 1, 18, stderr.31_58);
/usr/include/x86_64-linux-gnu/bits/stdio2.h:79:10: missed: statement clobbers memory: __builtin_fputc (10, pretmp_1465);
/usr/include/x86_64-linux-gnu/bits/stdio2.h:79:10: missed: statement clobbers memory: __fprintf_chk (pretmp_1783, 2, "%d ", _63);
/usr/include/x86_64-linux-gnu/bits/stdio2.h:79:10: missed: statement clobbers memory: __builtin_fwrite ("[enc] no tokenizer loaded; cannot encode text. Put tokenizer.json in SNAP or set TOK.\n", 1, 86, stderr.26_52);
qwen36.c:2790:131: missed: statement clobbers memory: free (txt_394);
qwen36.c:2787:51: missed: statement clobbers memory: perror (iftmp.10_289);
qwen36.c:2778:19: missed: statement clobbers memory: f_406 = fopen (iftmp.10_289, "rb");
qwen36.c:2779:9: missed: statement clobbers memory: fseek (f_406, 0, 2);
qwen36.c:2779:37: missed: statement clobbers memory: n_409 = ftell (f_406);
qwen36.c:2779:47: missed: statement clobbers memory: fseek (f_406, 0, 0);
qwen36.c:2780:13: missed: statement clobbers memory: buf_412 = malloc (_40);
/usr/include/x86_64-linux-gnu/bits/stdio2.h:215:10: missed: statement clobbers memory: __fread_chk (buf_412, _40, 1, n.17_41, f_406);
qwen36.c:2780:72: missed: statement clobbers memory: fclose (f_406);
qwen36.c:2781:21: missed: statement clobbers memory: ref_416 = json_parse.constprop (buf_412, &arena);
qwen36.c:2782:18: missed: statement clobbers memory: _43 = read_int_array.constprop (ref_416, "prompt_ids", &np);
qwen36.c:2783:18: missed: statement clobbers memory: full_420 = read_int_array.constprop (ref_416, "full_ids", &nfull);
qwen36.c:2778:51: missed: statement clobbers memory: perror (iftmp.10_289);
qwen36.c:1467:5: missed: statement clobbers memory: model_init_range.constprop (snap_345, iftmp.5_811, iftmp.6_958);
/usr/include/x86_64-linux-gnu/bits/stdio2.h:79:10: missed: statement clobbers memory: __fprintf_chk (stderr.38_67, 2, "[qwen36] group-scaled experts: gs=%d\n", _66);
qwen36.c:705:47: missed: statement clobbers memory: getrusage (0, &r);
/usr/include/x86_64-linux-gnu/bits/stdio2.h:79:10: missed: statement clobbers memory: __fprintf_chk (stderr.39_69, 2, "resident weights loaded in %.1fs | RSS after load: %.2f GB\n", _68, _579);
qwen36.c:1010:71: missed: statement clobbers memory: e_741 = getenv ("COLI_DENSE_I8");
qwen36.c:701:48: missed: statement clobbers memory: clock_gettime (1, &t);
qwen36.c:2816:35: missed: statement clobbers memory: _78 = attn_cpuorder_on ();
qwen36.c:2817:37: missed: statement clobbers memory: _79 = shared_cpuorder_on ();
qwen36.c:2818:13: missed: statement clobbers memory: qdw_register_with_flags (_80, D2_425, q_out_426, _1137);
qwen36.c:2819:13: missed: statement clobbers memory: qdw_register_with_flags (_81, D2_425, kv_out_427, _1137);
qwen36.c:2820:13: missed: statement clobbers memory: qdw_register_with_flags (_82, D2_425, kv_out_427, _1137);
qwen36.c:2821:13: missed: statement clobbers memory: qdw_register_with_flags (_84, _83, D2_425, _1137);
qwen36.c:1032:57: missed: statement clobbers memory: qdw_register_with_flags (_86, D2_425, _85, 0);
qwen36.c:2823:13: missed: statement clobbers memory: qdw_register_with_flags (_88, D2_425, _87, _1068);
qwen36.c:2824:13: missed: statement clobbers memory: qdw_register_with_flags (_90, D2_425, _89, _1068);
qwen36.c:2825:13: missed: statement clobbers memory: qdw_register_with_flags (_92, _91, D2_425, _1068);
qwen36.c:2826:13: missed: statement clobbers memory: qdw_register_with_flags (_94, D2_425, _93, 1);
qwen36.c:2827:13: missed: statement clobbers memory: qdw_register_with_flags (_98, D2_425, _97, 1);
qwen36.c:2828:13: missed: statement clobbers memory: qdw_register_with_flags (_102, _101, D2_425, 1);
qwen36.c:2831:33: missed: statement clobbers memory: _104 = lmhead_cpuorder_on ();
qwen36.c:2830:9: missed: statement clobbers memory: qdw_register_with_flags (_106, D2_425, _105, _1539);
qwen36.c:2836:14: missed: statement clobbers memory: _107 = getenv ("COLI_KEEP_F32");
qwen36.c:701:48: missed: statement clobbers memory: clock_gettime (1, &t);
/usr/include/x86_64-linux-gnu/bits/stdio2.h:79:10: missed: statement clobbers memory: __fprintf_chk (stderr.45_119, 2, "[dense-i8] %d matrices quantized in %.1f s, %.1f GB f32 freed\n", g_qdw_n.44_118, _117, _116);
qwen36.c:2849:9: missed: statement clobbers memory: _126 = qt_init (_125, _124, _123, _122, iftmp.5_811, _121, _120);
/usr/include/x86_64-linux-gnu/bits/stdio2.h:79:10: missed: statement clobbers memory: __builtin_fwrite ("[gpu] MoE experts -> CUDA VRAM tier\n", 1, 36, stderr.46_127);
qwen36.c:2851:9: missed: statement clobbers memory: atexit (qt_shutdown);
qwen36.c:2855:27: missed: statement clobbers memory: nws_453 = getenv ("QT_NO_WARMSTART");
qwen36.c:701:48: missed: statement clobbers memory: clock_gettime (1, &t);
qwen36.c:2862:24: missed: statement clobbers memory: wpl_456 = malloc (_132);
qwen36.c:2863:24: missed: statement clobbers memory: wpe_458 = malloc (_132);
qwen36.c:2864:22: missed: statement clobbers memory: wn_460 = qt_plan_fill (wpl_456, wpe_458, cap_total_454);
qwen36.c:2869:32: missed: statement clobbers memory: planned_462 = calloc (_131, 1);
qwen36.c:2871:25: missed: statement clobbers memory: _144 = getenv ("COLI_KEEP_INT8");
qwen36.c:2729:5: missed: statement clobbers memory: __builtin_GOMP_parallel (main._omp_fn.0, &.omp_data_o.114, 0, 0);
qwen36.c:2885:13: missed: statement clobbers memory: qt_fill_wait ();
qwen36.c:2886:13: missed: statement clobbers memory: free (wpl_456);
qwen36.c:2886:24: missed: statement clobbers memory: free (wpe_458);
qwen36.c:2886:35: missed: statement clobbers memory: free (planned_462);
qwen36.c:701:48: missed: statement clobbers memory: clock_gettime (1, &t);
/usr/include/x86_64-linux-gnu/bits/stdio2.h:79:10: missed: statement clobbers memory: __fprintf_chk (stderr.48_147, 2, "[qtier] warmstart (parallel): all %d experts in RAM (int8 only for non-residents), %d in VRAM -- %.1f s\n", cap_total_454, wn_460, _146);
qwen36.c:2892:8: missed: statement clobbers memory: _148 = dn_cpuorder_on ();
qwen36.c:2892:28: missed: statement clobbers memory: _149 = lmhead_cpuorder_on ();
qwen36.c:2892:52: missed: statement clobbers memory: _150 = attn_cpuorder_on ();
qwen36.c:2892:74: missed: statement clobbers memory: _151 = shared_cpuorder_on ();
qwen36.c:1046:19: missed: statement clobbers memory: e_745 = getenv ("COLI_CUDA_DN_DEVICE");
qwen36.c:1048:16: missed: statement clobbers memory: value_747 = strtol (e_745, &end, 10);
qwen36.c:2894:13: missed: statement clobbers memory: _925 = qt_ready ();
qwen36.c:2894:13: missed: statement clobbers memory: _1065 = qt_ready ();
qwen36.c:1069:9: missed: statement clobbers memory: _753 = p40_qwen_dn_init (_1099);
qwen36.c:1081:21: missed: statement clobbers memory: _1308 = dn_cpuorder_on ();
qwen36.c:1071:35: missed: statement clobbers memory: _756 = qdw_cpuorder_requested (_755);
qwen36.c:1072:13: missed: statement clobbers memory: _762 = p40_qwen_dn_upload (_761, _760, _759, _758, _757);
qwen36.c:1081:21: missed: statement clobbers memory: _779 = dn_cpuorder_on ();
qwen36.c:1082:25: missed: statement clobbers memory: _782 = lmhead_cpuorder_on ();
qwen36.c:1083:23: missed: statement clobbers memory: _786 = attn_cpuorder_on ();
qwen36.c:1084:25: missed: statement clobbers memory: _789 = shared_cpuorder_on ();
qwen36.c:2898:16: missed: statement clobbers memory: _156 = dn_cpuorder_on ();
qwen36.c:2898:36: missed: statement clobbers memory: _157 = lmhead_cpuorder_on ();
qwen36.c:2898:60: missed: statement clobbers memory: _158 = attn_cpuorder_on ();
qwen36.c:2898:82: missed: statement clobbers memory: _159 = shared_cpuorder_on ();
qwen36.c:2900:21: missed: statement clobbers memory: _161 = dn_cpuorder_on ();
qwen36.c:2900:41: missed: statement clobbers memory: _162 = lmhead_cpuorder_on ();
qwen36.c:2900:65: missed: statement clobbers memory: _163 = attn_cpuorder_on ();
qwen36.c:2902:21: missed: statement clobbers memory: _165 = dn_cpuorder_on ();
qwen36.c:2902:41: missed: statement clobbers memory: _166 = lmhead_cpuorder_on ();
qwen36.c:2904:21: missed: statement clobbers memory: _168 = attn_cpuorder_on ();
qwen36.c:2906:21: missed: statement clobbers memory: _170 = dn_cpuorder_on ();
/usr/include/x86_64-linux-gnu/bits/stdio2.h:79:10: missed: statement clobbers memory: __fprintf_chk (stderr.56_172, 2, "[dn-cpuorder] exact Q8 cache active: LM head on GPU %d\n", _1099);
/usr/include/x86_64-linux-gnu/bits/stdio2.h:79:10: missed: statement clobbers memory: __fprintf_chk (stderr.55_171, 2, "[dn-cpuorder] exact Q8 cache active: 90 DeltaNet matrices on GPU %d\n", _1099);
/usr/include/x86_64-linux-gnu/bits/stdio2.h:79:10: missed: statement clobbers memory: __fprintf_chk (stderr.54_169, 2, "[dn-cpuorder] exact Q8 cache active: 40 attention Q/K/V/O matrices on GPU %d\n", _1099);
/usr/include/x86_64-linux-gnu/bits/stdio2.h:79:10: missed: statement clobbers memory: __fprintf_chk (stderr.53_167, 2, "[dn-cpuorder] exact Q8 cache active: 90 DeltaNet matrices plus LM head on GPU %d\n", _1099);
/usr/include/x86_64-linux-gnu/bits/stdio2.h:79:10: missed: statement clobbers memory: __fprintf_chk (stderr.52_164, 2, "[dn-cpuorder] exact Q8 cache active: 90 DeltaNet matrices, LM head, and 40 attention Q/K/V/O matrices on GPU %d\n", _1099);
/usr/include/x86_64-linux-gnu/bits/stdio2.h:79:10: missed: statement clobbers memory: __fprintf_chk (stderr.51_160, 2, "[dn-cpuorder] exact Q8 cache active: 90 DeltaNet matrices, LM head, 40 attention Q/K/V/O matrices, and 120 shared MLP matrices on GPU %d\n", _1099);
qwen36.c:2910:16: missed: statement clobbers memory: _173 = dn_cpuorder_on ();
qwen36.c:1044:44: missed: statement clobbers memory: e_801 = getenv ("COLI_CUDA_DN_PAIR");
qwen36.c:1044:86: missed: statement clobbers memory: _802 = strcmp (e_801, "1");
/usr/include/x86_64-linux-gnu/bits/stdio2.h:79:10: missed: statement clobbers memory: __builtin_fwrite ("[dn-cpuorder] exact Q8 QKV/Z pair issue/join active; CPU B/A overlap enabled\n", 1, 77, stderr.57_175);
qwen36.c:2912:13: missed: statement clobbers memory: atexit (qdw_dn_cpuorder_shutdown);
qwen36.c:2729:5: missed: statement clobbers memory: qdw_dn_cpuorder_shutdown.part.0 ();
/usr/include/x86_64-linux-gnu/bits/stdio2.h:79:10: missed: statement clobbers memory: __builtin_fwrite ("[dn-cpuorder] disabled: exact Q8 cache initialization failed\n", 1, 61, stderr.50_155);
/usr/include/x86_64-linux-gnu/bits/stdio2.h:79:10: missed: statement clobbers memory: __builtin_fwrite ("[dn-cpuorder] disabled: CUDA expert tier is unavailable\n", 1, 56, stderr.49_153);
qwen36.c:2920:9: missed: statement clobbers memory: _176 = getenv ("SERVE");
qwen36.c:2920:43: missed: statement clobbers memory: _177 = getenv ("SERVE");
qwen36.c:2926:19: missed: statement clobbers memory: _181 = getenv ("PPL");
qwen36.c:2926:41: missed: statement clobbers memory: _182 = getenv ("PPL");
/usr/include/stdlib.h:483:16: missed: statement clobbers memory: _575 = strtol (_182, 0B, 10);
qwen36.c:2938:11: missed: statement clobbers memory: out_513 = malloc (_200);
qwen36.c:701:48: missed: statement clobbers memory: clock_gettime (1, &t);
qwen36.c:2942:30: missed: statement clobbers memory: _202 = time (0B);
qwen36.c:701:48: missed: statement clobbers memory: clock_gettime (1, &t);
/usr/include/x86_64-linux-gnu/bits/stdio2.h:54:10: missed: statement clobbers memory: __builtin___snprintf_chk (&g_oa_id, 64, 2, 64, "chatcmpl-%ld%04d", _202, _205);
qwen36.c:2946:30: missed: statement clobbers memory: _208 = getenv ("NOSTREAM");
/usr/include/x86_64-linux-gnu/bits/stdio2.h:79:10: missed: statement clobbers memory: __fprintf_chk (stderr.73_212, 2, "Generated (%d new tokens):\nText : ", n_new_270);
qwen36.c:2956:76: missed: statement clobbers memory: fflush (stderr.74_213);
/usr/include/x86_64-linux-gnu/bits/stdio2.h:54:10: missed: statement clobbers memory: __builtin___snprintf_chk (&jb, 320, 2, 320, "{\"id\":\"%s\",\"object\":\"chat.completion.chunk\",\"created\":%ld,\"model\":\"%s\",\"choices\":[{\"index\":0,\"delta\":{\"role\":\"assistant\"},\"finish_reason\":null}]}", &g_oa_id, g_oa_created.72_211, g_model.71_210);
qwen36.c:2954:13: missed: statement clobbers memory: sse_chunk (&jb);
qwen36.c:701:48: missed: statement clobbers memory: clock_gettime (1, &t);
qwen36.c:2521:5: missed: statement clobbers memory: reset_recurrent.constprop ();
qwen36.c:2522:5: missed: statement clobbers memory: ensure_kv.constprop ();
qwen36.c:2524:41: missed: statement clobbers memory: __builtin_memcpy (out_513, prompt.76_214, _1720);
qwen36.c:2525:20: missed: statement clobbers memory: logit_1106 = step.constprop (prompt.76_214, pretmp_1781);
qwen36.c:701:48: missed: statement clobbers memory: clock_gettime (1, &t);
qwen36.c:516:5: missed: statement clobbers memory: decode_id_to_bytes.constprop (best_1598, &tmp, &tn);
qwen36.c:517:5: missed: statement clobbers memory: out_bytes (&g_sbuf, &g_sbn, &tmp, tn.664_1180);
qwen36.c:518:5: missed: statement clobbers memory: fflush (stdout.665_1181);
/usr/include/x86_64-linux-gnu/bits/stdio2.h:86:10: missed: statement clobbers memory: __printf_chk (2, "%d ", best_1598);
qwen36.c:514:37: missed: statement clobbers memory: fflush (stdout.663_1179);
qwen36.c:701:48: missed: statement clobbers memory: clock_gettime (1, &t);
qwen36.c:499:9: missed: statement clobbers memory: decode_id_to_bytes.constprop (best_1598, &tmp, &tn);
qwen36.c:501:9: missed: statement clobbers memory: utf8_drain.constprop.isra (&g_sbuf, &g_sbn, &tmp, tn.657_1174, &chunk, &cn);
qwen36.c:503:29: missed: statement clobbers memory: json_escape.isra (&chunk, cn.658_1175, &esc, 1024);
/usr/include/x86_64-linux-gnu/bits/stdio2.h:54:10: missed: statement clobbers memory: __builtin___snprintf_chk (&jb, 2048, 2, 2048, "{\"id\":\"%s\",\"object\":\"chat.completion.chunk\",\"created\":%ld,\"model\":\"%s\",\"choices\":[{\"index\":0,\"delta\":{\"content\":\"%s\"},\"finish_reason\":null}]}", &g_oa_id, g_oa_created.661_1177, g_model.660_1176, &esc);
qwen36.c:509:13: missed: statement clobbers memory: sse_chunk (&jb);
/usr/include/x86_64-linux-gnu/bits/stdio2.h:54:10: missed: statement clobbers memory: __builtin___snprintf_chk (&jb, 512, 2, 512, "{\"id\":\"%s\",\"object\":\"chat.completion.chunk\",\"created\":%ld,\"model\":\"%s\",\"choices\":[{\"index\":0,\"delta\":{\"content\":\"%d\"},\"finish_reason\":null}]}", &g_oa_id, g_oa_created.656_1173, g_model.655_1172, best_1598);
qwen36.c:496:13: missed: statement clobbers memory: sse_chunk (&jb);
qwen36.c:2531:45: missed: statement clobbers memory: fflush (stdout.645_1129);
qwen36.c:2539:9: missed: statement clobbers memory: free (logit_1592);
qwen36.c:713:55: missed: statement clobbers memory: e_1183 = getenv ("COLI_TIMERS");
qwen36.c:2541:58: missed: statement clobbers memory: iftmp.649_1149 = tm_now ();
qwen36.c:2542:19: missed: statement clobbers memory: logit_1150 = step.constprop (&one, len_1596);
qwen36.c:713:55: missed: statement clobbers memory: e_1188 = getenv ("COLI_TIMERS");
qwen36.c:2543:37: missed: statement clobbers memory: _1152 = tm_now ();
qwen36.c:2533:17: missed: statement clobbers memory: _1131 = getenv ("DUMP");
qwen36.c:2534:32: missed: statement clobbers memory: _1135 = malloc (_1134);
/usr/include/x86_64-linux-gnu/bits/string_fortified.h:29:10: missed: statement clobbers memory: __builtin___memcpy_chk (_1135, logit_1142, _1134, _1134);
qwen36.c:2537:13: missed: statement clobbers memory: free (logit_1142);
qwen36.c:701:48: missed: statement clobbers memory: clock_gettime (1, &t);
qwen36.c:2966:26: missed: statement clobbers memory: dp_527 = getenv ("DUMP");
qwen36.c:2967:20: missed: statement clobbers memory: df_529 = fopen ("qwen36_logits.f32", "wb");
qwen36.c:2968:19: missed: statement clobbers memory: fwrite (g_last_logit.79_219, 4, _218, df_529);
qwen36.c:2968:79: missed: statement clobbers memory: fclose (df_529);
qwen36.c:2967:20: missed: statement clobbers memory: df_1107 = fopen (dp_527, "wb");
/usr/include/x86_64-linux-gnu/bits/stdio2.h:79:10: missed: statement clobbers memory: __fprintf_chk (stderr.83_223, 2, "[dump] cannot open %s\n", iftmp.82_299);
qwen36.c:2968:19: missed: statement clobbers memory: fwrite (g_last_logit.79_503, 4, _281, df_1107);
qwen36.c:2968:79: missed: statement clobbers memory: fclose (df_1107);
/usr/include/x86_64-linux-gnu/bits/stdio2.h:79:10: missed: statement clobbers memory: __fprintf_chk (stderr.81_222, 2, "[dump] wrote %d logits -> %s\n", _221, iftmp.80_298);
/usr/include/x86_64-linux-gnu/bits/stdio2.h:79:10: missed: statement clobbers memory: __fprintf_chk (stderr.94_240, 2, "\nGenerated (%d new tokens):\n", n_new_270);
/usr/include/x86_64-linux-gnu/bits/stdio2.h:79:10: missed: statement clobbers memory: __builtin_fwrite ("Ids       : ", 1, 12, stderr.100_244);
/usr/include/x86_64-linux-gnu/bits/stdio2.h:79:10: missed: statement clobbers memory: __builtin_fputc (10, pretmp_1466);
/usr/include/x86_64-linux-gnu/bits/stdio2.h:79:10: missed: statement clobbers memory: __fprintf_chk (pretmp_1773, 2, "%d ", _248);
/usr/include/x86_64-linux-gnu/bits/stdio2.h:79:10: missed: statement clobbers memory: __builtin_fwrite ("Text      : ", 1, 12, stderr.96_242);
qwen36.c:2988:55: missed: statement clobbers memory: print_decoded (out_513, pretmp_1781, _198);
/usr/include/x86_64-linux-gnu/bits/stdio2.h:79:10: missed: statement clobbers memory: __builtin_fputc (10, stderr.99_243);
qwen36.c:520:45: missed: statement clobbers memory: fwrite (&g_sbuf, 1, _1194, stdout.719_1193);
/usr/include/x86_64-linux-gnu/bits/stdio2.h:79:10: missed: statement clobbers memory: __builtin_fputc (10, stderr.93_239);
qwen36.c:2983:9: missed: statement clobbers memory: emit_openai_result (out_513, pretmp_1781, n_new_270, pretmp_1774);
/usr/include/x86_64-linux-gnu/bits/stdio2.h:86:10: missed: statement clobbers memory: __printf_chk (2, "\nReference: ");
/usr/include/x86_64-linux-gnu/bits/stdio2.h:86:10: missed: statement clobbers memory: __printf_chk (2, "\nC engine : ");
/usr/include/x86_64-linux-gnu/bits/stdio2.h:86:10: missed: statement clobbers memory: __printf_chk (2, "%d ", _227);
/usr/include/x86_64-linux-gnu/bits/stdio2.h:86:10: missed: statement clobbers memory: __printf_chk (2, "\nC engine : ");
/usr/include/x86_64-linux-gnu/bits/stdio2.h:86:10: missed: statement clobbers memory: __printf_chk (2, "%d ", _232);
/usr/include/x86_64-linux-gnu/bits/stdio2.h:86:10: missed: statement clobbers memory: __printf_chk (2, "Text      : ");
qwen36.c:2978:46: missed: statement clobbers memory: print_decoded (out_513, pretmp_1781, nfull.84_1333);
/usr/include/x86_64-linux-gnu/bits/stdio2.h:86:10: missed: statement clobbers memory: __builtin_putchar (10);
/usr/include/x86_64-linux-gnu/bits/stdio2.h:86:10: missed: statement clobbers memory: __printf_chk (2, "\nMatching tokens: %d/%d\n", match_564, n_new_270);
/usr/include/x86_64-linux-gnu/bits/stdio2.h:79:10: missed: statement clobbers memory: __fprintf_chk (stderr.106_255, 2, "TTFT: %.2f s (time to first token)\n", g_ttft.104_254);
qwen36.c:713:55: missed: statement clobbers memory: e_1268 = getenv ("COLI_TIMERS");
/usr/include/x86_64-linux-gnu/bits/stdio2.h:79:10: missed: statement clobbers memory: __fprintf_chk (stderr.726_1197, 2, "[timers] decode: %ld tokens  (shared/router are subsets of moe_total)\n", g_tm_dec_tokens.725_1196);
/usr/include/x86_64-linux-gnu/bits/stdio2.h:79:10: missed: statement clobbers memory: __fprintf_chk (stderr.730_1205, 2, "[timers]   %-10s %9.1f ms  %8.2f ms/token\n", _1204, pretmp_1772, iftmp.727_1206);
/usr/include/x86_64-linux-gnu/bits/stdio2.h:79:10: missed: statement clobbers memory: __fprintf_chk (stderr.735_1217, 2, "[timers]   %-10s %9.1f ms  %8.2f ms/token\n", "TOTAL", sum_436, iftmp.732_1218);
/usr/include/x86_64-linux-gnu/bits/stdio2.h:79:10: missed: statement clobbers memory: __fprintf_chk (stderr.741_1232, 2, "[timers]   step() total: %.1f ms/token (outside the phases: %.1f)\n", _1231, _1230);
/usr/include/x86_64-linux-gnu/bits/stdio2.h:79:10: missed: statement clobbers memory: __fprintf_chk (pretmp_1771, 2, "[timers]   dn-sub: proj %.1f | conv %.1f | l2n+rec %.1f | norm+out %.1f ms/token\n", _1245, _1244, _1243, _1242);
/usr/include/x86_64-linux-gnu/bits/stdio2.h:79:10: missed: statement clobbers memory: __fprintf_chk (pretmp_1770, 2, "[timers]   qtier: issue %.2f | cpu-miss %.2f | take %.2f ms/token\n", _1256, _1255, _1254);
/usr/include/x86_64-linux-gnu/bits/stdio2.h:79:10: missed: statement clobbers memory: __fprintf_chk (stderr.758_1265, 2, "[timers] prefill: %ld tokens  dn=%.0f attn=%.0f moe=%.0f(sh=%.0f rt=%.0f) head=%.0f ms\n", g_tm_pre_tokens.757_1264, _1263, _1262, _1261, _1260, _1259, _1258);
qwen36.c:2995:5: missed: statement clobbers memory: qt_stats ();
qwen36.c:705:47: missed: statement clobbers memory: getrusage (0, &r);
/usr/include/x86_64-linux-gnu/bits/stdio2.h:79:10: missed: statement clobbers memory: __fprintf_chk (stderr.107_256, 2, "\nPEAK RSS: %.2f GB\n", _645);
/usr/include/x86_64-linux-gnu/bits/stdio2.h:79:10: missed: statement clobbers memory: __fprintf_chk (stderr.109_261, 2, "Expert cache hit rate: %.1f%% (hit=%llu miss=%llu)\n", iftmp.108_300, _258, _257);
/usr/include/x86_64-linux-gnu/bits/stdio2.h:79:10: missed: statement clobbers memory: __fprintf_chk (stderr.110_264, 2, "Speed: %.2f tok/s (%.1fs for %d tokens)\n", _263, dt_525, n_new_270);
qwen36.c:3000:5: missed: statement clobbers memory: free (buf_271);
qwen36.c:3000:16: missed: statement clobbers memory: free (arena.111_265);
/usr/include/x86_64-linux-gnu/bits/stdio2.h:79:10: missed: statement clobbers memory: __fprintf_chk (stderr.641_1098, 2, "[ctx] prompt %d + %d new exceeds the %d-token ceiling\n", pretmp_1781, n_new_270, 262144);
qwen36.c:2518:9: missed: statement clobbers memory: exit (1);
qwen36.c:701:48: missed: statement clobbers memory: clock_gettime (1, &t);
qwen36.c:2555:5: missed: statement clobbers memory: reset_recurrent.constprop ();
qwen36.c:2556:5: missed: statement clobbers memory: ensure_kv.constprop ();
qwen36.c:2559:20: missed: statement clobbers memory: logit_1044 = step.constprop (full_268, pretmp_1781);
qwen36.c:2562:63: missed: statement clobbers memory: _1064 = exp (_1063);
qwen36.c:2563:48: missed: statement clobbers memory: _1082 = log (Z_1590);
qwen36.c:2565:9: missed: statement clobbers memory: free (logit_1045);
qwen36.c:2567:17: missed: statement clobbers memory: logit_1089 = step.constprop (_1072, i_1069);
qwen36.c:2569:16: missed: statement clobbers memory: free (logit_1091);
qwen36.c:701:48: missed: statement clobbers memory: clock_gettime (1, &t);
qwen36.c:2931:9: missed: statement clobbers memory: _189 = exp (_1095);
/usr/include/x86_64-linux-gnu/bits/stdio2.h:86:10: missed: statement clobbers memory: __printf_chk (2, "TF-NLL: %.4f nats/token over %d tokens | ppl = %.2f\n", _1095, scored_1092, _189);
/usr/include/x86_64-linux-gnu/bits/stdio2.h:86:10: missed: statement clobbers memory: __printf_chk (2, "Expert cache hit rate: %.1f%% (hit=%llu miss=%llu)\n", iftmp.64_296, _191, _190);
qwen36.c:705:47: missed: statement clobbers memory: getrusage (0, &r);
/usr/include/x86_64-linux-gnu/bits/stdio2.h:86:10: missed: statement clobbers memory: __printf_chk (2, "Speed: %.2f tok/s (%.1fs for %d tokens) | PEAK RSS: %.2f GB\n", _195, dt_505, scored_1092, _618);
qwen36.c:2935:9: missed: statement clobbers memory: free (buf_271);
qwen36.c:2935:20: missed: statement clobbers memory: free (arena.65_196);
/usr/include/x86_64-linux-gnu/bits/stdio2.h:79:10: missed: statement clobbers memory: __fprintf_chk (stderr.628_1043, 2, "[ctx] %d tokens exceed the %d-token ceiling\n", nfull.61_184, 262144);
qwen36.c:2552:9: missed: statement clobbers memory: exit (1);
qwen36.c:2717:5: missed: statement clobbers memory: setvbuf (stdin.427_804, 0B, 2, 0);
qwen36.c:2718:5: missed: statement clobbers memory: __builtin_fwrite ("\x01\x01READY\x01\x01\n", 1, 10, stdout.428_805);
qwen36.c:705:47: missed: statement clobbers memory: getrusage (0, &r);
/usr/include/x86_64-linux-gnu/bits/stdio2.h:86:10: missed: statement clobbers memory: __printf_chk (2, "STAT 0 0.00 0.0 %.2f\n", _808);
qwen36.c:2720:5: missed: statement clobbers memory: fflush (stdout.429_809);
/usr/include/x86_64-linux-gnu/bits/stdio2.h:200:12: missed: statement clobbers memory: _814 = __fgets_alias (&line, 512, stdin.430_813);
qwen36.c:2606:8: missed: statement clobbers memory: _815 = sscanf (&line, "%15s %63s", &cmd, &id);
qwen36.c:2607:9: missed: statement clobbers memory: _816 = strcmp (&cmd, "CANCEL");
qwen36.c:2607:32: missed: statement clobbers memory: _817 = strcmp (&cmd, "STOP");
qwen36.c:2608:8: missed: statement clobbers memory: _818 = strcmp (&cmd, "SUBMIT");
qwen36.c:2610:8: missed: statement clobbers memory: _819 = sscanf (&line, "%*s %*s %d %d %d %f %f", &slot, &plen, &max_tok, &temp, &top_p);
qwen36.c:2615:19: missed: statement clobbers memory: payload_825 = malloc (_824);
/usr/include/x86_64-linux-gnu/bits/stdio2.h:212:12: missed: statement clobbers memory: _833 = __fread_alias (payload_1284, 1, _1350, stdin.437_827);
qwen36.c:2618:11: missed: statement clobbers memory: fgetc (stdin.440_839);
/usr/include/x86_64-linux-gnu/bits/stdio2.h:54:10: missed: statement clobbers memory: __builtin_snprintf (&q.id, 64, "%s", &id);
qwen36.c:2669:5: missed: statement clobbers memory: encode_text (payload_1284, &ids, &np);
qwen36.c:51:21: missed: statement clobbers memory: e_928 = getenv ("Q36_MAXT");
/usr/include/stdlib.h:483:16: missed: statement clobbers memory: _930 = strtol (e_928, 0B, 10);
/usr/include/x86_64-linux-gnu/bits/stdio2.h:86:10: missed: statement clobbers memory: __printf_chk (2, "ACCEPT %s %d\n", &q.id, np.446_853);
qwen36.c:2675:40: missed: statement clobbers memory: fflush (stdout.452_861);
qwen36.c:2677:5: missed: statement clobbers memory: reset_recurrent.constprop ();
qwen36.c:2677:25: missed: statement clobbers memory: ensure_kv.constprop ();
/usr/include/x86_64-linux-gnu/bits/string_fortified.h:59:10: missed: statement clobbers memory: __builtin_memset (_864, 0, _869);
/usr/include/x86_64-linux-gnu/bits/string_fortified.h:59:10: missed: statement clobbers memory: __builtin_memset (_871, 0, _877);
qwen36.c:2687:17: missed: statement clobbers memory: lo_880 = step.constprop (ids.455_879, np.446_853);
qwen36.c:2659:8: missed: statement clobbers memory: _934 = getenv ("Q36_EOS");
qwen36.c:2661:13: missed: statement clobbers memory: _944 = strcmp (_943, "<|im_end|>");
qwen36.c:2661:48: missed: statement clobbers memory: _945 = strcmp (_943, "<|endoftext|>");
qwen36.c:2659:42: missed: statement clobbers memory: _935 = getenv ("Q36_EOS");
/usr/include/stdlib.h:483:16: missed: statement clobbers memory: _936 = strtol (_935, 0B, 10);
qwen36.c:701:48: missed: statement clobbers memory: clock_gettime (1, &t);
qwen36.c:2639:22: missed: statement clobbers memory: rank_974 = malloc (_973);
qwen36.c:2643:35: missed: statement clobbers memory: p_992 = expf (_991);
qwen36.c:2644:5: missed: statement clobbers memory: qsort (rank_974, _972, 8, sample_prob_desc);
qwen36.c:2647:23: missed: statement clobbers memory: rand ();
qwen36.c:2647:23: missed: statement clobbers memory: _1012 = rand ();
qwen36.c:2649:5: missed: statement clobbers memory: free (rank_974);
/usr/include/x86_64-linux-gnu/bits/stdio2.h:79:10: missed: statement clobbers memory: __builtin_fwrite ("OOM sampling\n", 1, 13, stderr.476_976);
qwen36.c:2640:50: missed: statement clobbers memory: exit (1);
qwen36.c:2694:9: missed: statement clobbers memory: free (lo_891);
qwen36.c:2697:43: missed: statement clobbers memory: decode_id_to_bytes.constprop (_1030, &tmp, &tn);
qwen36.c:2698:45: missed: statement clobbers memory: utf8_drain.constprop.isra (&sbuf, &sbn, &tmp, tn.458_897, &chunk, &cn);
/usr/include/x86_64-linux-gnu/bits/stdio2.h:86:10: missed: statement clobbers memory: __printf_chk (2, "DATA %s %d\n", &q.id, cn.459_898);
qwen36.c:2628:5: missed: statement clobbers memory: fwrite (&chunk, 1, _1036, stdout.625_1035);
qwen36.c:2628:35: missed: statement clobbers memory: fputc (10, stdout.626_1037);
qwen36.c:2628:55: missed: statement clobbers memory: fflush (stdout.627_1038);
qwen36.c:2705:14: missed: statement clobbers memory: lo_904 = step.constprop (&tk, _903);
/usr/include/x86_64-linux-gnu/bits/stdio2.h:86:10: missed: statement clobbers memory: __printf_chk (2, "DATA %s %d\n", &q.id, sbn.462_906);
qwen36.c:2628:5: missed: statement clobbers memory: fwrite (&sbuf, 1, _1040, stdout.625_1039);
qwen36.c:2628:35: missed: statement clobbers memory: fputc (10, stdout.626_1041);
qwen36.c:2628:55: missed: statement clobbers memory: fflush (stdout.627_1042);
qwen36.c:2708:5: missed: statement clobbers memory: free (lo_907);
qwen36.c:2708:15: missed: statement clobbers memory: free (ids.455_879);
qwen36.c:701:48: missed: statement clobbers memory: clock_gettime (1, &t);
qwen36.c:705:47: missed: statement clobbers memory: getrusage (0, &r);
/usr/include/x86_64-linux-gnu/bits/stdio2.h:86:10: missed: statement clobbers memory: __printf_chk (2, "DONE %s STAT %d %.3f %.1f %.2f %d %d\n", &q.id, gen_918, iftmp.466_921, 0.0, _917, np.446_853, limited_922);
qwen36.c:2712:5: missed: statement clobbers memory: fflush (stdout.467_923);
/usr/include/x86_64-linux-gnu/bits/stdio2.h:86:10: missed: statement clobbers memory: __printf_chk (2, "ERROR %s CONTEXT_EXCEEDED prompt_tokens=%d requested=%d capacity=%d\n", &q.id, np.446_853, pretmp_1768, _933);
qwen36.c:2673:9: missed: statement clobbers memory: fflush (stdout.449_858);
qwen36.c:2673:25: missed: statement clobbers memory: free (ids.450_859);
qwen36.c:2725:36: missed: statement clobbers memory: free (_812);
qwen36.c:2617:60: missed: statement clobbers memory: free (payload_154);
/usr/include/x86_64-linux-gnu/bits/stdio2.h:86:10: missed: statement clobbers memory: __printf_chk (2, "ERROR %s out of memory\n", &id);
qwen36.c:2616:58: missed: statement clobbers memory: fflush (stdout.436_826);
/usr/include/x86_64-linux-gnu/bits/stdio2.h:86:10: missed: statement clobbers memory: __printf_chk (2, "ERROR %s bad submit header\n", &id);
qwen36.c:2612:52: missed: statement clobbers memory: fflush (stdout.434_822);
/usr/include/x86_64-linux-gnu/bits/stdio2.h:79:10: missed: statement clobbers memory: __builtin_fwrite ("[serve] tokenizer.json required (put in SNAP or set TOK)\n", 1, 57, stderr.59_180);
qwen36.c:2839:17: missed: statement clobbers memory: free (_114);
/usr/include/x86_64-linux-gnu/bits/stdio2.h:79:10: missed: statement clobbers memory: __fprintf_chk (stderr.9_15, 2, "quant_bits must be 2..8 (got %d)\n", iftmp.6_366);
/usr/include/x86_64-linux-gnu/bits/stdio2.h:79:10: missed: statement clobbers memory: __fprintf_chk (stderr.7_12, 2, "cache/layer must be >= 1 (got %d)\n", iftmp.5_364);
/usr/include/x86_64-linux-gnu/bits/stdio2.h:79:10: missed: statement clobbers memory: __fprintf_chk (stderr.165_739, 2, "colibri: this is the %s engine, and it was started without a model.\nThe engine is not the program you run directly -- the launcher is:\n\n    %s chat  --model <model directory>    interactive chat\n    %s serve --model <model directory>    OpenAI-compatible API\n    %s web   --model <model directory>    API plus the dashboard\n    %s doctor --model <model directory>   check a model is usable\n\nThe launcher needs Python 3 and picks the right engine for the model.\nGetting a model, step by step: https://github.com/JustVugg/colibri/blob/main/docs/quickstart.md\n", "Qwen3.6", "./coli", "./coli", "./coli", "./coli");
qwen36.c:2620:32: note: ***** Analysis succeeded with vector mode V8SI
qwen36.c:2620:32: note: SLPing BB part
qwen36.c:2872:21: note: Costing subgraph: 
qwen36.c:2872:21: note: node 0x3aee4ec8 (max_nunits=2, refcnt=1) vector(2) int
qwen36.c:2872:21: note: op template: .omp_data_o.114.cap_total = cap_total_454;
qwen36.c:2872:21: note: 	stmt 0 .omp_data_o.114.cap_total = cap_total_454;
qwen36.c:2872:21: note: 	stmt 1 .omp_data_o.114.keep8 = keep8_464;
qwen36.c:2872:21: note: 	children 0x3aee4fc8
qwen36.c:2872:21: note: node (external) 0x3aee4fc8 (max_nunits=1, refcnt=1) vector(2) int
qwen36.c:2872:21: note: 	{ cap_total_454, keep8_464 }
qwen36.c:2872:21: note: Cost model analysis: 
qwen36.c:2872:21: note: Cost model analysis for part in loop 0:
  Vector cost: 20
  Scalar cost: 24
qwen36.c:2620:32: note: Costing subgraph: 
qwen36.c:2620:32: note: node 0x3aee5048 (max_nunits=2, refcnt=1) vector(2) float
qwen36.c:2620:32: note: op template: q.temp = temp.443_847;
qwen36.c:2620:32: note: 	stmt 0 q.temp = temp.443_847;
qwen36.c:2620:32: note: 	stmt 1 q.top_p = top_p.444_848;
qwen36.c:2620:32: note: 	children 0x3aee5148
qwen36.c:2620:32: note: node (external) 0x3aee5148 (max_nunits=1, refcnt=1) vector(2) float
qwen36.c:2620:32: note: 	{ temp.443_847, top_p.444_848 }
qwen36.c:2620:32: note: Cost model analysis: 
qwen36.c:2620:32: note: Cost model analysis for part in loop 11:
  Vector cost: 16
  Scalar cost: 24
qwen36.c:2620:32: note: Basic block will be vectorized using SLP
qwen36.c:2620:32: note: Vectorizing SLP tree:
qwen36.c:2620:32: note: node 0x3aee4ec8 (max_nunits=2, refcnt=1) vector(2) int
qwen36.c:2620:32: note: op template: .omp_data_o.114.cap_total = cap_total_454;
qwen36.c:2620:32: note: 	stmt 0 .omp_data_o.114.cap_total = cap_total_454;
qwen36.c:2620:32: note: 	stmt 1 .omp_data_o.114.keep8 = keep8_464;
qwen36.c:2620:32: note: 	children 0x3aee4fc8
qwen36.c:2620:32: note: node (external) 0x3aee4fc8 (max_nunits=1, refcnt=1) vector(2) int
qwen36.c:2620:32: note: 	{ cap_total_454, keep8_464 }
qwen36.c:2620:32: note: ------>vectorizing SLP node starting from: .omp_data_o.114.cap_total = cap_total_454;
qwen36.c:2620:32: note: vect_is_simple_use: operand (int) _145, type of def: internal
qwen36.c:2620:32: note: transform store. ncopies = 1
qwen36.c:2620:32: note: create vector_type-pointer variable to type: vector(2) int  vectorizing a pointer ref: .omp_data_o.114.cap_total
qwen36.c:2620:32: note: created &.omp_data_o.114.cap_total
qwen36.c:2620:32: note: add new stmt: MEM <vector(2) int> [(int *)&.omp_data_o.114 + 8B] = _1638;
qwen36.c:2620:32: note: vectorizing stmts using SLP.
qwen36.c:2620:32: optimized: basic block part vectorized using 32 byte vectors
qwen36.c:2620:32: note: Vectorizing SLP tree:
qwen36.c:2620:32: note: node 0x3aee5048 (max_nunits=2, refcnt=1) vector(2) float
qwen36.c:2620:32: note: op template: q.temp = temp.443_847;
qwen36.c:2620:32: note: 	stmt 0 q.temp = temp.443_847;
qwen36.c:2620:32: note: 	stmt 1 q.top_p = top_p.444_848;
qwen36.c:2620:32: note: 	children 0x3aee5148
qwen36.c:2620:32: note: node (external) 0x3aee5148 (max_nunits=1, refcnt=1) vector(2) float
qwen36.c:2620:32: note: 	{ temp.443_847, top_p.444_848 }
qwen36.c:2620:32: note: ------>vectorizing SLP node starting from: q.temp = temp.443_847;
qwen36.c:2620:32: note: vect_is_simple_use: operand top_p, type of def: internal
qwen36.c:2620:32: note: transform store. ncopies = 1
qwen36.c:2620:32: note: create vector_type-pointer variable to type: vector(2) float  vectorizing a pointer ref: q.temp
qwen36.c:2620:32: note: created &q.temp
qwen36.c:2620:32: note: add new stmt: MEM <vector(2) float> [(float *)&q + 68B] = _1636;
qwen36.c:2620:32: note: vectorizing stmts using SLP.
qwen36.c:2620:32: optimized: basic block part vectorized using 32 byte vectors
qwen36.c:2620:32: note: ***** The result for vector mode V32QI would be the same
